cart_id,customer_id,total_price
1,1,3000
2,2,1000
3,3,1000
4,4,3000
5,5,3000
6,6,3000
7,7,2000
8,8,500
9,9,3000
10,10,1000
11,11,500
12,12,2000
13,13,3000
14,14,2000
15,15,3000
16,16,500
17,17,1500
18,18,500
19,19,3000
20,20,2000
21,21,3000
22,22,2500
23,23,500
24,24,2500
25,25,1500
26,26,1000
27,27,2500
28,28,2500
29,29,2000
30,30,1000
31,31,1500
32,32,2500
33,33,1500
34,34,2500
35,35,2000
36,36,1500
37,37,1500
38,38,500
39,39,2000
40,40,2500
41,41,3000
42,42,2000
43,43,2500
44,44,2000
45,45,3000
46,46,3000
47,47,3000
48,48,500
49,49,2000
50,50,1500
51,51,3000
52,52,3000
53,53,500
54,54,1000
55,55,1000
56,56,500
57,57,1000
58,58,3000
59,59,1500
60,60,500
61,61,3000
62,62,1500
63,63,1000
64,64,3000
65,65,500
66,66,500
67,67,3000
68,68,3000
69,69,2500
70,70,1000
71,71,1500
72,72,3000
73,73,3000
74,74,2000
75,75,3000
76,76,2000
77,77,1500
78,78,3000
79,79,3000
80,80,3000
81,81,1500
82,82,1500
83,83,500
84,84,3000
85,85,3000
86,86,2500
87,87,3000
88,88,2000
89,89,1500
90,90,1000
91,91,500
92,92,1000
93,93,2500
94,94,2000
95,95,1000
96,96,3000
97,97,1000
98,98,1500
99,99,2500
100,100,1500
101,101,1000
102,102,500
103,103,3000
104,104,1000
105,105,500
106,106,500
107,107,3000
108,108,2500
109,109,1000
110,110,1500
111,111,2500
112,112,3000
113,113,3000
114,114,500
115,115,1500
116,116,2000
117,117,3000
118,118,500
119,119,3000
120,120,1500
121,121,1500
122,122,1500
123,123,2000
124,124,3000
125,125,1500
126,126,1500
127,127,1500
128,128,2000
129,129,3000
130,130,1500
131,131,1500
132,132,1000
133,133,1500
134,134,500
135,135,3000
136,136,3000
137,137,3000
138,138,1000
139,139,2000
140,140,500
141,141,1500
142,142,500
143,143,1500
144,144,3000
145,145,500
146,146,500
147,147,500
148,148,2000
149,149,3000
150,150,2500
151,151,3000
152,152,2500
153,153,1500
154,154,500
155,155,3000
156,156,3000
157,157,1500
158,158,2500
159,159,1500
160,160,500
161,161,3000
162,162,500
163,163,500
164,164,3000
165,165,1500
166,166,500
167,167,2000
168,168,500
169,169,3000
170,170,1500
171,171,2000
172,172,2000
173,173,1500
174,174,500
175,175,3000
176,176,1000
177,177,1500
178,178,3000
179,179,3000
180,180,3000
181,181,1000
182,182,3000
183,183,3000
184,184,3000
185,185,3000
186,186,2500
187,187,1000
188,188,1500
189,189,1500
190,190,1500
191,191,3000
192,192,1500
193,193,1000
194,194,1000
195,195,1500
196,196,2000
197,197,2000
198,198,500
199,199,1000
200,200,1000
201,201,1500
202,202,3000
203,203,1000
204,204,500
205,205,3000
206,206,3000
207,207,500
208,208,3000
209,209,1500
210,210,2500
211,211,3000
212,212,2500
213,213,2500
214,214,1500
215,215,2500
216,216,1500
217,217,1500
218,218,3000
219,219,1500
220,220,1500
221,221,1500
222,222,1000
223,223,500
224,224,2000
225,225,2000
226,226,2500
227,227,3000
228,228,2000
229,229,500
230,230,1000
231,231,1500
232,232,1500
233,233,2000
234,234,1000
235,235,500
236,236,3000
237,237,500
238,238,3000
239,239,1000
240,240,3000
241,241,2000
242,242,2500
243,243,3000
244,244,1500
245,245,1000
246,246,3000
247,247,2000
248,248,2500
249,249,1500
250,250,1500
251,251,2000
252,252,2000
253,253,3000
254,254,1500
255,255,2000
256,256,3000
257,257,2000
258,258,3000
259,259,3000
260,260,2000
261,261,3000
262,262,1500
263,263,500
264,264,1000
265,265,3000
266,266,1000
267,267,3000
268,268,2500
269,269,2500
270,270,1500
271,271,2500
272,272,2500
273,273,2500
274,274,2000
275,275,3000
276,276,3000
277,277,1500
278,278,1500
279,279,2500
280,280,1500
281,281,1500
282,282,3000
283,283,500
284,284,500
285,285,2000
286,286,3000
287,287,3000
288,288,500
289,289,1000
290,290,2500
291,291,1500
292,292,3000
293,293,1500
294,294,500
295,295,2000
296,296,1000
297,297,1500
298,298,500
299,299,500
300,300,3000
301,301,2500
302,302,1500
303,303,3000
304,304,3000
305,305,1000
306,306,2000
307,307,3000
308,308,3000
309,309,2500
310,310,2000
311,311,3000
312,312,500
313,313,1500
314,314,2500
315,315,1500
316,316,2500
317,317,2000
318,318,1500
319,319,3000
320,320,2500
321,321,1000
322,322,1500
323,323,500
324,324,2000
325,325,2000
326,326,3000
327,327,3000
328,328,3000
329,329,1500
330,330,3000
331,331,500
332,332,3000
333,333,3000
334,334,3000
335,335,3000
336,336,2500
337,337,1000
338,338,1500
339,339,1000
340,340,3000
341,341,500
342,342,2000
343,343,3000
344,344,1000
345,345,1000
346,346,1500
347,347,3000
348,348,1000
349,349,500
350,350,500
351,351,1500
352,352,3000
353,353,2500
354,354,2000
355,355,3000
356,356,3000
357,357,1500
358,358,1500
359,359,2500
360,360,1000
361,361,1500
362,362,3000
363,363,3000
364,364,1500
365,365,3000
366,366,1500
367,367,2500
368,368,3000
369,369,3000
370,370,3000
371,371,1500
372,372,1000
373,373,2500
374,374,3000
375,375,1500
376,376,1000
377,377,3000
378,378,2000
379,379,2500
380,380,500
381,381,3000
382,382,500
383,383,1000
384,384,1500
385,385,1000
386,386,2000
387,387,1500
388,388,2500
389,389,1500
390,390,1000
391,391,1000
392,392,500
393,393,3000
394,394,3000
395,395,2000
396,396,1500
397,397,3000
398,398,2500
399,399,2500
400,400,500
401,401,2000
402,402,3000
403,403,1500
404,404,1500
405,405,3000
406,406,3000
407,407,3000
408,408,1500
409,409,1500
410,410,3000
411,411,3000
412,412,3000
413,413,1500
414,414,3000
415,415,2000
416,416,1500
417,417,3000
418,418,1500
419,419,500
420,420,3000
421,421,500
422,422,1500
423,423,1000
424,424,1500
425,425,2500
426,426,1500
427,427,1500
428,428,1000
429,429,500
430,430,1500
431,431,1500
432,432,2000
433,433,2000
434,434,3000
435,435,3000
436,436,3000
437,437,1000
438,438,500
439,439,3000
440,440,3000
441,441,1500
442,442,2000
443,443,2000
444,444,500
445,445,3000
446,446,500
447,447,1500
448,448,1500
449,449,2500
450,450,1500
451,451,500
452,452,500
453,453,3000
454,454,1000
455,455,1500
456,456,3000
457,457,3000
458,458,1500
459,459,1500
460,460,2500
461,461,3000
462,462,2500
463,463,1500
464,464,1500
465,465,500
466,466,1500
467,467,500
468,468,3000
469,469,1000
470,470,1000
471,471,3000
472,472,1500
473,473,1500
474,474,2000
475,475,2500
476,476,1500
477,477,3000
478,478,2000
479,479,1500
480,480,500
481,481,3000
482,482,500
483,483,3000
484,484,1500
485,485,3000
486,486,1500
487,487,2000
488,488,3000
489,489,3000
490,490,2500
491,491,3000
492,492,500
493,493,1500
494,494,1500
495,495,1500
496,496,1500
497,497,3000
498,498,1500
499,499,1500
500,500,500
501,501,2500
502,502,3000
503,503,1500
504,504,3000
505,505,3000
506,506,3000
507,507,1500
508,508,1500
509,509,2000
510,510,1500
511,511,2000
512,512,500
513,513,500
514,514,3000
515,515,3000
516,516,1000
517,517,3000
518,518,500
519,519,500
520,520,500
521,521,500
522,522,1500
523,523,3000
524,524,3000
525,525,2500
526,526,3000
527,527,3000
528,528,2000
529,529,1500
530,530,2500
531,531,1500
532,532,2000
533,533,1000
534,534,3000
535,535,1000
536,536,3000
537,537,2000
538,538,1500
539,539,2000
540,540,3000
541,541,2500
542,542,1500
543,543,3000
544,544,1500
545,545,1500
546,546,2500
547,547,500
548,548,2500
549,549,3000
550,550,1000
551,551,1000
552,552,500
553,553,1500
554,554,1000
555,555,2000
556,556,500
557,557,3000
558,558,500
559,559,2000
560,560,3000
561,561,1000
562,562,1500
563,563,1500
564,564,500
565,565,500
566,566,3000
567,567,3000
568,568,500
569,569,2500
570,570,3000
571,571,2500
572,572,3000
573,573,1000
574,574,1000
575,575,3000
576,576,3000
577,577,1500
578,578,500
579,579,2000
580,580,3000
581,581,3000
582,582,500
583,583,2500
584,584,1500
585,585,2500
586,586,3000
587,587,1500
588,588,500
589,589,3000
590,590,3000
591,591,500
592,592,2000
593,593,1000
594,594,3000
595,595,3000
596,596,3000
597,597,3000
598,598,2000
599,599,3000
600,600,1500
601,601,1500
602,602,2500
603,603,3000
604,604,1000
605,605,3000
606,606,500
607,607,1500
608,608,1500
609,609,2500
610,610,500
611,611,1500
612,612,1500
613,613,2000
614,614,1500
615,615,1500
616,616,3000
617,617,3000
618,618,2000
619,619,1000
620,620,3000
621,621,3000
622,622,500
623,623,2000
624,624,1500
625,625,1500
626,626,1500
627,627,3000
628,628,3000
629,629,1000
630,630,3000
631,631,500
632,632,2000
633,633,3000
634,634,3000
635,635,3000
636,636,3000
637,637,1500
638,638,1000
639,639,3000
640,640,3000
641,641,1000
642,642,3000
643,643,3000
644,644,3000
645,645,3000
646,646,2500
647,647,3000
648,648,3000
649,649,1500
650,650,3000
651,651,3000
652,652,3000
653,653,1500
654,654,3000
655,655,3000
656,656,2000
657,657,2000
658,658,3000
659,659,3000
660,660,3000
661,661,1500
662,662,3000
663,663,1500
664,664,1000
665,665,1500
666,666,2000
667,667,1500
668,668,1500
669,669,1500
670,670,1500
671,671,1500
672,672,1500
673,673,1500
674,674,3000
675,675,1500
676,676,1500
677,677,3000
678,678,500
679,679,1500
680,680,1500
681,681,3000
682,682,1500
683,683,1500
684,684,2000
685,685,3000
686,686,2000
687,687,3000
688,688,500
689,689,500
690,690,3000
691,691,1500
692,692,2000
693,693,3000
694,694,1000
695,695,3000
696,696,3000
697,697,2000
698,698,2000
699,699,2000
700,700,2000
701,701,3000
702,702,3000
703,703,2500
704,704,3000
705,705,1000
706,706,3000
707,707,3000
708,708,2000
709,709,3000
710,710,2000
711,711,2500
712,712,1500
713,713,2000
714,714,1500
715,715,1000
716,716,3000
717,717,1500
718,718,2500
719,719,3000
720,720,1500
721,721,2000
722,722,1000
723,723,3000
724,724,1500
725,725,3000
726,726,500
727,727,1500
728,728,3000
729,729,2000
730,730,1500
731,731,3000
732,732,3000
733,733,3000
734,734,1500
735,735,3000
736,736,3000
737,737,1500
738,738,3000
739,739,2500
740,740,2500
741,741,1000
742,742,3000
743,743,500
744,744,500
745,745,3000
746,746,1000
747,747,1000
748,748,500
749,749,2500
750,750,500
751,751,3000
752,752,1500
753,753,3000
754,754,1500
755,755,1500
756,756,2000
757,757,2000
758,758,2000
759,759,1500
760,760,2000
761,761,3000
762,762,3000
763,763,2000
764,764,1500
765,765,2000
766,766,1500
767,767,1500
768,768,3000
769,769,1500
770,770,1500
771,771,3000
772,772,1500
773,773,1500
774,774,3000
775,775,3000
776,776,1500
777,777,2000
778,778,3000
779,779,3000
780,780,3000
781,781,1000
782,782,500
783,783,3000
784,784,1500
785,785,2000
786,786,500
787,787,3000
788,788,1500
789,789,1000
790,790,2500
791,791,3000
792,792,500
793,793,2000
794,794,1000
795,795,3000
796,796,1500
797,797,500
798,798,2500
799,799,500
800,800,3000
801,801,2500
802,802,2000
803,803,2500
804,804,500
805,805,1000
806,806,1500
807,807,1000
808,808,500
809,809,2000
810,810,1000
811,811,1000
812,812,2000
813,813,500
814,814,2500
815,815,3000
816,816,1000
817,817,1500
818,818,3000
819,819,1500
820,820,3000
821,821,3000
822,822,2500
823,823,1500
824,824,1500
825,825,3000
826,826,3000
827,827,3000
828,828,1000
829,829,1500
830,830,2500
831,831,2500
832,832,1500
833,833,1500
834,834,500
835,835,3000
836,836,1500
837,837,3000
838,838,2500
839,839,1000
840,840,500
841,841,1000
842,842,3000
843,843,1000
844,844,1500
845,845,3000
846,846,3000
847,847,500
848,848,1500
849,849,1500
850,850,3000
851,851,500
852,852,1500
853,853,1000
854,854,1500
855,855,1500
856,856,1500
857,857,3000
858,858,2500
859,859,3000
860,860,3000
861,861,3000
862,862,3000
863,863,1000
864,864,3000
865,865,1500
866,866,3000
867,867,3000
868,868,1000
869,869,1500
870,870,1500
871,871,3000
872,872,1500
873,873,1000
874,874,2500
875,875,3000
876,876,1500
877,877,2500
878,878,500
879,879,2500
880,880,3000
881,881,3000
882,882,1500
883,883,1500
884,884,3000
885,885,1500
886,886,2000
887,887,2500
888,888,3000
889,889,2000
890,890,500
891,891,2500
892,892,2000
893,893,3000
894,894,2000
895,895,3000
896,896,1000
897,897,1500
898,898,500
899,899,3000
900,900,1500
901,901,1000
902,902,3000
903,903,2000
904,904,3000
905,905,500
906,906,3000
907,907,1500
908,908,500
909,909,3000
910,910,3000
911,911,3000
912,912,1500
913,913,2500
914,914,500
915,915,1500
916,916,500
917,917,3000
918,918,2500
919,919,500
920,920,1500
921,921,2000
922,922,3000
923,923,2500
924,924,3000
925,925,1500
926,926,3000
927,927,1000
928,928,1000
929,929,3000
930,930,2500
931,931,1500
932,932,2000
933,933,1500
934,934,2500
935,935,3000
936,936,1500
937,937,1000
938,938,2000
939,939,1500
940,940,2000
941,941,1500
942,942,3000
943,943,1000
944,944,3000
945,945,1500
946,946,3000
947,947,1000
948,948,1500
949,949,500
950,950,500
951,951,3000
952,952,3000
953,953,1500
954,954,1000
955,955,3000
956,956,2500
957,957,1500
958,958,1000
959,959,2000
960,960,3000
961,961,3000
962,962,3000
963,963,1500
964,964,3000
965,965,2500
966,966,2000
967,967,1500
968,968,3000
969,969,3000
970,970,3000
971,971,1500
972,972,1000
973,973,2500
974,974,3000
975,975,2000
976,976,2000
977,977,1500
978,978,3000
979,979,1000
980,980,3000
981,981,1500
982,982,2000
983,983,500
984,984,1500
985,985,1500
986,986,2500
987,987,1000
988,988,1500
989,989,3000
990,990,3000
991,991,1500
992,992,3000
993,993,1500
994,994,500
995,995,2000
996,996,3000
997,997,3000
998,998,1500
999,999,2000
1000,1000,2500
1001,1001,1500
1002,1002,2500
1003,1003,3000
1004,1004,3000
1005,1005,500
1006,1006,3000
1007,1007,1000
1008,1008,1500
1009,1009,500
1010,1010,1500
1011,1011,1000
1012,1012,500
1013,1013,3000
1014,1014,2000
1015,1015,2500
1016,1016,2500
1017,1017,1500
1018,1018,2000
1019,1019,1500
1020,1020,1000
1021,1021,3000
1022,1022,1500
1023,1023,500
1024,1024,3000
1025,1025,3000
1026,1026,3000
1027,1027,1000
1028,1028,2500
1029,1029,2000
1030,1030,3000
1031,1031,1000
1032,1032,1500
1033,1033,3000
1034,1034,2500
1035,1035,3000
1036,1036,3000
1037,1037,1000
1038,1038,3000
1039,1039,2000
1040,1040,1500
1041,1041,3000
1042,1042,3000
1043,1043,3000
1044,1044,2000
1045,1045,1500
1046,1046,1000
1047,1047,3000
1048,1048,500
1049,1049,1500
1050,1050,3000
1051,1051,3000
1052,1052,3000
1053,1053,1500
1054,1054,1500
1055,1055,3000
1056,1056,1500
1057,1057,3000
1058,1058,3000
1059,1059,1000
1060,1060,500
1061,1061,1500
1062,1062,3000
1063,1063,3000
1064,1064,1500
1065,1065,3000
1066,1066,3000
1067,1067,1000
1068,1068,1500
1069,1069,3000
1070,1070,1500
1071,1071,2500
1072,1072,3000
1073,1073,3000
1074,1074,2000
1075,1075,3000
1076,1076,2500
1077,1077,1500
1078,1078,3000
1079,1079,3000
1080,1080,2500
1081,1081,2000
1082,1082,2000
1083,1083,3000
1084,1084,2000
1085,1085,1000
1086,1086,3000
1087,1087,3000
1088,1088,1000
1089,1089,500
1090,1090,1000
1091,1091,1500
1092,1092,3000
1093,1093,3000
1094,1094,2000
1095,1095,2500
1096,1096,2500
1097,1097,3000
1098,1098,1000
1099,1099,2500
1100,1100,3000
1101,1101,500
1102,1102,2500
1103,1103,2500
1104,1104,500
1105,1105,2000
1106,1106,2000
1107,1107,1000
1108,1108,2500
1109,1109,1500
1110,1110,3000
1111,1111,500
1112,1112,2500
1113,1113,1500
1114,1114,3000
1115,1115,1000
1116,1116,2500
1117,1117,2500
1118,1118,1500
1119,1119,1500
1120,1120,3000
1121,1121,1000
1122,1122,1000
1123,1123,3000
1124,1124,3000
1125,1125,2000
1126,1126,1500
1127,1127,2000
1128,1128,1500
1129,1129,3000
1130,1130,1500
1131,1131,2500
1132,1132,2500
1133,1133,1000
1134,1134,3000
1135,1135,3000
1136,1136,3000
1137,1137,1500
1138,1138,3000
1139,1139,3000
1140,1140,1000
1141,1141,1500
1142,1142,1500
1143,1143,3000
1144,1144,500
1145,1145,3000
1146,1146,1000
1147,1147,3000
1148,1148,3000
1149,1149,2000
1150,1150,1500
1151,1151,1500
1152,1152,1000
1153,1153,3000
1154,1154,3000
1155,1155,1000
1156,1156,3000
1157,1157,2000
1158,1158,3000
1159,1159,1000
1160,1160,1000
1161,1161,1500
1162,1162,3000
1163,1163,2000
1164,1164,500
1165,1165,3000
1166,1166,3000
1167,1167,3000
1168,1168,500
1169,1169,2000
1170,1170,500
1171,1171,3000
1172,1172,1500
1173,1173,3000
1174,1174,1500
1175,1175,3000
1176,1176,500
1177,1177,1500
1178,1178,2000
1179,1179,3000
1180,1180,1000
1181,1181,2500
1182,1182,500
1183,1183,2500
1184,1184,500
1185,1185,500
1186,1186,2500
1187,1187,500
1188,1188,2500
1189,1189,500
1190,1190,1000
1191,1191,3000
1192,1192,3000
1193,1193,3000
1194,1194,3000
1195,1195,500
1196,1196,1500
1197,1197,1500
1198,1198,3000
1199,1199,500
1200,1200,1500
1201,1201,1500
1202,1202,1500
1203,1203,3000
1204,1204,1000
1205,1205,3000
1206,1206,2500
1207,1207,3000
1208,1208,2500
1209,1209,2500
1210,1210,2000
1211,1211,1500
1212,1212,3000
1213,1213,2500
1214,1214,3000
1215,1215,3000
1216,1216,1500
1217,1217,500
1218,1218,3000
1219,1219,1000
1220,1220,3000
1221,1221,500
1222,1222,3000
1223,1223,1500
1224,1224,1500
1225,1225,500
1226,1226,3000
1227,1227,2500
1228,1228,3000
1229,1229,3000
1230,1230,3000
1231,1231,3000
1232,1232,3000
1233,1233,1500
1234,1234,1000
1235,1235,1500
1236,1236,1000
1237,1237,2000
1238,1238,2000
1239,1239,1500
1240,1240,2000
1241,1241,500
1242,1242,500
1243,1243,1500
1244,1244,2500
1245,1245,2500
1246,1246,1000
1247,1247,3000
1248,1248,1000
1249,1249,3000
1250,1250,3000
1251,1251,1500
1252,1252,3000
1253,1253,500
1254,1254,3000
1255,1255,3000
1256,1256,1500
1257,1257,1500
1258,1258,1500
1259,1259,2000
1260,1260,1500
1261,1261,1500
1262,1262,3000
1263,1263,1500
1264,1264,1500
1265,1265,500
1266,1266,1500
1267,1267,3000
1268,1268,2000
1269,1269,3000
1270,1270,2500
1271,1271,2500
1272,1272,500
1273,1273,500
1274,1274,3000
1275,1275,1000
1276,1276,2000
1277,1277,1500
1278,1278,2000
1279,1279,1000
1280,1280,3000
1281,1281,1000
1282,1282,1500
1283,1283,1000
1284,1284,3000
1285,1285,3000
1286,1286,1500
1287,1287,1000
1288,1288,2500
1289,1289,2000
1290,1290,2000
1291,1291,2500
1292,1292,2000
1293,1293,1500
1294,1294,1500
1295,1295,2500
1296,1296,1000
1297,1297,1500
1298,1298,3000
1299,1299,2000
1300,1300,3000
1301,1301,3000
1302,1302,3000
1303,1303,1500
1304,1304,500
1305,1305,1000
1306,1306,3000
1307,1307,500
1308,1308,1500
1309,1309,2500
1310,1310,3000
1311,1311,2500
1312,1312,3000
1313,1313,3000
1314,1314,2500
1315,1315,500
1316,1316,3000
1317,1317,500
1318,1318,3000
1319,1319,3000
1320,1320,2000
1321,1321,500
1322,1322,3000
1323,1323,2000
1324,1324,3000
1325,1325,3000
1326,1326,1500
1327,1327,1500
1328,1328,1000
1329,1329,3000
1330,1330,2500
1331,1331,3000
1332,1332,1500
1333,1333,2000
1334,1334,2500
1335,1335,1000
1336,1336,1000
1337,1337,1500
1338,1338,2500
1339,1339,3000
1340,1340,2500
1341,1341,3000
1342,1342,1000
1343,1343,2000
1344,1344,500
1345,1345,2500
1346,1346,1500
1347,1347,3000
1348,1348,1000
1349,1349,1500
1350,1350,1500
1351,1351,1500
1352,1352,3000
1353,1353,1500
1354,1354,3000
1355,1355,1500
1356,1356,2500
1357,1357,500
1358,1358,3000
1359,1359,3000
1360,1360,3000
1361,1361,1500
1362,1362,3000
1363,1363,3000
1364,1364,1500
1365,1365,3000
1366,1366,1000
1367,1367,2000
1368,1368,2500
1369,1369,1500
1370,1370,1500
1371,1371,2000
1372,1372,2500
1373,1373,1500
1374,1374,1500
1375,1375,3000
1376,1376,3000
1377,1377,500
1378,1378,2000
1379,1379,2500
1380,1380,3000
1381,1381,1500
1382,1382,2500
1383,1383,3000
1384,1384,2500
1385,1385,2500
1386,1386,1000
1387,1387,2000
1388,1388,1500
1389,1389,500
1390,1390,500
1391,1391,500
1392,1392,2500
1393,1393,1500
1394,1394,2000
1395,1395,3000
1396,1396,3000
1397,1397,3000
1398,1398,3000
1399,1399,2500
1400,1400,1500
1401,1401,1000
1402,1402,2500
1403,1403,3000
1404,1404,3000
1405,1405,1500
1406,1406,3000
1407,1407,2500
1408,1408,3000
1409,1409,2000
1410,1410,1000
1411,1411,3000
1412,1412,1500
1413,1413,3000
1414,1414,1500
1415,1415,1500
1416,1416,3000
1417,1417,3000
1418,1418,500
1419,1419,2000
1420,1420,1000
1421,1421,2500
1422,1422,1500
1423,1423,2000
1424,1424,1500
1425,1425,3000
1426,1426,3000
1427,1427,500
1428,1428,2000
1429,1429,3000
1430,1430,3000
1431,1431,3000
1432,1432,3000
1433,1433,2500
1434,1434,500
1435,1435,1500
1436,1436,1500
1437,1437,3000
1438,1438,1000
1439,1439,3000
1440,1440,3000
1441,1441,500
1442,1442,1500
1443,1443,3000
1444,1444,1000
1445,1445,3000
1446,1446,3000
1447,1447,3000
1448,1448,1500
1449,1449,2500
1450,1450,3000
1451,1451,3000
1452,1452,3000
1453,1453,1500
1454,1454,3000
1455,1455,1000
1456,1456,1500
1457,1457,3000
1458,1458,2500
1459,1459,1500
1460,1460,1500
1461,1461,1000
1462,1462,3000
1463,1463,1500
1464,1464,3000
1465,1465,3000
1466,1466,1000
1467,1467,1500
1468,1468,3000
1469,1469,3000
1470,1470,2000
1471,1471,3000
1472,1472,3000
1473,1473,2500
1474,1474,2500
1475,1475,2500
1476,1476,2500
1477,1477,1500
1478,1478,3000
1479,1479,1000
1480,1480,1000
1481,1481,500
1482,1482,2500
1483,1483,3000
1484,1484,3000
1485,1485,2500
1486,1486,1500
1487,1487,1500
1488,1488,500
1489,1489,500
1490,1490,1500
1491,1491,500
1492,1492,2500
1493,1493,1500
1494,1494,1500
1495,1495,3000
1496,1496,1500
1497,1497,1000
1498,1498,1500
1499,1499,1500
1500,1500,1500
1501,1501,3000
1502,1502,2500
1503,1503,3000
1504,1504,1500
1505,1505,1500
1506,1506,3000
1507,1507,1000
1508,1508,3000
1509,1509,500
1510,1510,1500
1511,1511,1500
1512,1512,1000
1513,1513,2500
1514,1514,1500
1515,1515,3000
1516,1516,500
1517,1517,3000
1518,1518,2000
1519,1519,1500
1520,1520,3000
1521,1521,1500
1522,1522,2500
1523,1523,3000
1524,1524,2000
1525,1525,3000
1526,1526,2000
1527,1527,1500
1528,1528,1500
1529,1529,3000
1530,1530,1000
1531,1531,3000
1532,1532,3000
1533,1533,1500
1534,1534,3000
1535,1535,3000
1536,1536,3000
1537,1537,3000
1538,1538,3000
1539,1539,1500
1540,1540,3000
1541,1541,1500
1542,1542,500
1543,1543,2000
1544,1544,2500
1545,1545,3000
1546,1546,500
1547,1547,2000
1548,1548,1500
1549,1549,1500
1550,1550,3000
1551,1551,3000
1552,1552,500
1553,1553,500
1554,1554,1500
1555,1555,1500
1556,1556,500
1557,1557,3000
1558,1558,2500
1559,1559,3000
1560,1560,2000
1561,1561,3000
1562,1562,1500
1563,1563,3000
1564,1564,3000
1565,1565,3000
1566,1566,1000
1567,1567,2000
1568,1568,3000
1569,1569,1500
1570,1570,3000
1571,1571,2000
1572,1572,2500
1573,1573,2500
1574,1574,3000
1575,1575,1000
1576,1576,1500
1577,1577,3000
1578,1578,1000
1579,1579,3000
1580,1580,3000
1581,1581,2500
1582,1582,1500
1583,1583,3000
1584,1584,500
1585,1585,1500
1586,1586,1500
1587,1587,2500
1588,1588,2000
1589,1589,1500
1590,1590,3000
1591,1591,1500
1592,1592,1000
1593,1593,3000
1594,1594,3000
1595,1595,3000
1596,1596,3000
1597,1597,500
1598,1598,3000
1599,1599,1000
1600,1600,3000
1601,1601,1500
1602,1602,3000
1603,1603,1500
1604,1604,3000
1605,1605,3000
1606,1606,500
1607,1607,3000
1608,1608,2500
1609,1609,1500
1610,1610,1500
1611,1611,3000
1612,1612,3000
1613,1613,3000
1614,1614,2000
1615,1615,3000
1616,1616,1500
1617,1617,500
1618,1618,2500
1619,1619,2500
1620,1620,1000
1621,1621,3000
1622,1622,1000
1623,1623,3000
1624,1624,2000
1625,1625,2000
1626,1626,2500
1627,1627,500
1628,1628,3000
1629,1629,2500
1630,1630,500
1631,1631,3000
1632,1632,1000
1633,1633,1500
1634,1634,1500
1635,1635,2500
1636,1636,3000
1637,1637,3000
1638,1638,1500
1639,1639,3000
1640,1640,500
1641,1641,3000
1642,1642,3000
1643,1643,2500
1644,1644,3000
1645,1645,3000
1646,1646,2000
1647,1647,2000
1648,1648,3000
1649,1649,3000
1650,1650,2000
1651,1651,1000
1652,1652,1000
1653,1653,3000
1654,1654,3000
1655,1655,2500
1656,1656,1500
1657,1657,3000
1658,1658,500
1659,1659,3000
1660,1660,3000
1661,1661,3000
1662,1662,3000
1663,1663,1500
1664,1664,1500
1665,1665,1000
1666,1666,3000
1667,1667,3000
1668,1668,2500
1669,1669,2000
1670,1670,3000
1671,1671,500
1672,1672,500
1673,1673,2500
1674,1674,3000
1675,1675,1500
1676,1676,2500
1677,1677,2500
1678,1678,1000
1679,1679,500
1680,1680,3000
1681,1681,3000
1682,1682,1500
1683,1683,1000
1684,1684,3000
1685,1685,1000
1686,1686,1500
1687,1687,1500
1688,1688,1000
1689,1689,3000
1690,1690,3000
1691,1691,500
1692,1692,2000
1693,1693,3000
1694,1694,1500
1695,1695,2500
1696,1696,2000
1697,1697,2500
1698,1698,2500
1699,1699,1000
1700,1700,2000
1701,1701,3000
1702,1702,3000
1703,1703,2000
1704,1704,2000
1705,1705,500
1706,1706,3000
1707,1707,500
1708,1708,3000
1709,1709,3000
1710,1710,1500
1711,1711,2500
1712,1712,3000
1713,1713,3000
1714,1714,2000
1715,1715,3000
1716,1716,1500
1717,1717,3000
1718,1718,1500
1719,1719,1500
1720,1720,1000
1721,1721,1500
1722,1722,3000
1723,1723,2000
1724,1724,3000
1725,1725,1500
1726,1726,1500
1727,1727,3000
1728,1728,2000
1729,1729,1500
1730,1730,3000
1731,1731,1500
1732,1732,2000
1733,1733,3000
1734,1734,3000
1735,1735,3000
1736,1736,1500
1737,1737,1500
1738,1738,1000
1739,1739,3000
1740,1740,2500
1741,1741,500
1742,1742,1000
1743,1743,500
1744,1744,3000
1745,1745,1500
1746,1746,2500
1747,1747,2500
1748,1748,3000
1749,1749,3000
1750,1750,3000
1751,1751,3000
1752,1752,1000
1753,1753,3000
1754,1754,3000
1755,1755,2000
1756,1756,1500
1757,1757,3000
1758,1758,1000
1759,1759,3000
1760,1760,2500
1761,1761,2500
1762,1762,1500
1763,1763,2500
1764,1764,1500
1765,1765,2000
1766,1766,1500
1767,1767,1000
1768,1768,3000
1769,1769,500
1770,1770,2000
1771,1771,500
1772,1772,3000
1773,1773,1500
1774,1774,3000
1775,1775,1500
1776,1776,2500
1777,1777,3000
1778,1778,1000
1779,1779,1500
1780,1780,1000
1781,1781,1500
1782,1782,500
1783,1783,1000
1784,1784,2000
1785,1785,500
1786,1786,1500
1787,1787,1500
1788,1788,2500
1789,1789,3000
1790,1790,3000
1791,1791,1000
1792,1792,2500
1793,1793,2500
1794,1794,3000
1795,1795,1500
1796,1796,3000
1797,1797,3000
1798,1798,1500
1799,1799,2000
1800,1800,2500
1801,1801,1500
1802,1802,500
1803,1803,2500
1804,1804,1000
1805,1805,3000
1806,1806,1500
1807,1807,2000
1808,1808,1500
1809,1809,2000
1810,1810,3000
1811,1811,2000
1812,1812,1000
1813,1813,1500
1814,1814,1500
1815,1815,2500
1816,1816,3000
1817,1817,1000
1818,1818,1500
1819,1819,1500
1820,1820,3000
1821,1821,2500
1822,1822,3000
1823,1823,3000
1824,1824,3000
1825,1825,1500
1826,1826,3000
1827,1827,3000
1828,1828,2500
1829,1829,3000
1830,1830,2000
1831,1831,500
1832,1832,3000
1833,1833,1500
1834,1834,1500
1835,1835,2000
1836,1836,1500
1837,1837,3000
1838,1838,3000
1839,1839,1500
1840,1840,500
1841,1841,500
1842,1842,1500
1843,1843,3000
1844,1844,500
1845,1845,1500
1846,1846,2500
1847,1847,500
1848,1848,3000
1849,1849,2500
1850,1850,3000
1851,1851,3000
1852,1852,2500
1853,1853,500
1854,1854,1500
1855,1855,3000
1856,1856,3000
1857,1857,1500
1858,1858,500
1859,1859,500
1860,1860,3000
1861,1861,1000
1862,1862,3000
1863,1863,3000
1864,1864,2000
1865,1865,3000
1866,1866,1000
1867,1867,1000
1868,1868,3000
1869,1869,3000
1870,1870,3000
1871,1871,500
1872,1872,3000
1873,1873,500
1874,1874,1500
1875,1875,2000
1876,1876,500
1877,1877,1500
1878,1878,2500
1879,1879,2500
1880,1880,2000
1881,1881,1000
1882,1882,2500
1883,1883,3000
1884,1884,3000
1885,1885,1500
1886,1886,500
1887,1887,1500
1888,1888,1000
1889,1889,500
1890,1890,2000
1891,1891,3000
1892,1892,3000
1893,1893,3000
1894,1894,3000
1895,1895,2500
1896,1896,3000
1897,1897,500
1898,1898,2000
1899,1899,3000
1900,1900,1500
1901,1901,3000
1902,1902,1500
1903,1903,2000
1904,1904,1500
1905,1905,3000
1906,1906,500
1907,1907,2000
1908,1908,1000
1909,1909,500
1910,1910,3000
1911,1911,2000
1912,1912,3000
1913,1913,3000
1914,1914,1500
1915,1915,2000
1916,1916,1000
1917,1917,1500
1918,1918,2000
1919,1919,3000
1920,1920,3000
1921,1921,1500
1922,1922,500
1923,1923,1000
1924,1924,3000
1925,1925,2000
1926,1926,3000
1927,1927,2500
1928,1928,1000
1929,1929,1500
1930,1930,1500
1931,1931,3000
1932,1932,1000
1933,1933,1500
1934,1934,3000
1935,1935,2500
1936,1936,500
1937,1937,2000
1938,1938,2000
1939,1939,500
1940,1940,500
1941,1941,1500
1942,1942,1500
1943,1943,2500
1944,1944,2500
1945,1945,3000
1946,1946,1500
1947,1947,3000
1948,1948,3000
1949,1949,2500
1950,1950,3000
1951,1951,3000
1952,1952,1000
1953,1953,3000
1954,1954,1500
1955,1955,2000
1956,1956,1000
1957,1957,2500
1958,1958,3000
1959,1959,3000
1960,1960,1500
1961,1961,3000
1962,1962,1500
1963,1963,3000
1964,1964,2500
1965,1965,2000
1966,1966,3000
1967,1967,500
1968,1968,1000
1969,1969,2500
1970,1970,2000
1971,1971,500
1972,1972,3000
1973,1973,1500
1974,1974,1500
1975,1975,1500
1976,1976,1000
1977,1977,1500
1978,1978,1000
1979,1979,1000
1980,1980,3000
1981,1981,1500
1982,1982,500
1983,1983,3000
1984,1984,1500
1985,1985,2000
1986,1986,1500
1987,1987,1000
1988,1988,3000
1989,1989,2000
1990,1990,3000
1991,1991,3000
1992,1992,2000
1993,1993,500
1994,1994,1000
1995,1995,1500
1996,1996,3000
1997,1997,2500
1998,1998,500
1999,1999,2000
2000,2000,2500
2001,2001,3000
2002,2002,3000
2003,2003,1500
2004,2004,3000
2005,2005,1000
2006,2006,500
2007,2007,3000
2008,2008,3000
2009,2009,3000
2010,2010,3000
2011,2011,1500
2012,2012,1500
2013,2013,1000
2014,2014,3000
2015,2015,1500
2016,2016,2000
2017,2017,500
2018,2018,500
2019,2019,2000
2020,2020,3000
2021,2021,500
2022,2022,3000
2023,2023,3000
2024,2024,3000
2025,2025,1500
2026,2026,3000
2027,2027,2000
2028,2028,1500
2029,2029,1500
2030,2030,1500
2031,2031,3000
2032,2032,1000
2033,2033,3000
2034,2034,1500
2035,2035,500
2036,2036,500
2037,2037,2500
2038,2038,2000
2039,2039,3000
2040,2040,1000
2041,2041,1000
2042,2042,1000
2043,2043,1500
2044,2044,2000
2045,2045,3000
2046,2046,3000
2047,2047,1500
2048,2048,3000
2049,2049,3000
2050,2050,500
2051,2051,3000
2052,2052,3000
2053,2053,1000
2054,2054,1500
2055,2055,1000
2056,2056,1000
2057,2057,3000
2058,2058,2000
2059,2059,1500
2060,2060,3000
2061,2061,1500
2062,2062,3000
2063,2063,3000
2064,2064,2000
2065,2065,1000
2066,2066,2500
2067,2067,3000
2068,2068,3000
2069,2069,2500
2070,2070,3000
2071,2071,2000
2072,2072,500
2073,2073,1500
2074,2074,1500
2075,2075,500
2076,2076,3000
2077,2077,500
2078,2078,3000
2079,2079,1500
2080,2080,1000
2081,2081,2000
2082,2082,1500
2083,2083,1500
2084,2084,1500
2085,2085,1500
2086,2086,500
2087,2087,500
2088,2088,3000
2089,2089,2500
2090,2090,3000
2091,2091,3000
2092,2092,500
2093,2093,1500
2094,2094,3000
2095,2095,2000
2096,2096,3000
2097,2097,3000
2098,2098,2500
2099,2099,1500
2100,2100,1500
2101,2101,3000
2102,2102,1500
2103,2103,500
2104,2104,1500
2105,2105,3000
2106,2106,1000
2107,2107,2500
2108,2108,3000
2109,2109,3000
2110,2110,500
2111,2111,2500
2112,2112,3000
2113,2113,2000
2114,2114,1000
2115,2115,1500
2116,2116,2000
2117,2117,2500
2118,2118,3000
2119,2119,2000
2120,2120,500
2121,2121,500
2122,2122,500
2123,2123,2000
2124,2124,1500
2125,2125,2000
2126,2126,2000
2127,2127,2500
2128,2128,3000
2129,2129,3000
2130,2130,2000
2131,2131,3000
2132,2132,3000
2133,2133,1000
2134,2134,3000
2135,2135,2500
2136,2136,3000
2137,2137,3000
2138,2138,1500
2139,2139,3000
2140,2140,3000
2141,2141,1500
2142,2142,3000
2143,2143,3000
2144,2144,3000
2145,2145,1000
2146,2146,1000
2147,2147,1000
2148,2148,1500
2149,2149,3000
2150,2150,3000
2151,2151,1000
2152,2152,1500
2153,2153,3000
2154,2154,3000
2155,2155,2000
2156,2156,2000
2157,2157,3000
2158,2158,500
2159,2159,1000
2160,2160,1500
2161,2161,2000
2162,2162,2500
2163,2163,1000
2164,2164,1000
2165,2165,3000
2166,2166,1500
2167,2167,3000
2168,2168,1500
2169,2169,1500
2170,2170,3000
2171,2171,500
2172,2172,2500
2173,2173,3000
2174,2174,3000
2175,2175,1500
2176,2176,3000
2177,2177,500
2178,2178,2500
2179,2179,3000
2180,2180,3000
2181,2181,2500
2182,2182,1500
2183,2183,1000
2184,2184,1500
2185,2185,2500
2186,2186,2500
2187,2187,2500
2188,2188,1000
2189,2189,2000
2190,2190,1500
2191,2191,2000
2192,2192,2500
2193,2193,2000
2194,2194,3000
2195,2195,3000
2196,2196,1000
2197,2197,3000
2198,2198,1000
2199,2199,2000
2200,2200,1000
2201,2201,2500
2202,2202,1500
2203,2203,500
2204,2204,500
2205,2205,1500
2206,2206,1000
2207,2207,2500
2208,2208,3000
2209,2209,1500
2210,2210,500
2211,2211,500
2212,2212,3000
2213,2213,1500
2214,2214,1500
2215,2215,3000
2216,2216,3000
2217,2217,2000
2218,2218,2000
2219,2219,1500
2220,2220,500
2221,2221,1500
2222,2222,2000
2223,2223,2000
2224,2224,1500
2225,2225,1000
2226,2226,1500
2227,2227,3000
2228,2228,2000
2229,2229,1000
2230,2230,2500
2231,2231,3000
2232,2232,2000
2233,2233,3000
2234,2234,1500
2235,2235,1500
2236,2236,1500
2237,2237,1500
2238,2238,1500
2239,2239,1500
2240,2240,3000
2241,2241,3000
2242,2242,1000
2243,2243,3000
2244,2244,3000
2245,2245,1500
2246,2246,3000
2247,2247,1000
2248,2248,3000
2249,2249,3000
2250,2250,2500
2251,2251,2500
2252,2252,1500
2253,2253,1000
2254,2254,3000
2255,2255,1000
2256,2256,3000
2257,2257,2500
2258,2258,1500
2259,2259,3000
2260,2260,2000
2261,2261,3000
2262,2262,1500
2263,2263,1500
2264,2264,3000
2265,2265,2000
2266,2266,2000
2267,2267,1500
2268,2268,3000
2269,2269,1000
2270,2270,1500
2271,2271,2000
2272,2272,1500
2273,2273,1500
2274,2274,3000
2275,2275,2500
2276,2276,500
2277,2277,2500
2278,2278,3000
2279,2279,2000
2280,2280,500
2281,2281,3000
2282,2282,3000
2283,2283,1500
2284,2284,3000
2285,2285,2500
2286,2286,2000
2287,2287,500
2288,2288,2000
2289,2289,500
2290,2290,1500
2291,2291,2500
2292,2292,500
2293,2293,1000
2294,2294,2500
2295,2295,3000
2296,2296,1500
2297,2297,1500
2298,2298,1500
2299,2299,1500
2300,2300,2000
2301,2301,1500
2302,2302,1500
2303,2303,500
2304,2304,1000
2305,2305,1500
2306,2306,500
2307,2307,1500
2308,2308,3000
2309,2309,3000
2310,2310,3000
2311,2311,3000
2312,2312,3000
2313,2313,2500
2314,2314,3000
2315,2315,3000
2316,2316,500
2317,2317,2000
2318,2318,3000
2319,2319,2000
2320,2320,1000
2321,2321,1500
2322,2322,500
2323,2323,500
2324,2324,2000
2325,2325,1500
2326,2326,1500
2327,2327,1000
2328,2328,1000
2329,2329,1500
2330,2330,500
2331,2331,3000
2332,2332,1500
2333,2333,2000
2334,2334,3000
2335,2335,500
2336,2336,1000
2337,2337,1500
2338,2338,3000
2339,2339,1000
2340,2340,2000
2341,2341,3000
2342,2342,2500
2343,2343,2000
2344,2344,2500
2345,2345,1000
2346,2346,1000
2347,2347,3000
2348,2348,1500
2349,2349,2000
2350,2350,3000
2351,2351,2500
2352,2352,3000
2353,2353,2000
2354,2354,3000
2355,2355,500
2356,2356,1500
2357,2357,1500
2358,2358,3000
2359,2359,2500
2360,2360,1000
2361,2361,1000
2362,2362,1500
2363,2363,1500
2364,2364,1500
2365,2365,3000
2366,2366,1500
2367,2367,3000
2368,2368,3000
2369,2369,1500
2370,2370,3000
2371,2371,2500
2372,2372,2000
2373,2373,2000
2374,2374,3000
2375,2375,2000
2376,2376,2500
2377,2377,2000
2378,2378,3000
2379,2379,3000
2380,2380,1000
2381,2381,1500
2382,2382,1500
2383,2383,500
2384,2384,1500
2385,2385,500
2386,2386,3000
2387,2387,3000
2388,2388,2500
2389,2389,2500
2390,2390,1500
2391,2391,3000
2392,2392,500
2393,2393,1500
2394,2394,1500
2395,2395,2500
2396,2396,2500
2397,2397,500
2398,2398,500
2399,2399,1500
2400,2400,500
2401,2401,2000
2402,2402,1000
2403,2403,1000
2404,2404,3000
2405,2405,2500
2406,2406,500
2407,2407,1500
2408,2408,2000
2409,2409,2000
2410,2410,1500
2411,2411,3000
2412,2412,1500
2413,2413,1000
2414,2414,3000
2415,2415,1500
2416,2416,2500
2417,2417,2500
2418,2418,1500
2419,2419,3000
2420,2420,1500
2421,2421,1500
2422,2422,2500
2423,2423,3000
2424,2424,2500
2425,2425,2000
2426,2426,500
2427,2427,1500
2428,2428,3000
2429,2429,1500
2430,2430,3000
2431,2431,3000
2432,2432,1500
2433,2433,3000
2434,2434,3000
2435,2435,2000
2436,2436,2000
2437,2437,500
2438,2438,500
2439,2439,2500
2440,2440,1000
2441,2441,2500
2442,2442,3000
2443,2443,1500
2444,2444,500
2445,2445,3000
2446,2446,500
2447,2447,1500
2448,2448,3000
2449,2449,2500
2450,2450,3000
2451,2451,2000
2452,2452,1000
2453,2453,2000
2454,2454,1500
2455,2455,3000
2456,2456,500
2457,2457,3000
2458,2458,2000
2459,2459,2000
2460,2460,2000
2461,2461,2000
2462,2462,3000
2463,2463,500
2464,2464,1500
2465,2465,3000
2466,2466,1500
2467,2467,1500
2468,2468,3000
2469,2469,3000
2470,2470,3000
2471,2471,2000
2472,2472,1500
2473,2473,1500
2474,2474,2500
2475,2475,2000
2476,2476,1500
2477,2477,1000
2478,2478,2500
2479,2479,1500
2480,2480,3000
2481,2481,3000
2482,2482,3000
2483,2483,3000
2484,2484,1500
2485,2485,2000
2486,2486,2500
2487,2487,3000
2488,2488,1500
2489,2489,2500
2490,2490,2500
2491,2491,2000
2492,2492,2500
2493,2493,2500
2494,2494,1500
2495,2495,2000
2496,2496,500
2497,2497,500
2498,2498,2500
2499,2499,2500
2500,2500,3000
2501,2501,1500
2502,2502,2000
2503,2503,1500
2504,2504,3000
2505,2505,2500
2506,2506,3000
2507,2507,3000
2508,2508,3000
2509,2509,500
2510,2510,3000
2511,2511,1000
2512,2512,1500
2513,2513,3000
2514,2514,1500
2515,2515,2500
2516,2516,3000
2517,2517,2500
2518,2518,1500
2519,2519,2500
2520,2520,1000
2521,2521,1000
2522,2522,3000
2523,2523,1500
2524,2524,1000
2525,2525,500
2526,2526,2500
2527,2527,3000
2528,2528,3000
2529,2529,3000
2530,2530,2500
2531,2531,2500
2532,2532,1000
2533,2533,1500
2534,2534,1500
2535,2535,500
2536,2536,3000
2537,2537,2500
2538,2538,2000
2539,2539,1500
2540,2540,2500
2541,2541,3000
2542,2542,2500
2543,2543,3000
2544,2544,1500
2545,2545,1000
2546,2546,1500
2547,2547,2500
2548,2548,2000
2549,2549,2500
2550,2550,2500
2551,2551,3000
2552,2552,3000
2553,2553,1500
2554,2554,1000
2555,2555,3000
2556,2556,2500
2557,2557,1500
2558,2558,2000
2559,2559,2000
2560,2560,3000
2561,2561,3000
2562,2562,1500
2563,2563,3000
2564,2564,3000
2565,2565,3000
2566,2566,1000
2567,2567,3000
2568,2568,2500
2569,2569,2500
2570,2570,3000
2571,2571,2500
2572,2572,3000
2573,2573,1500
2574,2574,500
2575,2575,1000
2576,2576,2000
2577,2577,1000
2578,2578,2000
2579,2579,2000
2580,2580,2000
2581,2581,2000
2582,2582,2000
2583,2583,3000
2584,2584,2000
2585,2585,1500
2586,2586,1500
2587,2587,1500
2588,2588,3000
2589,2589,3000
2590,2590,3000
2591,2591,2000
2592,2592,1000
2593,2593,2000
2594,2594,3000
2595,2595,3000
2596,2596,1000
2597,2597,2000
2598,2598,1000
2599,2599,1500
2600,2600,3000
2601,2601,1000
2602,2602,1500
2603,2603,500
2604,2604,2500
2605,2605,500
2606,2606,1500
2607,2607,1000
2608,2608,2000
2609,2609,2000
2610,2610,3000
2611,2611,2500
2612,2612,3000
2613,2613,1000
2614,2614,1000
2615,2615,2500
2616,2616,1000
2617,2617,3000
2618,2618,1500
2619,2619,3000
2620,2620,500
2621,2621,1500
2622,2622,2000
2623,2623,2000
2624,2624,3000
2625,2625,2500
2626,2626,2000
2627,2627,1500
2628,2628,3000
2629,2629,1500
2630,2630,3000
2631,2631,3000
2632,2632,500
2633,2633,2500
2634,2634,1500
2635,2635,1500
2636,2636,3000
2637,2637,1500
2638,2638,1500
2639,2639,2000
2640,2640,2000
2641,2641,1000
2642,2642,500
2643,2643,3000
2644,2644,1000
2645,2645,3000
2646,2646,1500
2647,2647,1500
2648,2648,1000
2649,2649,3000
2650,2650,1500
2651,2651,2500
2652,2652,3000
2653,2653,1000
2654,2654,3000
2655,2655,1500
2656,2656,1500
2657,2657,1500
2658,2658,500
2659,2659,1000
2660,2660,2500
2661,2661,1500
2662,2662,1500
2663,2663,500
2664,2664,1000
2665,2665,1500
2666,2666,2000
2667,2667,2000
2668,2668,500
2669,2669,2500
2670,2670,1500
2671,2671,1000
2672,2672,500
2673,2673,1000
2674,2674,1000
2675,2675,2500
2676,2676,3000
2677,2677,3000
2678,2678,3000
2679,2679,2000
2680,2680,1500
2681,2681,2500
2682,2682,1000
2683,2683,1500
2684,2684,3000
2685,2685,3000
2686,2686,3000
2687,2687,3000
2688,2688,2000
2689,2689,2500
2690,2690,2000
2691,2691,3000
2692,2692,1500
2693,2693,1000
2694,2694,500
2695,2695,2000
2696,2696,3000
2697,2697,3000
2698,2698,500
2699,2699,1500
2700,2700,2500
2701,2701,2000
2702,2702,3000
2703,2703,1500
2704,2704,3000
2705,2705,2500
2706,2706,2000
2707,2707,3000
2708,2708,500
2709,2709,2000
2710,2710,3000
2711,2711,1000
2712,2712,3000
2713,2713,1000
2714,2714,3000
2715,2715,1500
2716,2716,1000
2717,2717,1000
2718,2718,3000
2719,2719,1500
2720,2720,500
2721,2721,500
2722,2722,3000
2723,2723,3000
2724,2724,500
2725,2725,1000
2726,2726,1500
2727,2727,2000
2728,2728,3000
2729,2729,1500
2730,2730,1500
2731,2731,1500
2732,2732,2000
2733,2733,2500
2734,2734,1500
2735,2735,3000
2736,2736,3000
2737,2737,500
2738,2738,500
2739,2739,1500
2740,2740,2000
2741,2741,3000
2742,2742,3000
2743,2743,2500
2744,2744,2500
2745,2745,2000
2746,2746,500
2747,2747,1500
2748,2748,1000
2749,2749,2000
2750,2750,1500
2751,2751,3000
2752,2752,1000
2753,2753,1500
2754,2754,1000
2755,2755,500
2756,2756,2000
2757,2757,1500
2758,2758,3000
2759,2759,2000
2760,2760,1500
2761,2761,1500
2762,2762,1000
2763,2763,500
2764,2764,1500
2765,2765,3000
2766,2766,3000
2767,2767,3000
2768,2768,1500
2769,2769,500
2770,2770,3000
2771,2771,1000
2772,2772,3000
2773,2773,1500
2774,2774,2000
2775,2775,1500
2776,2776,3000
2777,2777,3000
2778,2778,1500
2779,2779,3000
2780,2780,3000
2781,2781,500
2782,2782,3000
2783,2783,3000
2784,2784,3000
2785,2785,3000
2786,2786,2500
2787,2787,2000
2788,2788,2500
2789,2789,500
2790,2790,3000
2791,2791,500
2792,2792,3000
2793,2793,3000
2794,2794,1500
2795,2795,1500
2796,2796,3000
2797,2797,3000
2798,2798,1000
2799,2799,1500
2800,2800,3000
2801,2801,3000
2802,2802,3000
2803,2803,1500
2804,2804,2500
2805,2805,500
2806,2806,3000
2807,2807,500
2808,2808,3000
2809,2809,2000
2810,2810,500
2811,2811,3000
2812,2812,3000
2813,2813,2500
2814,2814,2000
2815,2815,500
2816,2816,1500
2817,2817,1000
2818,2818,3000
2819,2819,3000
2820,2820,2000
2821,2821,2000
2822,2822,3000
2823,2823,1000
2824,2824,2500
2825,2825,1500
2826,2826,3000
2827,2827,1500
2828,2828,2000
2829,2829,1500
2830,2830,3000
2831,2831,3000
2832,2832,500
2833,2833,1500
2834,2834,500
2835,2835,2000
2836,2836,500
2837,2837,3000
2838,2838,2500
2839,2839,3000
2840,2840,2000
2841,2841,2500
2842,2842,500
2843,2843,500
2844,2844,3000
2845,2845,3000
2846,2846,3000
2847,2847,3000
2848,2848,3000
2849,2849,2500
2850,2850,2500
2851,2851,3000
2852,2852,3000
2853,2853,3000
2854,2854,1500
2855,2855,2000
2856,2856,500
2857,2857,2000
2858,2858,2500
2859,2859,3000
2860,2860,3000
2861,2861,500
2862,2862,2500
2863,2863,3000
2864,2864,3000
2865,2865,3000
2866,2866,3000
2867,2867,2000
2868,2868,500
2869,2869,2500
2870,2870,3000
2871,2871,2000
2872,2872,1500
2873,2873,3000
2874,2874,1500
2875,2875,1000
2876,2876,3000
2877,2877,3000
2878,2878,1000
2879,2879,3000
2880,2880,2000
2881,2881,3000
2882,2882,1500
2883,2883,1500
2884,2884,1500
2885,2885,2500
2886,2886,1000
2887,2887,1500
2888,2888,2000
2889,2889,3000
2890,2890,1500
2891,2891,1500
2892,2892,1000
2893,2893,1000
2894,2894,1000
2895,2895,3000
2896,2896,1500
2897,2897,3000
2898,2898,3000
2899,2899,500
2900,2900,3000
2901,2901,500
2902,2902,2000
2903,2903,1500
2904,2904,500
2905,2905,3000
2906,2906,3000
2907,2907,3000
2908,2908,3000
2909,2909,500
2910,2910,500
2911,2911,3000
2912,2912,3000
2913,2913,1500
2914,2914,2000
2915,2915,1000
2916,2916,1000
2917,2917,1000
2918,2918,3000
2919,2919,2000
2920,2920,3000
2921,2921,2500
2922,2922,500
2923,2923,500
2924,2924,3000
2925,2925,1500
2926,2926,3000
2927,2927,3000
2928,2928,3000
2929,2929,1500
2930,2930,500
2931,2931,1000
2932,2932,1500
2933,2933,3000
2934,2934,2500
2935,2935,2500
2936,2936,3000
2937,2937,3000
2938,2938,1500
2939,2939,1500
2940,2940,3000
2941,2941,1500
2942,2942,1000
2943,2943,500
2944,2944,500
2945,2945,1500
2946,2946,1000
2947,2947,1500
2948,2948,3000
2949,2949,500
2950,2950,1500
2951,2951,2500
2952,2952,1000
2953,2953,2000
2954,2954,1500
2955,2955,3000
2956,2956,2500
2957,2957,1500
2958,2958,1500
2959,2959,1000
2960,2960,2000
2961,2961,3000
2962,2962,3000
2963,2963,1000
2964,2964,500
2965,2965,2500
2966,2966,3000
2967,2967,2000
2968,2968,3000
2969,2969,1500
2970,2970,1500
2971,2971,1500
2972,2972,1000
2973,2973,3000
2974,2974,3000
2975,2975,3000
2976,2976,2500
2977,2977,500
2978,2978,2000
2979,2979,2000
2980,2980,1500
2981,2981,2000
2982,2982,3000
2983,2983,500
2984,2984,2000
2985,2985,2000
2986,2986,1500
2987,2987,1500
2988,2988,500
2989,2989,1500
2990,2990,2000
2991,2991,1000
2992,2992,3000
2993,2993,2500
2994,2994,3000
2995,2995,3000
2996,2996,1500
2997,2997,3000
2998,2998,500
2999,2999,1500
3000,3000,3000
3001,3001,2000
3002,3002,2500
3003,3003,2000
3004,3004,2500
3005,3005,1000
3006,3006,1500
3007,3007,3000
3008,3008,3000
3009,3009,1500
3010,3010,2000
3011,3011,1500
3012,3012,1500
3013,3013,3000
3014,3014,500
3015,3015,3000
3016,3016,2000
3017,3017,1500
3018,3018,3000
3019,3019,3000
3020,3020,500
3021,3021,1500
3022,3022,1000
3023,3023,3000
3024,3024,3000
3025,3025,500
3026,3026,3000
3027,3027,2000
3028,3028,3000
3029,3029,2000
3030,3030,1500
3031,3031,3000
3032,3032,3000
3033,3033,3000
3034,3034,500
3035,3035,1000
3036,3036,2000
3037,3037,2000
3038,3038,500
3039,3039,1500
3040,3040,1500
3041,3041,1500
3042,3042,1000
3043,3043,1000
3044,3044,1500
3045,3045,2000
3046,3046,1500
3047,3047,1500
3048,3048,1500
3049,3049,1500
3050,3050,500
3051,3051,500
3052,3052,3000
3053,3053,1000
3054,3054,500
3055,3055,500
3056,3056,1500
3057,3057,1500
3058,3058,1500
3059,3059,1000
3060,3060,3000
3061,3061,2000
3062,3062,1500
3063,3063,2000
3064,3064,500
3065,3065,1500
3066,3066,1500
3067,3067,1000
3068,3068,3000
3069,3069,3000
3070,3070,2000
3071,3071,1500
3072,3072,3000
3073,3073,2500
3074,3074,2500
3075,3075,500
3076,3076,1000
3077,3077,3000
3078,3078,3000
3079,3079,2000
3080,3080,500
3081,3081,3000
3082,3082,500
3083,3083,3000
3084,3084,3000
3085,3085,500
3086,3086,2000
3087,3087,3000
3088,3088,2000
3089,3089,3000
3090,3090,3000
3091,3091,2500
3092,3092,1500
3093,3093,2000
3094,3094,1000
3095,3095,500
3096,3096,3000
3097,3097,2500
3098,3098,1500
3099,3099,1500
3100,3100,2000
3101,3101,1000
3102,3102,1000
3103,3103,3000
3104,3104,3000
3105,3105,1500
3106,3106,2000
3107,3107,3000
3108,3108,3000
3109,3109,1500
3110,3110,3000
3111,3111,1500
3112,3112,500
3113,3113,1000
3114,3114,1500
3115,3115,500
3116,3116,3000
3117,3117,3000
3118,3118,1500
3119,3119,2000
3120,3120,2000
3121,3121,3000
3122,3122,3000
3123,3123,1000
3124,3124,1000
3125,3125,1000
3126,3126,3000
3127,3127,3000
3128,3128,1500
3129,3129,1500
3130,3130,3000
3131,3131,2500
3132,3132,3000
3133,3133,3000
3134,3134,1500
3135,3135,1500
3136,3136,3000
3137,3137,1000
3138,3138,1500
3139,3139,3000
3140,3140,3000
3141,3141,1500
3142,3142,1500
3143,3143,500
3144,3144,500
3145,3145,1000
3146,3146,500
3147,3147,2500
3148,3148,2000
3149,3149,1500
3150,3150,2500
3151,3151,1500
3152,3152,3000
3153,3153,3000
3154,3154,3000
3155,3155,1000
3156,3156,500
3157,3157,1500
3158,3158,3000
3159,3159,3000
3160,3160,3000
3161,3161,3000
3162,3162,1000
3163,3163,1500
3164,3164,1000
3165,3165,2000
3166,3166,3000
3167,3167,1500
3168,3168,2000
3169,3169,3000
3170,3170,2000
3171,3171,500
3172,3172,3000
3173,3173,1500
3174,3174,500
3175,3175,3000
3176,3176,1000
3177,3177,1000
3178,3178,500
3179,3179,2500
3180,3180,1500
3181,3181,3000
3182,3182,500
3183,3183,2500
3184,3184,1000
3185,3185,1500
3186,3186,1500
3187,3187,1500
3188,3188,2000
3189,3189,1500
3190,3190,2500
3191,3191,3000
3192,3192,3000
3193,3193,500
3194,3194,2000
3195,3195,2000
3196,3196,500
3197,3197,500
3198,3198,1500
3199,3199,3000
3200,3200,1500
3201,3201,500
3202,3202,3000
3203,3203,2000
3204,3204,2500
3205,3205,1000
3206,3206,1500
3207,3207,2000
3208,3208,3000
3209,3209,2500
3210,3210,3000
3211,3211,3000
3212,3212,2000
3213,3213,2000
3214,3214,1500
3215,3215,3000
3216,3216,1500
3217,3217,1500
3218,3218,1500
3219,3219,3000
3220,3220,3000
3221,3221,3000
3222,3222,3000
3223,3223,2000
3224,3224,3000
3225,3225,3000
3226,3226,1000
3227,3227,3000
3228,3228,2000
3229,3229,2500
3230,3230,3000
3231,3231,3000
3232,3232,2000
3233,3233,2500
3234,3234,3000
3235,3235,1000
3236,3236,500
3237,3237,3000
3238,3238,2500
3239,3239,3000
3240,3240,1500
3241,3241,3000
3242,3242,2500
3243,3243,3000
3244,3244,500
3245,3245,1500
3246,3246,3000
3247,3247,2000
3248,3248,2000
3249,3249,1500
3250,3250,500
3251,3251,500
3252,3252,1000
3253,3253,2000
3254,3254,500
3255,3255,500
3256,3256,2500
3257,3257,500
3258,3258,500
3259,3259,3000
3260,3260,3000
3261,3261,3000
3262,3262,1500
3263,3263,1000
3264,3264,1000
3265,3265,2500
3266,3266,3000
3267,3267,1500
3268,3268,2000
3269,3269,3000
3270,3270,3000
3271,3271,2500
3272,3272,500
3273,3273,3000
3274,3274,3000
3275,3275,1500
3276,3276,500
3277,3277,2000
3278,3278,2500
3279,3279,500
3280,3280,2500
3281,3281,2500
3282,3282,1500
3283,3283,1000
3284,3284,500
3285,3285,1500
3286,3286,1500
3287,3287,500
3288,3288,1500
3289,3289,3000
3290,3290,3000
3291,3291,1500
3292,3292,1500
3293,3293,3000
3294,3294,2000
3295,3295,3000
3296,3296,3000
3297,3297,1500
3298,3298,1500
3299,3299,3000
3300,3300,3000
3301,3301,3000
3302,3302,3000
3303,3303,3000
3304,3304,2000
3305,3305,3000
3306,3306,1000
3307,3307,1500
3308,3308,2500
3309,3309,3000
3310,3310,2000
3311,3311,1500
3312,3312,2000
3313,3313,2500
3314,3314,1500
3315,3315,1000
3316,3316,3000
3317,3317,3000
3318,3318,500
3319,3319,1500
3320,3320,2000
3321,3321,1500
3322,3322,3000
3323,3323,3000
3324,3324,3000
3325,3325,3000
3326,3326,3000
3327,3327,3000
3328,3328,1500
3329,3329,2500
3330,3330,2000
3331,3331,3000
3332,3332,3000
3333,3333,1500
3334,3334,3000
3335,3335,1500
3336,3336,2000
3337,3337,3000
3338,3338,1500
3339,3339,3000
3340,3340,500
3341,3341,3000
3342,3342,3000
3343,3343,1000
3344,3344,3000
3345,3345,3000
3346,3346,3000
3347,3347,1000
3348,3348,1500
3349,3349,1000
3350,3350,3000
3351,3351,1500
3352,3352,1500
3353,3353,1000
3354,3354,1500
3355,3355,3000
3356,3356,3000
3357,3357,500
3358,3358,500
3359,3359,3000
3360,3360,3000
3361,3361,2500
3362,3362,3000
3363,3363,1500
3364,3364,1500
3365,3365,1500
3366,3366,2000
3367,3367,500
3368,3368,3000
3369,3369,1500
3370,3370,3000
3371,3371,500
3372,3372,2500
3373,3373,1000
3374,3374,1000
3375,3375,1500
3376,3376,1500
3377,3377,3000
3378,3378,1000
3379,3379,2500
3380,3380,1500
3381,3381,1500
3382,3382,2500
3383,3383,2500
3384,3384,2000
3385,3385,1500
3386,3386,1500
3387,3387,3000
3388,3388,3000
3389,3389,2500
3390,3390,1000
3391,3391,2000
3392,3392,500
3393,3393,2500
3394,3394,3000
3395,3395,1500
3396,3396,1500
3397,3397,500
3398,3398,1500
3399,3399,2500
3400,3400,1500
3401,3401,1000
3402,3402,3000
3403,3403,500
3404,3404,1500
3405,3405,3000
3406,3406,2000
3407,3407,1000
3408,3408,1500
3409,3409,500
3410,3410,3000
3411,3411,3000
3412,3412,2500
3413,3413,3000
3414,3414,3000
3415,3415,3000
3416,3416,2500
3417,3417,1000
3418,3418,1500
3419,3419,1500
3420,3420,1000
3421,3421,2500
3422,3422,2500
3423,3423,2500
3424,3424,3000
3425,3425,1500
3426,3426,1500
3427,3427,3000
3428,3428,1000
3429,3429,3000
3430,3430,3000
3431,3431,2000
3432,3432,3000
3433,3433,1000
3434,3434,2500
3435,3435,1000
3436,3436,500
3437,3437,3000
3438,3438,1500
3439,3439,1500
3440,3440,3000
3441,3441,2500
3442,3442,3000
3443,3443,500
3444,3444,3000
3445,3445,3000
3446,3446,3000
3447,3447,3000
3448,3448,3000
3449,3449,2000
3450,3450,3000
3451,3451,2000
3452,3452,2500
3453,3453,2500
3454,3454,1500
3455,3455,1000
3456,3456,3000
3457,3457,1500
3458,3458,3000
3459,3459,1500
3460,3460,1500
3461,3461,500
3462,3462,1000
3463,3463,3000
3464,3464,1500
3465,3465,1500
3466,3466,2500
3467,3467,1500
3468,3468,3000
3469,3469,1500
3470,3470,500
3471,3471,2000
3472,3472,3000
3473,3473,3000
3474,3474,3000
3475,3475,3000
3476,3476,3000
3477,3477,1500
3478,3478,2000
3479,3479,2500
3480,3480,2000
3481,3481,2500
3482,3482,1000
3483,3483,3000
3484,3484,1500
3485,3485,3000
3486,3486,2000
3487,3487,2500
3488,3488,2000
3489,3489,3000
3490,3490,2500
3491,3491,3000
3492,3492,3000
3493,3493,1500
3494,3494,500
3495,3495,3000
3496,3496,2500
3497,3497,2000
3498,3498,500
3499,3499,3000
3500,3500,2500
3501,3501,3000
3502,3502,2000
3503,3503,1000
3504,3504,500
3505,3505,2000
3506,3506,3000
3507,3507,3000
3508,3508,1500
3509,3509,3000
3510,3510,1000
3511,3511,2500
3512,3512,1500
3513,3513,2000
3514,3514,2500
3515,3515,3000
3516,3516,2500
3517,3517,500
3518,3518,3000
3519,3519,2500
3520,3520,3000
3521,3521,2000
3522,3522,2000
3523,3523,3000
3524,3524,3000
3525,3525,2000
3526,3526,1500
3527,3527,3000
3528,3528,3000
3529,3529,1000
3530,3530,3000
3531,3531,2000
3532,3532,1000
3533,3533,1500
3534,3534,500
3535,3535,2000
3536,3536,500
3537,3537,2500
3538,3538,3000
3539,3539,1500
3540,3540,2500
3541,3541,3000
3542,3542,500
3543,3543,1500
3544,3544,2500
3545,3545,1000
3546,3546,3000
3547,3547,3000
3548,3548,3000
3549,3549,1500
3550,3550,2000
3551,3551,500
3552,3552,3000
3553,3553,3000
3554,3554,1500
3555,3555,500
3556,3556,2000
3557,3557,500
3558,3558,2500
3559,3559,3000
3560,3560,3000
3561,3561,2500
3562,3562,1500
3563,3563,1000
3564,3564,2000
3565,3565,2500
3566,3566,2500
3567,3567,1500
3568,3568,1500
3569,3569,1500
3570,3570,1500
3571,3571,3000
3572,3572,2500
3573,3573,2000
3574,3574,3000
3575,3575,2500
3576,3576,1000
3577,3577,1000
3578,3578,2500
3579,3579,2500
3580,3580,3000
3581,3581,3000
3582,3582,2000
3583,3583,3000
3584,3584,3000
3585,3585,3000
3586,3586,500
3587,3587,500
3588,3588,2500
3589,3589,500
3590,3590,3000
3591,3591,1500
3592,3592,3000
3593,3593,1500
3594,3594,3000
3595,3595,2000
3596,3596,2000
3597,3597,1500
3598,3598,1500
3599,3599,3000
3600,3600,1500
3601,3601,1500
3602,3602,3000
3603,3603,3000
3604,3604,1000
3605,3605,2500
3606,3606,3000
3607,3607,1000
3608,3608,500
3609,3609,500
3610,3610,3000
3611,3611,3000
3612,3612,2500
3613,3613,1500
3614,3614,3000
3615,3615,1500
3616,3616,3000
3617,3617,3000
3618,3618,3000
3619,3619,3000
3620,3620,3000
3621,3621,1000
3622,3622,3000
3623,3623,2000
3624,3624,2000
3625,3625,3000
3626,3626,500
3627,3627,500
3628,3628,3000
3629,3629,1000
3630,3630,2500
3631,3631,3000
3632,3632,3000
3633,3633,500
3634,3634,1000
3635,3635,3000
3636,3636,1000
3637,3637,1500
3638,3638,3000
3639,3639,1500
3640,3640,1500
3641,3641,1500
3642,3642,500
3643,3643,1500
3644,3644,3000
3645,3645,500
3646,3646,3000
3647,3647,3000
3648,3648,1000
3649,3649,3000
3650,3650,2000
3651,3651,500
3652,3652,3000
3653,3653,1000
3654,3654,1500
3655,3655,1500
3656,3656,1500
3657,3657,2000
3658,3658,1000
3659,3659,2500
3660,3660,3000
3661,3661,3000
3662,3662,3000
3663,3663,1500
3664,3664,2000
3665,3665,1500
3666,3666,3000
3667,3667,1000
3668,3668,3000
3669,3669,3000
3670,3670,500
3671,3671,2000
3672,3672,500
3673,3673,2500
3674,3674,3000
3675,3675,3000
3676,3676,3000
3677,3677,1500
3678,3678,3000
3679,3679,3000
3680,3680,2000
3681,3681,1500
3682,3682,1500
3683,3683,1000
3684,3684,2000
3685,3685,3000
3686,3686,500
3687,3687,500
3688,3688,1000
3689,3689,3000
3690,3690,500
3691,3691,3000
3692,3692,1500
3693,3693,1500
3694,3694,1000
3695,3695,3000
3696,3696,3000
3697,3697,3000
3698,3698,500
3699,3699,1000
3700,3700,3000
3701,3701,3000
3702,3702,2500
3703,3703,2500
3704,3704,500
3705,3705,2500
3706,3706,3000
3707,3707,3000
3708,3708,2500
3709,3709,3000
3710,3710,3000
3711,3711,1500
3712,3712,3000
3713,3713,1500
3714,3714,2000
3715,3715,3000
3716,3716,2000
3717,3717,1500
3718,3718,3000
3719,3719,1000
3720,3720,1500
3721,3721,500
3722,3722,3000
3723,3723,3000
3724,3724,3000
3725,3725,2000
3726,3726,3000
3727,3727,500
3728,3728,500
3729,3729,3000
3730,3730,500
3731,3731,3000
3732,3732,2000
3733,3733,2500
3734,3734,3000
3735,3735,2500
3736,3736,500
3737,3737,3000
3738,3738,1000
3739,3739,3000
3740,3740,2500
3741,3741,2500
3742,3742,1000
3743,3743,3000
3744,3744,1000
3745,3745,1500
3746,3746,1000
3747,3747,3000
3748,3748,3000
3749,3749,2500
3750,3750,3000
3751,3751,3000
3752,3752,1500
3753,3753,500
3754,3754,1500
3755,3755,1000
3756,3756,3000
3757,3757,3000
3758,3758,3000
3759,3759,2500
3760,3760,1000
3761,3761,2000
3762,3762,3000
3763,3763,2500
3764,3764,500
3765,3765,2000
3766,3766,3000
3767,3767,1500
3768,3768,3000
3769,3769,2500
3770,3770,3000
3771,3771,1000
3772,3772,500
3773,3773,1500
3774,3774,3000
3775,3775,3000
3776,3776,1000
3777,3777,3000
3778,3778,1000
3779,3779,2000
3780,3780,1500
3781,3781,2500
3782,3782,2500
3783,3783,2500
3784,3784,1500
3785,3785,500
3786,3786,3000
3787,3787,1500
3788,3788,3000
3789,3789,1500
3790,3790,3000
3791,3791,3000
3792,3792,1500
3793,3793,500
3794,3794,1500
3795,3795,3000
3796,3796,3000
3797,3797,1500
3798,3798,3000
3799,3799,500
3800,3800,3000
3801,3801,2000
3802,3802,500
3803,3803,2500
3804,3804,2000
3805,3805,1500
3806,3806,1500
3807,3807,1500
3808,3808,500
3809,3809,3000
3810,3810,3000
3811,3811,2500
3812,3812,1500
3813,3813,3000
3814,3814,3000
3815,3815,3000
3816,3816,1000
3817,3817,2500
3818,3818,3000
3819,3819,3000
3820,3820,3000
3821,3821,3000
3822,3822,3000
3823,3823,3000
3824,3824,1500
3825,3825,1000
3826,3826,1500
3827,3827,2000
3828,3828,3000
3829,3829,3000
3830,3830,1000
3831,3831,3000
3832,3832,3000
3833,3833,3000
3834,3834,2500
3835,3835,1000
3836,3836,500
3837,3837,2000
3838,3838,3000
3839,3839,2000
3840,3840,2000
3841,3841,3000
3842,3842,1500
3843,3843,2500
3844,3844,2000
3845,3845,3000
3846,3846,3000
3847,3847,1500
3848,3848,3000
3849,3849,2500
3850,3850,1500
3851,3851,3000
3852,3852,500
3853,3853,2500
3854,3854,2500
3855,3855,2000
3856,3856,3000
3857,3857,3000
3858,3858,1500
3859,3859,500
3860,3860,500
3861,3861,3000
3862,3862,1500
3863,3863,3000
3864,3864,3000
3865,3865,3000
3866,3866,1500
3867,3867,2500
3868,3868,3000
3869,3869,500
3870,3870,3000
3871,3871,1500
3872,3872,1000
3873,3873,2000
3874,3874,3000
3875,3875,3000
3876,3876,500
3877,3877,3000
3878,3878,3000
3879,3879,3000
3880,3880,3000
3881,3881,3000
3882,3882,1500
3883,3883,1500
3884,3884,1000
3885,3885,2500
3886,3886,3000
3887,3887,3000
3888,3888,1500
3889,3889,1500
3890,3890,3000
3891,3891,500
3892,3892,2500
3893,3893,2000
3894,3894,2500
3895,3895,3000
3896,3896,3000
3897,3897,3000
3898,3898,1500
3899,3899,1500
3900,3900,1000
3901,3901,1500
3902,3902,3000
3903,3903,3000
3904,3904,2500
3905,3905,3000
3906,3906,3000
3907,3907,1500
3908,3908,2500
3909,3909,2500
3910,3910,3000
3911,3911,1500
3912,3912,3000
3913,3913,1000
3914,3914,1500
3915,3915,500
3916,3916,3000
3917,3917,1500
3918,3918,500
3919,3919,2500
3920,3920,2000
3921,3921,3000
3922,3922,500
3923,3923,2000
3924,3924,3000
3925,3925,1500
3926,3926,1000
3927,3927,1000
3928,3928,2000
3929,3929,3000
3930,3930,1500
3931,3931,2000
3932,3932,3000
3933,3933,1500
3934,3934,1500
3935,3935,1500
3936,3936,1500
3937,3937,2000
3938,3938,3000
3939,3939,1500
3940,3940,2000
3941,3941,3000
3942,3942,2000
3943,3943,1500
3944,3944,3000
3945,3945,3000
3946,3946,3000
3947,3947,2500
3948,3948,1500
3949,3949,1000
3950,3950,3000
3951,3951,3000
3952,3952,3000
3953,3953,3000
3954,3954,500
3955,3955,1000
3956,3956,1500
3957,3957,2000
3958,3958,500
3959,3959,2500
3960,3960,3000
3961,3961,2500
3962,3962,1500
3963,3963,3000
3964,3964,1500
3965,3965,1500
3966,3966,1500
3967,3967,3000
3968,3968,2500
3969,3969,500
3970,3970,3000
3971,3971,2500
3972,3972,2000
3973,3973,1500
3974,3974,3000
3975,3975,1500
3976,3976,500
3977,3977,3000
3978,3978,1500
3979,3979,500
3980,3980,3000
3981,3981,500
3982,3982,3000
3983,3983,2000
3984,3984,500
3985,3985,3000
3986,3986,2500
3987,3987,2000
3988,3988,1500
3989,3989,1500
3990,3990,2000
3991,3991,1000
3992,3992,1500
3993,3993,1500
3994,3994,3000
3995,3995,3000
3996,3996,500
3997,3997,1500
3998,3998,500
3999,3999,2500
4000,4000,1000
4001,4001,1500
4002,4002,3000
4003,4003,3000
4004,4004,500
4005,4005,3000
4006,4006,500
4007,4007,1500
4008,4008,1500
4009,4009,1500
4010,4010,3000
4011,4011,3000
4012,4012,1000
4013,4013,2000
4014,4014,3000
4015,4015,3000
4016,4016,1500
4017,4017,3000
4018,4018,1500
4019,4019,2500
4020,4020,3000
4021,4021,3000
4022,4022,1500
4023,4023,3000
4024,4024,500
4025,4025,3000
4026,4026,2000
4027,4027,3000
4028,4028,1000
4029,4029,3000
4030,4030,2500
4031,4031,3000
4032,4032,2000
4033,4033,1000
4034,4034,3000
4035,4035,2500
4036,4036,2000
4037,4037,1500
4038,4038,500
4039,4039,3000
4040,4040,3000
4041,4041,500
4042,4042,3000
4043,4043,500
4044,4044,2000
4045,4045,2500
4046,4046,2000
4047,4047,2000
4048,4048,3000
4049,4049,500
4050,4050,1500
4051,4051,1000
4052,4052,1500
4053,4053,3000
4054,4054,1500
4055,4055,1500
4056,4056,1500
4057,4057,2000
4058,4058,1000
4059,4059,3000
4060,4060,2000
4061,4061,2000
4062,4062,1000
4063,4063,3000
4064,4064,2500
4065,4065,1500
4066,4066,2500
4067,4067,1500
4068,4068,2500
4069,4069,3000
4070,4070,1500
4071,4071,3000
4072,4072,1500
4073,4073,1000
4074,4074,3000
4075,4075,1500
4076,4076,2000
4077,4077,1500
4078,4078,1500
4079,4079,3000
4080,4080,2500
4081,4081,3000
4082,4082,1000
4083,4083,1500
4084,4084,500
4085,4085,1500
4086,4086,3000
4087,4087,2500
4088,4088,2500
4089,4089,1000
4090,4090,2000
4091,4091,3000
4092,4092,2500
4093,4093,1500
4094,4094,3000
4095,4095,3000
4096,4096,3000
4097,4097,3000
4098,4098,2000
4099,4099,3000
4100,4100,2000
4101,4101,1500
4102,4102,1500
4103,4103,1000
4104,4104,1500
4105,4105,3000
4106,4106,3000
4107,4107,3000
4108,4108,1500
4109,4109,1000
4110,4110,1500
4111,4111,1500
4112,4112,3000
4113,4113,1500
4114,4114,2500
4115,4115,3000
4116,4116,2500
4117,4117,500
4118,4118,500
4119,4119,3000
4120,4120,3000
4121,4121,3000
4122,4122,3000
4123,4123,3000
4124,4124,3000
4125,4125,500
4126,4126,3000
4127,4127,1500
4128,4128,1000
4129,4129,1500
4130,4130,1500
4131,4131,1500
4132,4132,3000
4133,4133,3000
4134,4134,1000
4135,4135,2500
4136,4136,2500
4137,4137,1000
4138,4138,2500
4139,4139,3000
4140,4140,2000
4141,4141,3000
4142,4142,3000
4143,4143,2000
4144,4144,500
4145,4145,3000
4146,4146,1500
4147,4147,1000
4148,4148,1500
4149,4149,1500
4150,4150,1500
4151,4151,3000
4152,4152,2000
4153,4153,2000
4154,4154,1500
4155,4155,1500
4156,4156,2500
4157,4157,3000
4158,4158,3000
4159,4159,1500
4160,4160,2000
4161,4161,2000
4162,4162,2500
4163,4163,3000
4164,4164,3000
4165,4165,2000
4166,4166,2000
4167,4167,1000
4168,4168,3000
4169,4169,500
4170,4170,3000
4171,4171,2000
4172,4172,3000
4173,4173,3000
4174,4174,500
4175,4175,2500
4176,4176,1500
4177,4177,3000
4178,4178,3000
4179,4179,2500
4180,4180,2000
4181,4181,2500
4182,4182,2500
4183,4183,1500
4184,4184,1500
4185,4185,3000
4186,4186,3000
4187,4187,500
4188,4188,500
4189,4189,1500
4190,4190,2500
4191,4191,1000
4192,4192,3000
4193,4193,3000
4194,4194,2000
4195,4195,1500
4196,4196,1000
4197,4197,2500
4198,4198,2500
4199,4199,2000
4200,4200,2000
4201,4201,500
4202,4202,1000
4203,4203,3000
4204,4204,3000
4205,4205,1000
4206,4206,3000
4207,4207,1000
4208,4208,2500
4209,4209,2500
4210,4210,3000
4211,4211,3000
4212,4212,1000
4213,4213,3000
4214,4214,500
4215,4215,1500
4216,4216,3000
4217,4217,2500
4218,4218,1000
4219,4219,3000
4220,4220,2000
4221,4221,3000
4222,4222,1500
4223,4223,3000
4224,4224,1000
4225,4225,1500
4226,4226,1000
4227,4227,2000
4228,4228,2500
4229,4229,1500
4230,4230,1500
4231,4231,500
4232,4232,1500
4233,4233,1500
4234,4234,1500
4235,4235,2000
4236,4236,1500
4237,4237,3000
4238,4238,3000
4239,4239,1500
4240,4240,3000
4241,4241,3000
4242,4242,3000
4243,4243,1500
4244,4244,500
4245,4245,2500
4246,4246,3000
4247,4247,1500
4248,4248,3000
4249,4249,2500
4250,4250,1500
4251,4251,3000
4252,4252,2500
4253,4253,1000
4254,4254,2500
4255,4255,1500
4256,4256,2500
4257,4257,500
4258,4258,1000
4259,4259,3000
4260,4260,1500
4261,4261,3000
4262,4262,3000
4263,4263,3000
4264,4264,3000
4265,4265,500
4266,4266,3000
4267,4267,2000
4268,4268,1000
4269,4269,1000
4270,4270,2500
4271,4271,1500
4272,4272,1500
4273,4273,1500
4274,4274,1500
4275,4275,3000
4276,4276,500
4277,4277,500
4278,4278,500
4279,4279,500
4280,4280,2500
4281,4281,2000
4282,4282,500
4283,4283,500
4284,4284,500
4285,4285,1000
4286,4286,2000
4287,4287,1000
4288,4288,1500
4289,4289,3000
4290,4290,3000
4291,4291,3000
4292,4292,1000
4293,4293,3000
4294,4294,500
4295,4295,2500
4296,4296,2500
4297,4297,3000
4298,4298,500
4299,4299,3000
4300,4300,3000
4301,4301,1000
4302,4302,1500
4303,4303,2500
4304,4304,2500
4305,4305,500
4306,4306,2000
4307,4307,1500
4308,4308,2000
4309,4309,2500
4310,4310,2500
4311,4311,2500
4312,4312,3000
4313,4313,3000
4314,4314,1500
4315,4315,1500
4316,4316,3000
4317,4317,3000
4318,4318,3000
4319,4319,3000
4320,4320,3000
4321,4321,3000
4322,4322,1500
4323,4323,2000
4324,4324,3000
4325,4325,2500
4326,4326,2500
4327,4327,1000
4328,4328,1000
4329,4329,3000
4330,4330,2000
4331,4331,3000
4332,4332,1500
4333,4333,2500
4334,4334,500
4335,4335,1500
4336,4336,3000
4337,4337,3000
4338,4338,3000
4339,4339,500
4340,4340,500
4341,4341,1000
4342,4342,3000
4343,4343,3000
4344,4344,3000
4345,4345,500
4346,4346,500
4347,4347,3000
4348,4348,3000
4349,4349,3000
4350,4350,2000
4351,4351,500
4352,4352,3000
4353,4353,3000
4354,4354,3000
4355,4355,1500
4356,4356,1500
4357,4357,2500
4358,4358,500
4359,4359,1500
4360,4360,3000
4361,4361,3000
4362,4362,3000
4363,4363,500
4364,4364,3000
4365,4365,1500
4366,4366,2000
4367,4367,500
4368,4368,1500
4369,4369,3000
4370,4370,1500
4371,4371,3000
4372,4372,3000
4373,4373,2000
4374,4374,1500
4375,4375,3000
4376,4376,1500
4377,4377,3000
4378,4378,3000
4379,4379,1500
4380,4380,2500
4381,4381,3000
4382,4382,1500
4383,4383,3000
4384,4384,1500
4385,4385,1500
4386,4386,1000
4387,4387,1500
4388,4388,3000
4389,4389,1500
4390,4390,1500
4391,4391,1500
4392,4392,1000
4393,4393,3000
4394,4394,3000
4395,4395,1000
4396,4396,500
4397,4397,1500
4398,4398,3000
4399,4399,3000
4400,4400,1500
4401,4401,1500
4402,4402,2000
4403,4403,1500
4404,4404,3000
4405,4405,2500
4406,4406,500
4407,4407,1500
4408,4408,2500
4409,4409,3000
4410,4410,3000
4411,4411,1500
4412,4412,3000
4413,4413,500
4414,4414,1000
4415,4415,3000
4416,4416,1500
4417,4417,3000
4418,4418,1500
4419,4419,2500
4420,4420,3000
4421,4421,1000
4422,4422,3000
4423,4423,3000
4424,4424,3000
4425,4425,1500
4426,4426,500
4427,4427,1000
4428,4428,2500
4429,4429,3000
4430,4430,1000
4431,4431,2000
4432,4432,2500
4433,4433,500
4434,4434,1500
4435,4435,3000
4436,4436,500
4437,4437,3000
4438,4438,2000
4439,4439,2500
4440,4440,2000
4441,4441,3000
4442,4442,1500
4443,4443,1500
4444,4444,2000
4445,4445,500
4446,4446,2000
4447,4447,1000
4448,4448,2000
4449,4449,1000
4450,4450,3000
4451,4451,1500
4452,4452,2000
4453,4453,3000
4454,4454,2000
4455,4455,500
4456,4456,500
4457,4457,3000
4458,4458,500
4459,4459,3000
4460,4460,2500
4461,4461,1500
4462,4462,3000
4463,4463,3000
4464,4464,3000
4465,4465,2500
4466,4466,1500
4467,4467,3000
4468,4468,1500
4469,4469,1000
4470,4470,3000
4471,4471,1500
4472,4472,1500
4473,4473,3000
4474,4474,1000
4475,4475,1500
4476,4476,2000
4477,4477,3000
4478,4478,1500
4479,4479,500
4480,4480,1500
4481,4481,1500
4482,4482,1500
4483,4483,500
4484,4484,3000
4485,4485,500
4486,4486,1500
4487,4487,3000
4488,4488,3000
4489,4489,2000
4490,4490,2500
4491,4491,3000
4492,4492,3000
4493,4493,1500
4494,4494,2000
4495,4495,3000
4496,4496,3000
4497,4497,1000
4498,4498,1000
4499,4499,1500
4500,4500,3000
4501,4501,500
4502,4502,1500
4503,4503,1500
4504,4504,2500
4505,4505,2500
4506,4506,3000
4507,4507,2000
4508,4508,1000
4509,4509,2000
4510,4510,2000
4511,4511,1000
4512,4512,3000
4513,4513,500
4514,4514,2000
4515,4515,2500
4516,4516,3000
4517,4517,1500
4518,4518,2000
4519,4519,1500
4520,4520,2500
4521,4521,3000
4522,4522,500
4523,4523,1000
4524,4524,500
4525,4525,3000
4526,4526,1500
4527,4527,3000
4528,4528,1000
4529,4529,3000
4530,4530,500
4531,4531,1500
4532,4532,1500
4533,4533,3000
4534,4534,3000
4535,4535,1500
4536,4536,1500
4537,4537,3000
4538,4538,2000
4539,4539,3000
4540,4540,1500
4541,4541,1000
4542,4542,2000
4543,4543,1500
4544,4544,1500
4545,4545,3000
4546,4546,2000
4547,4547,3000
4548,4548,3000
4549,4549,1500
4550,4550,1500
4551,4551,3000
4552,4552,3000
4553,4553,3000
4554,4554,3000
4555,4555,2000
4556,4556,3000
4557,4557,1500
4558,4558,1500
4559,4559,3000
4560,4560,1500
4561,4561,1500
4562,4562,2000
4563,4563,3000
4564,4564,3000
4565,4565,2000
4566,4566,1500
4567,4567,1500
4568,4568,3000
4569,4569,2500
4570,4570,2500
4571,4571,1500
4572,4572,1000
4573,4573,3000
4574,4574,2000
4575,4575,1500
4576,4576,3000
4577,4577,3000
4578,4578,500
4579,4579,2500
4580,4580,3000
4581,4581,2000
4582,4582,3000
4583,4583,500
4584,4584,500
4585,4585,3000
4586,4586,2500
4587,4587,3000
4588,4588,1000
4589,4589,2500
4590,4590,2500
4591,4591,500
4592,4592,2000
4593,4593,1000
4594,4594,1000
4595,4595,1500
4596,4596,3000
4597,4597,2500
4598,4598,2500
4599,4599,1500
4600,4600,500
4601,4601,2500
4602,4602,3000
4603,4603,1500
4604,4604,1500
4605,4605,3000
4606,4606,3000
4607,4607,500
4608,4608,3000
4609,4609,500
4610,4610,2500
4611,4611,500
4612,4612,3000
4613,4613,3000
4614,4614,1500
4615,4615,3000
4616,4616,3000
4617,4617,2500
4618,4618,3000
4619,4619,3000
4620,4620,3000
4621,4621,1500
4622,4622,3000
4623,4623,1500
4624,4624,1500
4625,4625,3000
4626,4626,3000
4627,4627,3000
4628,4628,1500
4629,4629,1500
4630,4630,3000
4631,4631,1500
4632,4632,1500
4633,4633,2500
4634,4634,1500
4635,4635,3000
4636,4636,3000
4637,4637,2000
4638,4638,2000
4639,4639,2500
4640,4640,3000
4641,4641,2000
4642,4642,2000
4643,4643,1500
4644,4644,2000
4645,4645,1000
4646,4646,1500
4647,4647,1500
4648,4648,2000
4649,4649,1000
4650,4650,500
4651,4651,2000
4652,4652,1500
4653,4653,1000
4654,4654,2000
4655,4655,3000
4656,4656,2500
4657,4657,2500
4658,4658,3000
4659,4659,3000
4660,4660,2500
4661,4661,1000
4662,4662,3000
4663,4663,1000
4664,4664,1500
4665,4665,3000
4666,4666,1500
4667,4667,1500
4668,4668,1000
4669,4669,1500
4670,4670,3000
4671,4671,2000
4672,4672,3000
4673,4673,3000
4674,4674,3000
4675,4675,2500
4676,4676,2000
4677,4677,2000
4678,4678,500
4679,4679,500
4680,4680,1500
4681,4681,3000
4682,4682,3000
4683,4683,1500
4684,4684,3000
4685,4685,1500
4686,4686,500
4687,4687,1500
4688,4688,1500
4689,4689,500
4690,4690,1500
4691,4691,3000
4692,4692,1500
4693,4693,1500
4694,4694,3000
4695,4695,3000
4696,4696,3000
4697,4697,2500
4698,4698,1500
4699,4699,1500
4700,4700,3000
4701,4701,3000
4702,4702,1000
4703,4703,3000
4704,4704,3000
4705,4705,2000
4706,4706,1000
4707,4707,3000
4708,4708,1500
4709,4709,3000
4710,4710,3000
4711,4711,3000
4712,4712,1000
4713,4713,1500
4714,4714,1500
4715,4715,2000
4716,4716,2000
4717,4717,1000
4718,4718,2500
4719,4719,3000
4720,4720,2000
4721,4721,1500
4722,4722,2500
4723,4723,3000
4724,4724,3000
4725,4725,1000
4726,4726,2500
4727,4727,3000
4728,4728,2500
4729,4729,2000
4730,4730,3000
4731,4731,1000
4732,4732,1000
4733,4733,3000
4734,4734,2500
4735,4735,2500
4736,4736,3000
4737,4737,2500
4738,4738,2000
4739,4739,1000
4740,4740,2500
4741,4741,3000
4742,4742,1500
4743,4743,3000
4744,4744,2500
4745,4745,500
4746,4746,3000
4747,4747,3000
4748,4748,3000
4749,4749,1500
4750,4750,2500
4751,4751,1500
4752,4752,1500
4753,4753,2500
4754,4754,500
4755,4755,2000
4756,4756,1000
4757,4757,3000
4758,4758,1500
4759,4759,2500
4760,4760,3000
4761,4761,3000
4762,4762,2500
4763,4763,3000
4764,4764,2000
4765,4765,3000
4766,4766,3000
4767,4767,3000
4768,4768,1500
4769,4769,1500
4770,4770,3000
4771,4771,3000
4772,4772,2500
4773,4773,3000
4774,4774,3000
4775,4775,1500
4776,4776,3000
4777,4777,3000
4778,4778,3000
4779,4779,2000
4780,4780,1500
4781,4781,2000
4782,4782,500
4783,4783,3000
4784,4784,500
4785,4785,3000
4786,4786,2500
4787,4787,3000
4788,4788,1500
4789,4789,2000
4790,4790,2500
4791,4791,1500
4792,4792,2500
4793,4793,1500
4794,4794,500
4795,4795,3000
4796,4796,500
4797,4797,2000
4798,4798,1000
4799,4799,3000
4800,4800,1500
4801,4801,1000
4802,4802,3000
4803,4803,3000
4804,4804,2500
4805,4805,500
4806,4806,3000
4807,4807,500
4808,4808,1500
4809,4809,3000
4810,4810,1500
4811,4811,3000
4812,4812,1000
4813,4813,3000
4814,4814,2500
4815,4815,3000
4816,4816,3000
4817,4817,3000
4818,4818,1000
4819,4819,2500
4820,4820,3000
4821,4821,3000
4822,4822,1000
4823,4823,2000
4824,4824,500
4825,4825,2500
4826,4826,1500
4827,4827,2000
4828,4828,500
4829,4829,1500
4830,4830,2500
4831,4831,3000
4832,4832,1000
4833,4833,2000
4834,4834,1500
4835,4835,2500
4836,4836,3000
4837,4837,2000
4838,4838,3000
4839,4839,2000
4840,4840,1500
4841,4841,3000
4842,4842,2500
4843,4843,500
4844,4844,1500
4845,4845,1500
4846,4846,1500
4847,4847,1500
4848,4848,500
4849,4849,3000
4850,4850,1500
4851,4851,2500
4852,4852,1500
4853,4853,1000
4854,4854,3000
4855,4855,3000
4856,4856,1500
4857,4857,1500
4858,4858,2000
4859,4859,2500
4860,4860,2000
4861,4861,2000
4862,4862,3000
4863,4863,500
4864,4864,3000
4865,4865,3000
4866,4866,3000
4867,4867,2500
4868,4868,1000
4869,4869,3000
4870,4870,1500
4871,4871,1500
4872,4872,2000
4873,4873,3000
4874,4874,500
4875,4875,1500
4876,4876,1500
4877,4877,2000
4878,4878,1500
4879,4879,500
4880,4880,2500
4881,4881,3000
4882,4882,1500
4883,4883,3000
4884,4884,1500
4885,4885,1500
4886,4886,1500
4887,4887,1500
4888,4888,1500
4889,4889,500
4890,4890,1500
4891,4891,3000
4892,4892,2500
4893,4893,1500
4894,4894,2000
4895,4895,2500
4896,4896,3000
4897,4897,2000
4898,4898,500
4899,4899,3000
4900,4900,1500
4901,4901,3000
4902,4902,3000
4903,4903,1000
4904,4904,3000
4905,4905,1000
4906,4906,500
4907,4907,2500
4908,4908,500
4909,4909,1000
4910,4910,500
4911,4911,3000
4912,4912,1000
4913,4913,1000
4914,4914,2000
4915,4915,2500
4916,4916,3000
4917,4917,1500
4918,4918,2000
4919,4919,3000
4920,4920,3000
4921,4921,3000
4922,4922,2000
4923,4923,3000
4924,4924,1000
4925,4925,2000
4926,4926,1000
4927,4927,3000
4928,4928,3000
4929,4929,3000
4930,4930,1000
4931,4931,3000
4932,4932,3000
4933,4933,1500
4934,4934,2500
4935,4935,1000
4936,4936,1500
4937,4937,3000
4938,4938,3000
4939,4939,500
4940,4940,2500
4941,4941,500
4942,4942,3000
4943,4943,3000
4944,4944,2500
4945,4945,1500
4946,4946,1500
4947,4947,3000
4948,4948,3000
4949,4949,500
4950,4950,1500
4951,4951,2000
4952,4952,3000
4953,4953,1000
4954,4954,3000
4955,4955,1000
4956,4956,1500
4957,4957,2000
4958,4958,500
4959,4959,1500
4960,4960,2500
4961,4961,3000
4962,4962,3000
4963,4963,500
4964,4964,1500
4965,4965,1000
4966,4966,3000
4967,4967,3000
4968,4968,1000
4969,4969,500
4970,4970,3000
4971,4971,1500
4972,4972,3000
4973,4973,1500
4974,4974,2000
4975,4975,1500
4976,4976,3000
4977,4977,1500
4978,4978,3000
4979,4979,1500
4980,4980,500
4981,4981,1000
4982,4982,3000
4983,4983,500
4984,4984,2500
4985,4985,3000
4986,4986,3000
4987,4987,1500
4988,4988,3000
4989,4989,3000
4990,4990,3000
4991,4991,3000
4992,4992,3000
4993,4993,500
4994,4994,3000
4995,4995,3000
4996,4996,1500
4997,4997,2500
4998,4998,500
4999,4999,3000
5000,5000,3000
5001,5001,3000
5002,5002,500
5003,5003,2500
5004,5004,1500
5005,5005,3000
5006,5006,500
5007,5007,3000
5008,5008,2000
5009,5009,2500
5010,5010,500
5011,5011,3000
5012,5012,3000
5013,5013,3000
5014,5014,3000
5015,5015,1500
5016,5016,1500
5017,5017,3000
5018,5018,3000
5019,5019,2000
5020,5020,2000
5021,5021,1500
5022,5022,3000
5023,5023,3000
5024,5024,500
5025,5025,3000
5026,5026,3000
5027,5027,1500
5028,5028,3000
5029,5029,3000
5030,5030,3000
5031,5031,3000
5032,5032,1500
5033,5033,1000
5034,5034,3000
5035,5035,500
5036,5036,1500
5037,5037,1500
5038,5038,3000
5039,5039,3000
5040,5040,3000
5041,5041,1500
5042,5042,1500
5043,5043,3000
5044,5044,2000
5045,5045,3000
5046,5046,1000
5047,5047,1500
5048,5048,3000
5049,5049,2000
5050,5050,2500
5051,5051,500
5052,5052,1500
5053,5053,3000
5054,5054,2000
5055,5055,1500
5056,5056,2000
5057,5057,3000
5058,5058,1500
5059,5059,2000
5060,5060,500
5061,5061,500
5062,5062,2500
5063,5063,1500
5064,5064,3000
5065,5065,2000
5066,5066,2000
5067,5067,3000
5068,5068,2500
5069,5069,1000
5070,5070,2500
5071,5071,1000
5072,5072,2500
5073,5073,1000
5074,5074,3000
5075,5075,1000
5076,5076,3000
5077,5077,1000
5078,5078,3000
5079,5079,1500
5080,5080,2500
5081,5081,3000
5082,5082,3000
5083,5083,3000
5084,5084,2500
5085,5085,1500
5086,5086,1000
5087,5087,1000
5088,5088,1500
5089,5089,3000
5090,5090,2500
5091,5091,2500
5092,5092,3000
5093,5093,1500
5094,5094,2500
5095,5095,1500
5096,5096,2500
5097,5097,1500
5098,5098,3000
5099,5099,3000
5100,5100,3000
5101,5101,2000
5102,5102,500
5103,5103,1500
5104,5104,2500
5105,5105,3000
5106,5106,1000
5107,5107,3000
5108,5108,2000
5109,5109,2000
5110,5110,500
5111,5111,500
5112,5112,3000
5113,5113,3000
5114,5114,1000
5115,5115,1500
5116,5116,500
5117,5117,2500
5118,5118,2500
5119,5119,1500
5120,5120,2000
5121,5121,500
5122,5122,2000
5123,5123,1000
5124,5124,500
5125,5125,1000
5126,5126,1000
5127,5127,500
5128,5128,1000
5129,5129,1500
5130,5130,3000
5131,5131,1000
5132,5132,1000
5133,5133,3000
5134,5134,2000
5135,5135,3000
5136,5136,2000
5137,5137,1000
5138,5138,500
5139,5139,2500
5140,5140,1500
5141,5141,500
5142,5142,3000
5143,5143,2500
5144,5144,1000
5145,5145,3000
5146,5146,2500
5147,5147,1500
5148,5148,1500
5149,5149,1000
5150,5150,3000
5151,5151,2000
5152,5152,1500
5153,5153,2000
5154,5154,3000
5155,5155,1500
5156,5156,1500
5157,5157,3000
5158,5158,1500
5159,5159,1500
5160,5160,3000
5161,5161,2500
5162,5162,500
5163,5163,1500
5164,5164,2500
5165,5165,3000
5166,5166,2000
5167,5167,3000
5168,5168,1500
5169,5169,500
5170,5170,2500
5171,5171,500
5172,5172,1500
5173,5173,1500
5174,5174,3000
5175,5175,1500
5176,5176,1500
5177,5177,1500
5178,5178,1500
5179,5179,500
5180,5180,3000
5181,5181,500
5182,5182,2500
5183,5183,3000
5184,5184,3000
5185,5185,500
5186,5186,3000
5187,5187,1500
5188,5188,3000
5189,5189,1500
5190,5190,1000
5191,5191,1500
5192,5192,1500
5193,5193,3000
5194,5194,500
5195,5195,1500
5196,5196,1500
5197,5197,1000
5198,5198,3000
5199,5199,3000
5200,5200,3000
5201,5201,2500
5202,5202,1500
5203,5203,3000
5204,5204,1000
5205,5205,1500
5206,5206,3000
5207,5207,500
5208,5208,1500
5209,5209,500
5210,5210,1000
5211,5211,2500
5212,5212,1000
5213,5213,3000
5214,5214,500
5215,5215,500
5216,5216,2500
5217,5217,2500
5218,5218,1000
5219,5219,3000
5220,5220,1500
5221,5221,1500
5222,5222,3000
5223,5223,1000
5224,5224,2500
5225,5225,1500
5226,5226,3000
5227,5227,3000
5228,5228,3000
5229,5229,3000
5230,5230,3000
5231,5231,2000
5232,5232,500
5233,5233,2000
5234,5234,500
5235,5235,3000
5236,5236,2000
5237,5237,3000
5238,5238,2000
5239,5239,500
5240,5240,3000
5241,5241,1000
5242,5242,2000
5243,5243,2500
5244,5244,3000
5245,5245,1000
5246,5246,3000
5247,5247,500
5248,5248,2000
5249,5249,1500
5250,5250,1500
5251,5251,3000
5252,5252,1500
5253,5253,1000
5254,5254,3000
5255,5255,500
5256,5256,3000
5257,5257,3000
5258,5258,2000
5259,5259,2500
5260,5260,1500
5261,5261,2000
5262,5262,3000
5263,5263,1000
5264,5264,2500
5265,5265,1500
5266,5266,3000
5267,5267,2500
5268,5268,3000
5269,5269,1000
5270,5270,500
5271,5271,2000
5272,5272,1500
5273,5273,3000
5274,5274,2000
5275,5275,2500
5276,5276,1500
5277,5277,2000
5278,5278,1500
5279,5279,3000
5280,5280,3000
5281,5281,2000
5282,5282,1500
5283,5283,2000
5284,5284,3000
5285,5285,3000
5286,5286,3000
5287,5287,3000
5288,5288,3000
5289,5289,1500
5290,5290,500
5291,5291,1500
5292,5292,1500
5293,5293,1500
5294,5294,3000
5295,5295,3000
5296,5296,3000
5297,5297,2000
5298,5298,500
5299,5299,3000
5300,5300,2000
5301,5301,3000
5302,5302,3000
5303,5303,1500
5304,5304,3000
5305,5305,1500
5306,5306,1500
5307,5307,1500
5308,5308,3000
5309,5309,2000
5310,5310,3000
5311,5311,1500
5312,5312,2500
5313,5313,3000
5314,5314,1500
5315,5315,2500
5316,5316,3000
5317,5317,500
5318,5318,500
5319,5319,2000
5320,5320,2000
5321,5321,1500
5322,5322,3000
5323,5323,500
5324,5324,2000
5325,5325,1000
5326,5326,3000
5327,5327,2000
5328,5328,3000
5329,5329,3000
5330,5330,2500
5331,5331,3000
5332,5332,3000
5333,5333,3000
5334,5334,2500
5335,5335,2000
5336,5336,3000
5337,5337,1000
5338,5338,3000
5339,5339,1000
5340,5340,2000
5341,5341,2500
5342,5342,2500
5343,5343,1500
5344,5344,2000
5345,5345,1500
5346,5346,3000
5347,5347,2000
5348,5348,3000
5349,5349,3000
5350,5350,2500
5351,5351,1500
5352,5352,2500
5353,5353,3000
5354,5354,1500
5355,5355,1000
5356,5356,3000
5357,5357,1500
5358,5358,3000
5359,5359,3000
5360,5360,1500
5361,5361,3000
5362,5362,2000
5363,5363,1500
5364,5364,500
5365,5365,1500
5366,5366,1500
5367,5367,2000
5368,5368,3000
5369,5369,2000
5370,5370,3000
5371,5371,500
5372,5372,3000
5373,5373,3000
5374,5374,3000
5375,5375,1500
5376,5376,2000
5377,5377,1500
5378,5378,2500
5379,5379,3000
5380,5380,3000
5381,5381,1000
5382,5382,500
5383,5383,2500
5384,5384,3000
5385,5385,2000
5386,5386,1500
5387,5387,1500
5388,5388,2500
5389,5389,1000
5390,5390,1000
5391,5391,3000
5392,5392,1500
5393,5393,3000
5394,5394,3000
5395,5395,2000
5396,5396,1000
5397,5397,1000
5398,5398,2000
5399,5399,3000
5400,5400,1500
5401,5401,2500
5402,5402,1500
5403,5403,500
5404,5404,1000
5405,5405,500
5406,5406,3000
5407,5407,2500
5408,5408,2000
5409,5409,3000
5410,5410,2000
5411,5411,3000
5412,5412,500
5413,5413,1500
5414,5414,500
5415,5415,500
5416,5416,2500
5417,5417,1500
5418,5418,1500
5419,5419,3000
5420,5420,2500
5421,5421,3000
5422,5422,3000
5423,5423,3000
5424,5424,1500
5425,5425,500
5426,5426,3000
5427,5427,1000
5428,5428,3000
5429,5429,1000
5430,5430,1500
5431,5431,3000
5432,5432,3000
5433,5433,1500
5434,5434,3000
5435,5435,1500
5436,5436,2000
5437,5437,1500
5438,5438,3000
5439,5439,3000
5440,5440,1500
5441,5441,2500
5442,5442,500
5443,5443,1500
5444,5444,2500
5445,5445,3000
5446,5446,1500
5447,5447,1000
5448,5448,1500
5449,5449,1500
5450,5450,2000
5451,5451,2000
5452,5452,1500
5453,5453,3000
5454,5454,2000
5455,5455,1500
5456,5456,3000
5457,5457,1500
5458,5458,1500
5459,5459,1500
5460,5460,500
5461,5461,1500
5462,5462,1500
5463,5463,1500
5464,5464,1500
5465,5465,2500
5466,5466,3000
5467,5467,3000
5468,5468,3000
5469,5469,1500
5470,5470,2000
5471,5471,500
5472,5472,3000
5473,5473,3000
5474,5474,3000
5475,5475,3000
5476,5476,1000
5477,5477,3000
5478,5478,1500
5479,5479,3000
5480,5480,1000
5481,5481,1500
5482,5482,1000
5483,5483,1500
5484,5484,500
5485,5485,1500
5486,5486,2500
5487,5487,2000
5488,5488,1500
5489,5489,2500
5490,5490,3000
5491,5491,2500
5492,5492,500
5493,5493,3000
5494,5494,500
5495,5495,3000
5496,5496,2500
5497,5497,2500
5498,5498,3000
5499,5499,1500
5500,5500,3000
5501,5501,1500
5502,5502,3000
5503,5503,2000
5504,5504,1500
5505,5505,2000
5506,5506,2000
5507,5507,2500
5508,5508,1500
5509,5509,1000
5510,5510,1500
5511,5511,1000
5512,5512,500
5513,5513,1500
5514,5514,1500
5515,5515,3000
5516,5516,2000
5517,5517,1500
5518,5518,2000
5519,5519,3000
5520,5520,3000
5521,5521,3000
5522,5522,3000
5523,5523,2000
5524,5524,2500
5525,5525,1500
5526,5526,1500
5527,5527,3000
5528,5528,1500
5529,5529,1000
5530,5530,1000
5531,5531,1500
5532,5532,1500
5533,5533,1500
5534,5534,3000
5535,5535,3000
5536,5536,2500
5537,5537,3000
5538,5538,500
5539,5539,1500
5540,5540,2000
5541,5541,1500
5542,5542,2000
5543,5543,3000
5544,5544,1500
5545,5545,3000
5546,5546,3000
5547,5547,1500
5548,5548,3000
5549,5549,3000
5550,5550,3000
5551,5551,3000
5552,5552,500
5553,5553,1000
5554,5554,2000
5555,5555,3000
5556,5556,500
5557,5557,3000
5558,5558,3000
5559,5559,3000
5560,5560,500
5561,5561,500
5562,5562,2000
5563,5563,1000
5564,5564,1000
5565,5565,3000
5566,5566,1000
5567,5567,3000
5568,5568,1500
5569,5569,3000
5570,5570,500
5571,5571,1500
5572,5572,2500
5573,5573,2500
5574,5574,500
5575,5575,1500
5576,5576,3000
5577,5577,2000
5578,5578,3000
5579,5579,1500
5580,5580,1500
5581,5581,3000
5582,5582,1500
5583,5583,2500
5584,5584,3000
5585,5585,1500
5586,5586,2000
5587,5587,3000
5588,5588,3000
5589,5589,1500
5590,5590,2000
5591,5591,2500
5592,5592,3000
5593,5593,3000
5594,5594,1500
5595,5595,2500
5596,5596,2500
5597,5597,3000
5598,5598,1000
5599,5599,3000
5600,5600,1500
5601,5601,1500
5602,5602,3000
5603,5603,1000
5604,5604,1000
5605,5605,3000
5606,5606,3000
5607,5607,2500
5608,5608,2000
5609,5609,3000
5610,5610,1000
5611,5611,1500
5612,5612,3000
5613,5613,500
5614,5614,1500
5615,5615,2000
5616,5616,3000
5617,5617,1000
5618,5618,1500
5619,5619,1500
5620,5620,3000
5621,5621,500
5622,5622,1500
5623,5623,1500
5624,5624,1500
5625,5625,3000
5626,5626,2500
5627,5627,1500
5628,5628,1000
5629,5629,1500
5630,5630,1500
5631,5631,1000
5632,5632,3000
5633,5633,1500
5634,5634,3000
5635,5635,1000
5636,5636,1500
5637,5637,2500
5638,5638,1500
5639,5639,1500
5640,5640,3000
5641,5641,1500
5642,5642,1000
5643,5643,500
5644,5644,1500
5645,5645,2000
5646,5646,3000
5647,5647,1000
5648,5648,3000
5649,5649,1500
5650,5650,1500
5651,5651,2000
5652,5652,3000
5653,5653,2500
5654,5654,500
5655,5655,3000
5656,5656,2500
5657,5657,3000
5658,5658,2000
5659,5659,3000
5660,5660,2000
5661,5661,3000
5662,5662,2000
5663,5663,1500
5664,5664,3000
5665,5665,2500
5666,5666,3000
5667,5667,2500
5668,5668,500
5669,5669,500
5670,5670,3000
5671,5671,2000
5672,5672,500
5673,5673,1000
5674,5674,1500
5675,5675,2000
5676,5676,3000
5677,5677,1500
5678,5678,3000
5679,5679,1500
5680,5680,3000
5681,5681,1500
5682,5682,3000
5683,5683,3000
5684,5684,1500
5685,5685,3000
5686,5686,1500
5687,5687,3000
5688,5688,500
5689,5689,3000
5690,5690,3000
5691,5691,3000
5692,5692,3000
5693,5693,2500
5694,5694,1500
5695,5695,2500
5696,5696,1000
5697,5697,3000
5698,5698,500
5699,5699,3000
5700,5700,3000
5701,5701,500
5702,5702,3000
5703,5703,2000
5704,5704,1500
5705,5705,2000
5706,5706,3000
5707,5707,3000
5708,5708,3000
5709,5709,1500
5710,5710,3000
5711,5711,1500
5712,5712,3000
5713,5713,3000
5714,5714,1000
5715,5715,500
5716,5716,3000
5717,5717,1500
5718,5718,1500
5719,5719,3000
5720,5720,1500
5721,5721,2500
5722,5722,2500
5723,5723,3000
5724,5724,3000
5725,5725,1500
5726,5726,1000
5727,5727,3000
5728,5728,2000
5729,5729,2000
5730,5730,3000
5731,5731,1000
5732,5732,3000
5733,5733,500
5734,5734,3000
5735,5735,1500
5736,5736,3000
5737,5737,1000
5738,5738,1500
5739,5739,3000
5740,5740,2000
5741,5741,1500
5742,5742,3000
5743,5743,3000
5744,5744,500
5745,5745,500
5746,5746,1500
5747,5747,1000
5748,5748,1000
5749,5749,3000
5750,5750,1500
5751,5751,1500
5752,5752,500
5753,5753,2000
5754,5754,3000
5755,5755,3000
5756,5756,500
5757,5757,1500
5758,5758,2000
5759,5759,1000
5760,5760,3000
5761,5761,1000
5762,5762,3000
5763,5763,500
5764,5764,3000
5765,5765,500
5766,5766,500
5767,5767,1000
5768,5768,2500
5769,5769,1500
5770,5770,500
5771,5771,2500
5772,5772,3000
5773,5773,3000
5774,5774,1500
5775,5775,2500
5776,5776,3000
5777,5777,1000
5778,5778,1000
5779,5779,1000
5780,5780,1500
5781,5781,2000
5782,5782,500
5783,5783,1000
5784,5784,3000
5785,5785,500
5786,5786,3000
5787,5787,3000
5788,5788,1500
5789,5789,500
5790,5790,3000
5791,5791,2500
5792,5792,3000
5793,5793,3000
5794,5794,1000
5795,5795,1000
5796,5796,3000
5797,5797,3000
5798,5798,3000
5799,5799,1000
5800,5800,3000
5801,5801,3000
5802,5802,1500
5803,5803,3000
5804,5804,1500
5805,5805,1500
5806,5806,3000
5807,5807,3000
5808,5808,500
5809,5809,3000
5810,5810,3000
5811,5811,1500
5812,5812,3000
5813,5813,1500
5814,5814,2500
5815,5815,1500
5816,5816,2500
5817,5817,2500
5818,5818,500
5819,5819,1000
5820,5820,2500
5821,5821,1500
5822,5822,1000
5823,5823,3000
5824,5824,2000
5825,5825,3000
5826,5826,3000
5827,5827,3000
5828,5828,1500
5829,5829,1500
5830,5830,1500
5831,5831,3000
5832,5832,3000
5833,5833,3000
5834,5834,3000
5835,5835,2500
5836,5836,3000
5837,5837,3000
5838,5838,500
5839,5839,3000
5840,5840,3000
5841,5841,1000
5842,5842,3000
5843,5843,3000
5844,5844,1000
5845,5845,1000
5846,5846,3000
5847,5847,3000
5848,5848,500
5849,5849,3000
5850,5850,1500
5851,5851,2500
5852,5852,3000
5853,5853,2000
5854,5854,2000
5855,5855,500
5856,5856,1500
5857,5857,500
5858,5858,1000
5859,5859,3000
5860,5860,3000
5861,5861,3000
5862,5862,1000
5863,5863,3000
5864,5864,3000
5865,5865,1000
5866,5866,2000
5867,5867,3000
5868,5868,2000
5869,5869,1500
5870,5870,3000
5871,5871,2000
5872,5872,3000
5873,5873,2500
5874,5874,1500
5875,5875,3000
5876,5876,3000
5877,5877,1000
5878,5878,3000
5879,5879,1500
5880,5880,1500
5881,5881,3000
5882,5882,3000
5883,5883,3000
5884,5884,500
5885,5885,2000
5886,5886,3000
5887,5887,2000
5888,5888,500
5889,5889,3000
5890,5890,2000
5891,5891,2000
5892,5892,3000
5893,5893,2500
5894,5894,500
5895,5895,2000
5896,5896,3000
5897,5897,2500
5898,5898,2000
5899,5899,3000
5900,5900,2000
5901,5901,1500
5902,5902,1500
5903,5903,1000
5904,5904,2500
5905,5905,2000
5906,5906,1500
5907,5907,1500
5908,5908,2000
5909,5909,1000
5910,5910,3000
5911,5911,1500
5912,5912,1500
5913,5913,1000
5914,5914,500
5915,5915,3000
5916,5916,500
5917,5917,2500
5918,5918,500
5919,5919,1500
5920,5920,2500
5921,5921,500
5922,5922,2000
5923,5923,1000
5924,5924,2500
5925,5925,1500
5926,5926,1000
5927,5927,1500
5928,5928,3000
5929,5929,2500
5930,5930,2500
5931,5931,1500
5932,5932,1500
5933,5933,1000
5934,5934,1000
5935,5935,500
5936,5936,3000
5937,5937,2500
5938,5938,2500
5939,5939,1500
5940,5940,1000
5941,5941,500
5942,5942,500
5943,5943,3000
5944,5944,2500
5945,5945,1000
5946,5946,3000
5947,5947,500
5948,5948,3000
5949,5949,3000
5950,5950,3000
5951,5951,3000
5952,5952,1000
5953,5953,3000
5954,5954,2500
5955,5955,1500
5956,5956,3000
5957,5957,1500
5958,5958,2000
5959,5959,1500
5960,5960,2500
5961,5961,2000
5962,5962,3000
5963,5963,500
5964,5964,1500
5965,5965,1000
5966,5966,2000
5967,5967,3000
5968,5968,3000
5969,5969,500
5970,5970,500
5971,5971,2500
5972,5972,1500
5973,5973,3000
5974,5974,1500
5975,5975,1000
5976,5976,3000
5977,5977,3000
5978,5978,1500
5979,5979,3000
5980,5980,1000
5981,5981,2000
5982,5982,3000
5983,5983,3000
5984,5984,3000
5985,5985,3000
5986,5986,2000
5987,5987,2000
5988,5988,1500
5989,5989,3000
5990,5990,1500
5991,5991,2000
5992,5992,1500
5993,5993,2000
5994,5994,2500
5995,5995,1500
5996,5996,2000
5997,5997,2000
5998,5998,2000
5999,5999,3000
6000,6000,3000
6001,6001,3000
6002,6002,500
6003,6003,3000
6004,6004,3000
6005,6005,3000
6006,6006,500
6007,6007,3000
6008,6008,3000
6009,6009,3000
6010,6010,2500
6011,6011,3000
6012,6012,3000
6013,6013,3000
6014,6014,3000
6015,6015,1500
6016,6016,3000
6017,6017,3000
6018,6018,2500
6019,6019,3000
6020,6020,1500
6021,6021,3000
6022,6022,3000
6023,6023,3000
6024,6024,3000
6025,6025,2500
6026,6026,2500
6027,6027,2000
6028,6028,1000
6029,6029,3000
6030,6030,1500
6031,6031,3000
6032,6032,1500
6033,6033,1500
6034,6034,2000
6035,6035,3000
6036,6036,3000
6037,6037,3000
6038,6038,3000
6039,6039,3000
6040,6040,500
6041,6041,500
6042,6042,1500
6043,6043,3000
6044,6044,500
6045,6045,3000
6046,6046,500
6047,6047,3000
6048,6048,1500
6049,6049,1000
6050,6050,1500
6051,6051,3000
6052,6052,2500
6053,6053,1500
6054,6054,1500
6055,6055,3000
6056,6056,3000
6057,6057,2500
6058,6058,3000
6059,6059,3000
6060,6060,1500
6061,6061,1500
6062,6062,1000
6063,6063,1500
6064,6064,500
6065,6065,1000
6066,6066,500
6067,6067,1000
6068,6068,3000
6069,6069,1500
6070,6070,3000
6071,6071,3000
6072,6072,2000
6073,6073,2500
6074,6074,3000
6075,6075,3000
6076,6076,3000
6077,6077,3000
6078,6078,2500
6079,6079,1000
6080,6080,3000
6081,6081,3000
6082,6082,1000
6083,6083,1000
6084,6084,500
6085,6085,1500
6086,6086,1000
6087,6087,2000
6088,6088,2500
6089,6089,3000
6090,6090,2000
6091,6091,3000
6092,6092,1000
6093,6093,2000
6094,6094,3000
6095,6095,500
6096,6096,1500
6097,6097,3000
6098,6098,2000
6099,6099,3000
6100,6100,2000
6101,6101,1500
6102,6102,2000
6103,6103,1500
6104,6104,3000
6105,6105,3000
6106,6106,2000
6107,6107,1500
6108,6108,1000
6109,6109,1000
6110,6110,1500
6111,6111,1000
6112,6112,1500
6113,6113,1500
6114,6114,3000
6115,6115,500
6116,6116,3000
6117,6117,3000
6118,6118,2000
6119,6119,1500
6120,6120,1500
6121,6121,1000
6122,6122,1000
6123,6123,3000
6124,6124,500
6125,6125,1000
6126,6126,1000
6127,6127,500
6128,6128,3000
6129,6129,2500
6130,6130,3000
6131,6131,3000
6132,6132,2500
6133,6133,1000
6134,6134,2500
6135,6135,1500
6136,6136,1000
6137,6137,1500
6138,6138,500
6139,6139,1500
6140,6140,1000
6141,6141,1000
6142,6142,1500
6143,6143,2500
6144,6144,1000
6145,6145,1500
6146,6146,1500
6147,6147,1500
6148,6148,500
6149,6149,2000
6150,6150,3000
6151,6151,3000
6152,6152,2500
6153,6153,1000
6154,6154,3000
6155,6155,1000
6156,6156,500
6157,6157,500
6158,6158,500
6159,6159,1000
6160,6160,3000
6161,6161,500
6162,6162,3000
6163,6163,500
6164,6164,3000
6165,6165,1000
6166,6166,3000
6167,6167,1500
6168,6168,1500
6169,6169,2000
6170,6170,2500
6171,6171,2000
6172,6172,3000
6173,6173,500
6174,6174,3000
6175,6175,2000
6176,6176,1500
6177,6177,3000
6178,6178,2500
6179,6179,500
6180,6180,2500
6181,6181,1500
6182,6182,2500
6183,6183,500
6184,6184,2500
6185,6185,3000
6186,6186,1000
6187,6187,2000
6188,6188,1500
6189,6189,1500
6190,6190,3000
6191,6191,3000
6192,6192,1500
6193,6193,1000
6194,6194,2500
6195,6195,3000
6196,6196,3000
6197,6197,3000
6198,6198,3000
6199,6199,1500
6200,6200,2500
6201,6201,1500
6202,6202,3000
6203,6203,3000
6204,6204,2000
6205,6205,3000
6206,6206,3000
6207,6207,3000
6208,6208,1000
6209,6209,500
6210,6210,3000
6211,6211,1000
6212,6212,1000
6213,6213,3000
6214,6214,3000
6215,6215,500
6216,6216,1500
6217,6217,500
6218,6218,2000
6219,6219,1500
6220,6220,2500
6221,6221,500
6222,6222,1500
6223,6223,3000
6224,6224,3000
6225,6225,500
6226,6226,2000
6227,6227,1000
6228,6228,1500
6229,6229,1000
6230,6230,3000
6231,6231,500
6232,6232,3000
6233,6233,3000
6234,6234,3000
6235,6235,1500
6236,6236,1000
6237,6237,2500
6238,6238,1500
6239,6239,3000
6240,6240,2000
6241,6241,1000
6242,6242,3000
6243,6243,3000
6244,6244,1500
6245,6245,2500
6246,6246,3000
6247,6247,3000
6248,6248,2000
6249,6249,2500
6250,6250,1500
6251,6251,1500
6252,6252,1000
6253,6253,1000
6254,6254,2000
6255,6255,3000
6256,6256,500
6257,6257,3000
6258,6258,3000
6259,6259,3000
6260,6260,1000
6261,6261,2500
6262,6262,3000
6263,6263,3000
6264,6264,2500
6265,6265,500
6266,6266,3000
6267,6267,500
6268,6268,1500
6269,6269,1500
6270,6270,3000
6271,6271,1500
6272,6272,1500
6273,6273,3000
6274,6274,1000
6275,6275,2000
6276,6276,1500
6277,6277,3000
6278,6278,2500
6279,6279,1000
6280,6280,2000
6281,6281,500
6282,6282,1500
6283,6283,2500
6284,6284,2500
6285,6285,1000
6286,6286,500
6287,6287,500
6288,6288,3000
6289,6289,2000
6290,6290,500
6291,6291,3000
6292,6292,3000
6293,6293,2000
6294,6294,2500
6295,6295,3000
6296,6296,3000
6297,6297,3000
6298,6298,1500
6299,6299,3000
6300,6300,500
6301,6301,500
6302,6302,3000
6303,6303,500
6304,6304,1500
6305,6305,3000
6306,6306,3000
6307,6307,2000
6308,6308,3000
6309,6309,2000
6310,6310,1500
6311,6311,3000
6312,6312,500
6313,6313,1500
6314,6314,1500
6315,6315,1000
6316,6316,1500
6317,6317,3000
6318,6318,2500
6319,6319,2000
6320,6320,2000
6321,6321,1000
6322,6322,1000
6323,6323,1000
6324,6324,1500
6325,6325,2500
6326,6326,1500
6327,6327,1500
6328,6328,2500
6329,6329,1500
6330,6330,1500
6331,6331,500
6332,6332,2000
6333,6333,2500
6334,6334,2000
6335,6335,3000
6336,6336,2500
6337,6337,1500
6338,6338,1500
6339,6339,3000
6340,6340,2000
6341,6341,1500
6342,6342,3000
6343,6343,1000
6344,6344,3000
6345,6345,2500
6346,6346,3000
6347,6347,1500
6348,6348,1500
6349,6349,1000
6350,6350,3000
6351,6351,500
6352,6352,3000
6353,6353,2000
6354,6354,1500
6355,6355,1500
6356,6356,1500
6357,6357,1000
6358,6358,500
6359,6359,1500
6360,6360,1500
6361,6361,1500
6362,6362,1500
6363,6363,3000
6364,6364,1000
6365,6365,1000
6366,6366,2000
6367,6367,2000
6368,6368,3000
6369,6369,3000
6370,6370,1000
6371,6371,3000
6372,6372,2500
6373,6373,500
6374,6374,3000
6375,6375,2000
6376,6376,2000
6377,6377,2500
6378,6378,1000
6379,6379,1000
6380,6380,2000
6381,6381,500
6382,6382,3000
6383,6383,3000
6384,6384,2500
6385,6385,1500
6386,6386,500
6387,6387,3000
6388,6388,500
6389,6389,2000
6390,6390,1500
6391,6391,3000
6392,6392,1500
6393,6393,3000
6394,6394,2500
6395,6395,3000
6396,6396,3000
6397,6397,2000
6398,6398,2500
6399,6399,1500
6400,6400,2000
6401,6401,1500
6402,6402,3000
6403,6403,3000
6404,6404,3000
6405,6405,2000
6406,6406,500
6407,6407,1000
6408,6408,2500
6409,6409,3000
6410,6410,2500
6411,6411,1500
6412,6412,500
6413,6413,2500
6414,6414,3000
6415,6415,1500
6416,6416,2500
6417,6417,500
6418,6418,2000
6419,6419,2500
6420,6420,500
6421,6421,3000
6422,6422,2000
6423,6423,3000
6424,6424,1000
6425,6425,2500
6426,6426,3000
6427,6427,2500
6428,6428,1500
6429,6429,2000
6430,6430,2500
6431,6431,2000
6432,6432,3000
6433,6433,500
6434,6434,1500
6435,6435,500
6436,6436,3000
6437,6437,1500
6438,6438,3000
6439,6439,500
6440,6440,2500
6441,6441,3000
6442,6442,1500
6443,6443,3000
6444,6444,1500
6445,6445,2000
6446,6446,1500
6447,6447,3000
6448,6448,1500
6449,6449,1000
6450,6450,1500
6451,6451,1000
6452,6452,3000
6453,6453,3000
6454,6454,500
6455,6455,500
6456,6456,3000
6457,6457,2000
6458,6458,1000
6459,6459,1000
6460,6460,3000
6461,6461,2000
6462,6462,3000
6463,6463,3000
6464,6464,2000
6465,6465,1500
6466,6466,3000
6467,6467,3000
6468,6468,3000
6469,6469,3000
6470,6470,2000
6471,6471,1500
6472,6472,3000
6473,6473,2000
6474,6474,1000
6475,6475,3000
6476,6476,1500
6477,6477,2500
6478,6478,3000
6479,6479,500
6480,6480,3000
6481,6481,2000
6482,6482,3000
6483,6483,2500
6484,6484,3000
6485,6485,2000
6486,6486,3000
6487,6487,3000
6488,6488,3000
6489,6489,2000
6490,6490,3000
6491,6491,1500
6492,6492,2000
6493,6493,500
6494,6494,2000
6495,6495,1500
6496,6496,1000
6497,6497,2500
6498,6498,3000
6499,6499,1500
6500,6500,500
6501,6501,3000
6502,6502,3000
6503,6503,1500
6504,6504,2500
6505,6505,1500
6506,6506,3000
6507,6507,1500
6508,6508,3000
6509,6509,3000
6510,6510,2000
6511,6511,3000
6512,6512,3000
6513,6513,3000
6514,6514,2000
6515,6515,3000
6516,6516,500
6517,6517,500
6518,6518,3000
6519,6519,1000
6520,6520,2000
6521,6521,3000
6522,6522,2000
6523,6523,2000
6524,6524,1500
6525,6525,500
6526,6526,1500
6527,6527,500
6528,6528,3000
6529,6529,3000
6530,6530,1500
6531,6531,2500
6532,6532,3000
6533,6533,1500
6534,6534,1000
6535,6535,1500
6536,6536,3000
6537,6537,2500
6538,6538,3000
6539,6539,500
6540,6540,500
6541,6541,1500
6542,6542,1500
6543,6543,1000
6544,6544,500
6545,6545,3000
6546,6546,1500
6547,6547,1000
6548,6548,2000
6549,6549,2000
6550,6550,1000
6551,6551,1000
6552,6552,500
6553,6553,1000
6554,6554,500
6555,6555,1000
6556,6556,3000
6557,6557,500
6558,6558,3000
6559,6559,1500
6560,6560,1500
6561,6561,500
6562,6562,1000
6563,6563,1500
6564,6564,1500
6565,6565,3000
6566,6566,500
6567,6567,3000
6568,6568,1500
6569,6569,2000
6570,6570,1000
6571,6571,3000
6572,6572,500
6573,6573,3000
6574,6574,3000
6575,6575,3000
6576,6576,3000
6577,6577,1500
6578,6578,1500
6579,6579,3000
6580,6580,500
6581,6581,2500
6582,6582,2000
6583,6583,1500
6584,6584,1000
6585,6585,3000
6586,6586,3000
6587,6587,3000
6588,6588,2000
6589,6589,3000
6590,6590,3000
6591,6591,3000
6592,6592,3000
6593,6593,3000
6594,6594,2000
6595,6595,2000
6596,6596,500
6597,6597,500
6598,6598,2500
6599,6599,2500
6600,6600,1000
6601,6601,1500
6602,6602,1000
6603,6603,3000
6604,6604,2000
6605,6605,3000
6606,6606,3000
6607,6607,2000
6608,6608,500
6609,6609,2500
6610,6610,2000
6611,6611,2000
6612,6612,1500
6613,6613,3000
6614,6614,1500
6615,6615,1500
6616,6616,1000
6617,6617,1500
6618,6618,3000
6619,6619,3000
6620,6620,1000
6621,6621,500
6622,6622,2000
6623,6623,2500
6624,6624,3000
6625,6625,1500
6626,6626,3000
6627,6627,1500
6628,6628,3000
6629,6629,500
6630,6630,2000
6631,6631,1000
6632,6632,2500
6633,6633,1500
6634,6634,1500
6635,6635,2000
6636,6636,3000
6637,6637,1500
6638,6638,1500
6639,6639,1500
6640,6640,1000
6641,6641,3000
6642,6642,3000
6643,6643,1500
6644,6644,1000
6645,6645,1500
6646,6646,1500
6647,6647,1500
6648,6648,3000
6649,6649,1500
6650,6650,2500
6651,6651,3000
6652,6652,1500
6653,6653,3000
6654,6654,2500
6655,6655,3000
6656,6656,3000
6657,6657,2500
6658,6658,1500
6659,6659,2500
6660,6660,1500
6661,6661,3000
6662,6662,1500
6663,6663,1500
6664,6664,3000
6665,6665,2000
6666,6666,500
6667,6667,1500
6668,6668,1500
6669,6669,1500
6670,6670,3000
6671,6671,500
6672,6672,1000
6673,6673,3000
6674,6674,2000
6675,6675,2500
6676,6676,3000
6677,6677,3000
6678,6678,1500
6679,6679,3000
6680,6680,1500
6681,6681,3000
6682,6682,1000
6683,6683,2500
6684,6684,3000
6685,6685,2500
6686,6686,3000
6687,6687,2000
6688,6688,1000
6689,6689,500
6690,6690,1000
6691,6691,500
6692,6692,500
6693,6693,3000
6694,6694,3000
6695,6695,500
6696,6696,1500
6697,6697,2500
6698,6698,1500
6699,6699,1000
6700,6700,3000
6701,6701,3000
6702,6702,3000
6703,6703,1500
6704,6704,2000
6705,6705,3000
6706,6706,500
6707,6707,1000
6708,6708,2000
6709,6709,1500
6710,6710,1000
6711,6711,3000
6712,6712,3000
6713,6713,3000
6714,6714,1500
6715,6715,1000
6716,6716,1000
6717,6717,3000
6718,6718,2500
6719,6719,500
6720,6720,1500
6721,6721,1500
6722,6722,1000
6723,6723,500
6724,6724,2500
6725,6725,3000
6726,6726,1500
6727,6727,3000
6728,6728,3000
6729,6729,2000
6730,6730,3000
6731,6731,3000
6732,6732,2500
6733,6733,2500
6734,6734,2000
6735,6735,3000
6736,6736,3000
6737,6737,1000
6738,6738,2500
6739,6739,1500
6740,6740,1000
6741,6741,3000
6742,6742,500
6743,6743,3000
6744,6744,1000
6745,6745,1500
6746,6746,1500
6747,6747,1500
6748,6748,3000
6749,6749,1500
6750,6750,2500
6751,6751,2000
6752,6752,3000
6753,6753,3000
6754,6754,2500
6755,6755,3000
6756,6756,3000
6757,6757,1500
6758,6758,1000
6759,6759,1500
6760,6760,2000
6761,6761,1000
6762,6762,2500
6763,6763,1500
6764,6764,2000
6765,6765,3000
6766,6766,3000
6767,6767,2500
6768,6768,2000
6769,6769,1500
6770,6770,3000
6771,6771,3000
6772,6772,3000
6773,6773,2000
6774,6774,2000
6775,6775,3000
6776,6776,1000
6777,6777,1000
6778,6778,500
6779,6779,1500
6780,6780,3000
6781,6781,1000
6782,6782,1000
6783,6783,2500
6784,6784,3000
6785,6785,2500
6786,6786,500
6787,6787,2000
6788,6788,3000
6789,6789,3000
6790,6790,3000
6791,6791,1000
6792,6792,2000
6793,6793,3000
6794,6794,2000
6795,6795,2000
6796,6796,3000
6797,6797,1000
6798,6798,3000
6799,6799,1500
6800,6800,3000
6801,6801,3000
6802,6802,3000
6803,6803,3000
6804,6804,2000
6805,6805,1500
6806,6806,2000
6807,6807,1000
6808,6808,3000
6809,6809,2500
6810,6810,3000
6811,6811,1000
6812,6812,1000
6813,6813,1000
6814,6814,3000
6815,6815,1500
6816,6816,1000
6817,6817,1500
6818,6818,3000
6819,6819,3000
6820,6820,1000
6821,6821,500
6822,6822,3000
6823,6823,1500
6824,6824,1500
6825,6825,3000
6826,6826,1500
6827,6827,1500
6828,6828,1500
6829,6829,1000
6830,6830,1000
6831,6831,2500
6832,6832,1000
6833,6833,2500
6834,6834,3000
6835,6835,1500
6836,6836,1500
6837,6837,3000
6838,6838,1500
6839,6839,500
6840,6840,1500
6841,6841,3000
6842,6842,1500
6843,6843,1500
6844,6844,3000
6845,6845,1500
6846,6846,1500
6847,6847,1500
6848,6848,3000
6849,6849,3000
6850,6850,2000
6851,6851,1000
6852,6852,2500
6853,6853,3000
6854,6854,3000
6855,6855,3000
6856,6856,2000
6857,6857,3000
6858,6858,3000
6859,6859,3000
6860,6860,2500
6861,6861,1500
6862,6862,1500
6863,6863,1500
6864,6864,1500
6865,6865,2000
6866,6866,2500
6867,6867,3000
6868,6868,3000
6869,6869,3000
6870,6870,2500
6871,6871,3000
6872,6872,2500
6873,6873,3000
6874,6874,2000
6875,6875,2500
6876,6876,3000
6877,6877,1000
6878,6878,3000
6879,6879,3000
6880,6880,2500
6881,6881,3000
6882,6882,1000
6883,6883,500
6884,6884,1000
6885,6885,1500
6886,6886,2500
6887,6887,3000
6888,6888,1500
6889,6889,500
6890,6890,2500
6891,6891,3000
6892,6892,2000
6893,6893,3000
6894,6894,1500
6895,6895,1000
6896,6896,2500
6897,6897,2500
6898,6898,500
6899,6899,1500
6900,6900,3000
6901,6901,3000
6902,6902,3000
6903,6903,2000
6904,6904,2000
6905,6905,3000
6906,6906,1500
6907,6907,3000
6908,6908,1000
6909,6909,1500
6910,6910,1000
6911,6911,3000
6912,6912,500
6913,6913,3000
6914,6914,1000
6915,6915,3000
6916,6916,3000
6917,6917,2500
6918,6918,2000
6919,6919,3000
6920,6920,1500
6921,6921,3000
6922,6922,2500
6923,6923,1500
6924,6924,2500
6925,6925,3000
6926,6926,1000
6927,6927,2000
6928,6928,3000
6929,6929,1500
6930,6930,3000
6931,6931,1000
6932,6932,2000
6933,6933,1500
6934,6934,3000
6935,6935,3000
6936,6936,1500
6937,6937,3000
6938,6938,500
6939,6939,3000
6940,6940,500
6941,6941,2500
6942,6942,1500
6943,6943,1500
6944,6944,2000
6945,6945,3000
6946,6946,2500
6947,6947,500
6948,6948,1500
6949,6949,3000
6950,6950,1500
6951,6951,500
6952,6952,1000
6953,6953,3000
6954,6954,2000
6955,6955,3000
6956,6956,3000
6957,6957,500
6958,6958,3000
6959,6959,3000
6960,6960,3000
6961,6961,3000
6962,6962,1500
6963,6963,1000
6964,6964,1500
6965,6965,1000
6966,6966,1000
6967,6967,1500
6968,6968,500
6969,6969,2000
6970,6970,500
6971,6971,500
6972,6972,1500
6973,6973,500
6974,6974,3000
6975,6975,2500
6976,6976,2000
6977,6977,2000
6978,6978,3000
6979,6979,1500
6980,6980,3000
6981,6981,2500
6982,6982,1000
6983,6983,500
6984,6984,3000
6985,6985,1000
6986,6986,1500
6987,6987,500
6988,6988,1000
6989,6989,3000
6990,6990,1500
6991,6991,1500
6992,6992,2000
6993,6993,3000
6994,6994,3000
6995,6995,3000
6996,6996,500
6997,6997,3000
6998,6998,500
6999,6999,3000
7000,7000,3000
7001,7001,3000
7002,7002,2000
7003,7003,3000
7004,7004,1500
7005,7005,1500
7006,7006,2500
7007,7007,1000
7008,7008,3000
7009,7009,2000
7010,7010,1500
7011,7011,1000
7012,7012,1500
7013,7013,3000
7014,7014,1000
7015,7015,3000
7016,7016,1000
7017,7017,2000
7018,7018,1500
7019,7019,1500
7020,7020,3000
7021,7021,1500
7022,7022,3000
7023,7023,1500
7024,7024,3000
7025,7025,1500
7026,7026,500
7027,7027,3000
7028,7028,1500
7029,7029,3000
7030,7030,1000
7031,7031,1500
7032,7032,3000
7033,7033,2000
7034,7034,3000
7035,7035,3000
7036,7036,1500
7037,7037,1500
7038,7038,2500
7039,7039,1500
7040,7040,2500
7041,7041,500
7042,7042,2000
7043,7043,2500
7044,7044,3000
7045,7045,3000
7046,7046,1500
7047,7047,500
7048,7048,2000
7049,7049,1000
7050,7050,500
7051,7051,2000
7052,7052,1000
7053,7053,3000
7054,7054,1500
7055,7055,500
7056,7056,3000
7057,7057,500
7058,7058,3000
7059,7059,2500
7060,7060,3000
7061,7061,500
7062,7062,1000
7063,7063,3000
7064,7064,2500
7065,7065,500
7066,7066,1500
7067,7067,2000
7068,7068,1000
7069,7069,1000
7070,7070,2000
7071,7071,500
7072,7072,1000
7073,7073,1500
7074,7074,1000
7075,7075,3000
7076,7076,2000
7077,7077,3000
7078,7078,1000
7079,7079,3000
7080,7080,2500
7081,7081,2500
7082,7082,3000
7083,7083,2000
7084,7084,2000
7085,7085,3000
7086,7086,1500
7087,7087,2000
7088,7088,1500
7089,7089,1500
7090,7090,1000
7091,7091,2500
7092,7092,500
7093,7093,3000
7094,7094,500
7095,7095,1500
7096,7096,3000
7097,7097,2000
7098,7098,1500
7099,7099,3000
7100,7100,1500
7101,7101,1000
7102,7102,2000
7103,7103,3000
7104,7104,3000
7105,7105,1500
7106,7106,3000
7107,7107,1000
7108,7108,1500
7109,7109,1000
7110,7110,3000
7111,7111,1000
7112,7112,1500
7113,7113,2000
7114,7114,500
7115,7115,3000
7116,7116,3000
7117,7117,1000
7118,7118,3000
7119,7119,3000
7120,7120,1000
7121,7121,1000
7122,7122,500
7123,7123,2500
7124,7124,1500
7125,7125,3000
7126,7126,500
7127,7127,2500
7128,7128,500
7129,7129,1500
7130,7130,500
7131,7131,3000
7132,7132,500
7133,7133,1500
7134,7134,1500
7135,7135,2500
7136,7136,1000
7137,7137,3000
7138,7138,2000
7139,7139,3000
7140,7140,2500
7141,7141,1000
7142,7142,500
7143,7143,1500
7144,7144,1500
7145,7145,3000
7146,7146,1500
7147,7147,500
7148,7148,2500
7149,7149,2000
7150,7150,1500
7151,7151,2000
7152,7152,1000
7153,7153,500
7154,7154,2000
7155,7155,3000
7156,7156,2000
7157,7157,1500
7158,7158,3000
7159,7159,1000
7160,7160,500
7161,7161,3000
7162,7162,1500
7163,7163,1000
7164,7164,1500
7165,7165,3000
7166,7166,3000
7167,7167,1500
7168,7168,2000
7169,7169,2000
7170,7170,2500
7171,7171,1500
7172,7172,3000
7173,7173,500
7174,7174,3000
7175,7175,2500
7176,7176,3000
7177,7177,1000
7178,7178,2000
7179,7179,2500
7180,7180,3000
7181,7181,3000
7182,7182,500
7183,7183,2500
7184,7184,1500
7185,7185,1000
7186,7186,3000
7187,7187,2500
7188,7188,3000
7189,7189,1500
7190,7190,3000
7191,7191,3000
7192,7192,3000
7193,7193,500
7194,7194,3000
7195,7195,500
7196,7196,3000
7197,7197,1500
7198,7198,500
7199,7199,500
7200,7200,1500
7201,7201,1000
7202,7202,2500
7203,7203,3000
7204,7204,2000
7205,7205,500
7206,7206,1500
7207,7207,1000
7208,7208,3000
7209,7209,3000
7210,7210,2000
7211,7211,3000
7212,7212,500
7213,7213,2000
7214,7214,3000
7215,7215,2500
7216,7216,2000
7217,7217,3000
7218,7218,3000
7219,7219,2500
7220,7220,2000
7221,7221,3000
7222,7222,3000
7223,7223,1000
7224,7224,500
7225,7225,1000
7226,7226,1500
7227,7227,1500
7228,7228,2500
7229,7229,3000
7230,7230,2000
7231,7231,1500
7232,7232,1500
7233,7233,2000
7234,7234,1000
7235,7235,2000
7236,7236,1500
7237,7237,2000
7238,7238,1500
7239,7239,500
7240,7240,1500
7241,7241,1500
7242,7242,1500
7243,7243,2500
7244,7244,1500
7245,7245,500
7246,7246,1500
7247,7247,2000
7248,7248,1500
7249,7249,2500
7250,7250,2500
7251,7251,500
7252,7252,1500
7253,7253,3000
7254,7254,1500
7255,7255,1500
7256,7256,3000
7257,7257,1500
7258,7258,3000
7259,7259,2000
7260,7260,1000
7261,7261,3000
7262,7262,500
7263,7263,2000
7264,7264,2000
7265,7265,2500
7266,7266,500
7267,7267,1500
7268,7268,500
7269,7269,2500
7270,7270,2500
7271,7271,1000
7272,7272,2000
7273,7273,3000
7274,7274,2500
7275,7275,2500
7276,7276,2000
7277,7277,3000
7278,7278,1000
7279,7279,2000
7280,7280,500
7281,7281,500
7282,7282,1000
7283,7283,1000
7284,7284,2500
7285,7285,3000
7286,7286,3000
7287,7287,1500
7288,7288,3000
7289,7289,1500
7290,7290,2000
7291,7291,2000
7292,7292,1500
7293,7293,1000
7294,7294,1500
7295,7295,1000
7296,7296,2500
7297,7297,2500
7298,7298,1500
7299,7299,3000
7300,7300,1500
7301,7301,1000
7302,7302,2500
7303,7303,1500
7304,7304,1500
7305,7305,1000
7306,7306,3000
7307,7307,3000
7308,7308,2500
7309,7309,2000
7310,7310,1000
7311,7311,1000
7312,7312,2500
7313,7313,500
7314,7314,3000
7315,7315,3000
7316,7316,3000
7317,7317,1500
7318,7318,3000
7319,7319,1500
7320,7320,3000
7321,7321,1000
7322,7322,3000
7323,7323,3000
7324,7324,2000
7325,7325,1000
7326,7326,2000
7327,7327,3000
7328,7328,2000
7329,7329,3000
7330,7330,1500
7331,7331,1500
7332,7332,3000
7333,7333,1000
7334,7334,3000
7335,7335,2500
7336,7336,3000
7337,7337,3000
7338,7338,1500
7339,7339,2500
7340,7340,3000
7341,7341,3000
7342,7342,1500
7343,7343,2000
7344,7344,2500
7345,7345,2500
7346,7346,3000
7347,7347,500
7348,7348,3000
7349,7349,1500
7350,7350,2500
7351,7351,2000
7352,7352,3000
7353,7353,1000
7354,7354,1000
7355,7355,3000
7356,7356,1500
7357,7357,1500
7358,7358,1500
7359,7359,2000
7360,7360,1500
7361,7361,3000
7362,7362,500
7363,7363,1000
7364,7364,1000
7365,7365,3000
7366,7366,3000
7367,7367,1500
7368,7368,1500
7369,7369,2000
7370,7370,1500
7371,7371,1500
7372,7372,3000
7373,7373,1000
7374,7374,3000
7375,7375,2000
7376,7376,3000
7377,7377,3000
7378,7378,2500
7379,7379,2500
7380,7380,500
7381,7381,1500
7382,7382,3000
7383,7383,2000
7384,7384,3000
7385,7385,3000
7386,7386,3000
7387,7387,3000
7388,7388,2500
7389,7389,2000
7390,7390,1500
7391,7391,1500
7392,7392,3000
7393,7393,1500
7394,7394,2000
7395,7395,500
7396,7396,2500
7397,7397,1000
7398,7398,500
7399,7399,3000
7400,7400,500
7401,7401,500
7402,7402,500
7403,7403,2500
7404,7404,1500
7405,7405,1000
7406,7406,1500
7407,7407,3000
7408,7408,1500
7409,7409,1500
7410,7410,1000
7411,7411,3000
7412,7412,2000
7413,7413,3000
7414,7414,1500
7415,7415,500
7416,7416,2500
7417,7417,1500
7418,7418,3000
7419,7419,3000
7420,7420,1500
7421,7421,3000
7422,7422,1500
7423,7423,3000
7424,7424,1500
7425,7425,1000
7426,7426,3000
7427,7427,1500
7428,7428,3000
7429,7429,3000
7430,7430,3000
7431,7431,1000
7432,7432,2500
7433,7433,2500
7434,7434,3000
7435,7435,2500
7436,7436,3000
7437,7437,1500
7438,7438,3000
7439,7439,2000
7440,7440,3000
7441,7441,2500
7442,7442,3000
7443,7443,1500
7444,7444,3000
7445,7445,2000
7446,7446,3000
7447,7447,2000
7448,7448,2000
7449,7449,500
7450,7450,500
7451,7451,1500
7452,7452,2000
7453,7453,1000
7454,7454,2000
7455,7455,1500
7456,7456,3000
7457,7457,500
7458,7458,3000
7459,7459,500
7460,7460,3000
7461,7461,2000
7462,7462,500
7463,7463,2000
7464,7464,500
7465,7465,1500
7466,7466,3000
7467,7467,2500
7468,7468,500
7469,7469,500
7470,7470,500
7471,7471,2500
7472,7472,3000
7473,7473,3000
7474,7474,3000
7475,7475,2500
7476,7476,1500
7477,7477,2000
7478,7478,1500
7479,7479,1500
7480,7480,1000
7481,7481,3000
7482,7482,2500
7483,7483,2500
7484,7484,2500
7485,7485,1500
7486,7486,1500
7487,7487,2500
7488,7488,3000
7489,7489,3000
7490,7490,3000
7491,7491,500
7492,7492,3000
7493,7493,3000
7494,7494,3000
7495,7495,500
7496,7496,500
7497,7497,1000
7498,7498,3000
7499,7499,3000
7500,7500,3000
7501,7501,3000
7502,7502,3000
7503,7503,1500
7504,7504,3000
7505,7505,1000
7506,7506,3000
7507,7507,3000
7508,7508,1500
7509,7509,1500
7510,7510,2500
7511,7511,3000
7512,7512,1500
7513,7513,3000
7514,7514,3000
7515,7515,500
7516,7516,2000
7517,7517,2500
7518,7518,2500
7519,7519,2500
7520,7520,3000
7521,7521,3000
7522,7522,1500
7523,7523,2000
7524,7524,1500
7525,7525,500
7526,7526,3000
7527,7527,3000
7528,7528,500
7529,7529,1500
7530,7530,1000
7531,7531,3000
7532,7532,2000
7533,7533,3000
7534,7534,2500
7535,7535,1500
7536,7536,2500
7537,7537,1500
7538,7538,2000
7539,7539,1500
7540,7540,1000
7541,7541,1500
7542,7542,2000
7543,7543,3000
7544,7544,2500
7545,7545,2500
7546,7546,3000
7547,7547,2500
7548,7548,500
7549,7549,3000
7550,7550,1000
7551,7551,500
7552,7552,500
7553,7553,1500
7554,7554,3000
7555,7555,1500
7556,7556,3000
7557,7557,1500
7558,7558,1500
7559,7559,2000
7560,7560,3000
7561,7561,500
7562,7562,1500
7563,7563,1000
7564,7564,2500
7565,7565,2500
7566,7566,1500
7567,7567,3000
7568,7568,3000
7569,7569,500
7570,7570,3000
7571,7571,3000
7572,7572,3000
7573,7573,1500
7574,7574,2500
7575,7575,500
7576,7576,3000
7577,7577,1500
7578,7578,500
7579,7579,1000
7580,7580,1500
7581,7581,2000
7582,7582,1000
7583,7583,1500
7584,7584,1500
7585,7585,500
7586,7586,500
7587,7587,3000
7588,7588,3000
7589,7589,1000
7590,7590,2500
7591,7591,500
7592,7592,1500
7593,7593,1500
7594,7594,2500
7595,7595,3000
7596,7596,1500
7597,7597,500
7598,7598,2000
7599,7599,1000
7600,7600,1500
7601,7601,3000
7602,7602,2000
7603,7603,1000
7604,7604,2500
7605,7605,1500
7606,7606,2000
7607,7607,3000
7608,7608,3000
7609,7609,1500
7610,7610,3000
7611,7611,3000
7612,7612,3000
7613,7613,1500
7614,7614,3000
7615,7615,500
7616,7616,2500
7617,7617,2000
7618,7618,3000
7619,7619,1500
7620,7620,3000
7621,7621,3000
7622,7622,3000
7623,7623,3000
7624,7624,1500
7625,7625,3000
7626,7626,1500
7627,7627,3000
7628,7628,500
7629,7629,1500
7630,7630,1500
7631,7631,1500
7632,7632,1500
7633,7633,3000
7634,7634,3000
7635,7635,1500
7636,7636,3000
7637,7637,2000
7638,7638,3000
7639,7639,1500
7640,7640,1000
7641,7641,1500
7642,7642,500
7643,7643,2000
7644,7644,3000
7645,7645,2500
7646,7646,3000
7647,7647,500
7648,7648,1000
7649,7649,3000
7650,7650,2500
7651,7651,2500
7652,7652,1000
7653,7653,2500
7654,7654,3000
7655,7655,1500
7656,7656,3000
7657,7657,1500
7658,7658,1000
7659,7659,1500
7660,7660,500
7661,7661,2000
7662,7662,3000
7663,7663,1500
7664,7664,3000
7665,7665,2000
7666,7666,1500
7667,7667,3000
7668,7668,3000
7669,7669,3000
7670,7670,1500
7671,7671,1000
7672,7672,1000
7673,7673,1500
7674,7674,3000
7675,7675,2000
7676,7676,3000
7677,7677,3000
7678,7678,1000
7679,7679,500
7680,7680,1500
7681,7681,1000
7682,7682,1500
7683,7683,3000
7684,7684,1500
7685,7685,500
7686,7686,3000
7687,7687,3000
7688,7688,3000
7689,7689,1000
7690,7690,1000
7691,7691,3000
7692,7692,3000
7693,7693,500
7694,7694,2500
7695,7695,2500
7696,7696,1000
7697,7697,1000
7698,7698,1000
7699,7699,1500
7700,7700,1500
7701,7701,1500
7702,7702,1000
7703,7703,2500
7704,7704,2500
7705,7705,500
7706,7706,3000
7707,7707,2000
7708,7708,1000
7709,7709,500
7710,7710,2500
7711,7711,2000
7712,7712,1000
7713,7713,3000
7714,7714,2500
7715,7715,1500
7716,7716,2500
7717,7717,2500
7718,7718,1500
7719,7719,3000
7720,7720,500
7721,7721,2500
7722,7722,2000
7723,7723,500
7724,7724,1000
7725,7725,2500
7726,7726,3000
7727,7727,3000
7728,7728,3000
7729,7729,1500
7730,7730,1500
7731,7731,3000
7732,7732,2000
7733,7733,1500
7734,7734,1500
7735,7735,1000
7736,7736,3000
7737,7737,1000
7738,7738,2500
7739,7739,1500
7740,7740,2500
7741,7741,2000
7742,7742,500
7743,7743,3000
7744,7744,500
7745,7745,1500
7746,7746,3000
7747,7747,3000
7748,7748,1500
7749,7749,500
7750,7750,2000
7751,7751,2500
7752,7752,500
7753,7753,1500
7754,7754,3000
7755,7755,1000
7756,7756,2000
7757,7757,3000
7758,7758,3000
7759,7759,2500
7760,7760,3000
7761,7761,3000
7762,7762,3000
7763,7763,2500
7764,7764,500
7765,7765,1500
7766,7766,2500
7767,7767,2000
7768,7768,3000
7769,7769,3000
7770,7770,2000
7771,7771,1500
7772,7772,3000
7773,7773,3000
7774,7774,500
7775,7775,1500
7776,7776,3000
7777,7777,3000
7778,7778,1500
7779,7779,1500
7780,7780,2500
7781,7781,3000
7782,7782,1500
7783,7783,500
7784,7784,2500
7785,7785,3000
7786,7786,2500
7787,7787,500
7788,7788,2000
7789,7789,2000
7790,7790,1500
7791,7791,1000
7792,7792,3000
7793,7793,500
7794,7794,3000
7795,7795,3000
7796,7796,2000
7797,7797,2500
7798,7798,2000
7799,7799,1500
7800,7800,2000
7801,7801,1500
7802,7802,1500
7803,7803,1500
7804,7804,3000
7805,7805,2000
7806,7806,1500
7807,7807,1500
7808,7808,3000
7809,7809,2000
7810,7810,1500
7811,7811,3000
7812,7812,500
7813,7813,3000
7814,7814,2000
7815,7815,3000
7816,7816,1500
7817,7817,1500
7818,7818,1500
7819,7819,3000
7820,7820,500
7821,7821,3000
7822,7822,2500
7823,7823,2000
7824,7824,3000
7825,7825,1500
7826,7826,1500
7827,7827,500
7828,7828,1000
7829,7829,1500
7830,7830,1500
7831,7831,1000
7832,7832,2000
7833,7833,3000
7834,7834,1500
7835,7835,3000
7836,7836,500
7837,7837,2500
7838,7838,3000
7839,7839,500
7840,7840,3000
7841,7841,3000
7842,7842,500
7843,7843,2500
7844,7844,1500
7845,7845,3000
7846,7846,2500
7847,7847,1000
7848,7848,2000
7849,7849,2000
7850,7850,500
7851,7851,2000
7852,7852,3000
7853,7853,2000
7854,7854,2500
7855,7855,2500
7856,7856,2500
7857,7857,3000
7858,7858,1500
7859,7859,1500
7860,7860,3000
7861,7861,500
7862,7862,1000
7863,7863,3000
7864,7864,3000
7865,7865,3000
7866,7866,2500
7867,7867,1500
7868,7868,2000
7869,7869,1500
7870,7870,3000
7871,7871,3000
7872,7872,2500
7873,7873,1000
7874,7874,500
7875,7875,1000
7876,7876,3000
7877,7877,1500
7878,7878,500
7879,7879,3000
7880,7880,3000
7881,7881,2500
7882,7882,3000
7883,7883,500
7884,7884,1500
7885,7885,2500
7886,7886,1500
7887,7887,3000
7888,7888,3000
7889,7889,3000
7890,7890,3000
7891,7891,1500
7892,7892,2500
7893,7893,2500
7894,7894,1500
7895,7895,3000
7896,7896,3000
7897,7897,1000
7898,7898,3000
7899,7899,1500
7900,7900,2500
7901,7901,3000
7902,7902,3000
7903,7903,1500
7904,7904,1500
7905,7905,3000
7906,7906,2000
7907,7907,2000
7908,7908,3000
7909,7909,2500
7910,7910,3000
7911,7911,1500
7912,7912,1500
7913,7913,3000
7914,7914,1500
7915,7915,1000
7916,7916,500
7917,7917,3000
7918,7918,500
7919,7919,2500
7920,7920,500
7921,7921,3000
7922,7922,2000
7923,7923,2500
7924,7924,1500
7925,7925,1500
7926,7926,2500
7927,7927,1500
7928,7928,1000
7929,7929,2000
7930,7930,1000
7931,7931,3000
7932,7932,2500
7933,7933,2500
7934,7934,500
7935,7935,500
7936,7936,500
7937,7937,1500
7938,7938,2000
7939,7939,3000
7940,7940,3000
7941,7941,500
7942,7942,2500
7943,7943,3000
7944,7944,3000
7945,7945,3000
7946,7946,3000
7947,7947,3000
7948,7948,3000
7949,7949,3000
7950,7950,3000
7951,7951,500
7952,7952,2000
7953,7953,2500
7954,7954,3000
7955,7955,500
7956,7956,1500
7957,7957,3000
7958,7958,500
7959,7959,2000
7960,7960,1000
7961,7961,500
7962,7962,1500
7963,7963,2000
7964,7964,1500
7965,7965,1500
7966,7966,2000
7967,7967,1000
7968,7968,3000
7969,7969,2000
7970,7970,3000
7971,7971,3000
7972,7972,500
7973,7973,3000
7974,7974,3000
7975,7975,500
7976,7976,500
7977,7977,3000
7978,7978,3000
7979,7979,1500
7980,7980,3000
7981,7981,1500
7982,7982,1500
7983,7983,500
7984,7984,1500
7985,7985,3000
7986,7986,2000
7987,7987,1500
7988,7988,1000
7989,7989,1500
7990,7990,2500
7991,7991,2500
7992,7992,3000
7993,7993,500
7994,7994,2500
7995,7995,3000
7996,7996,3000
7997,7997,500
7998,7998,3000
7999,7999,3000
8000,8000,2500
8001,8001,2500
8002,8002,1500
8003,8003,2500
8004,8004,3000
8005,8005,2500
8006,8006,2500
8007,8007,3000
8008,8008,1500
8009,8009,3000
8010,8010,3000
8011,8011,500
8012,8012,500
8013,8013,1000
8014,8014,500
8015,8015,3000
8016,8016,2000
8017,8017,2500
8018,8018,1000
8019,8019,3000
8020,8020,2000
8021,8021,2500
8022,8022,3000
8023,8023,1500
8024,8024,500
8025,8025,500
8026,8026,500
8027,8027,2000
8028,8028,3000
8029,8029,3000
8030,8030,3000
8031,8031,3000
8032,8032,500
8033,8033,3000
8034,8034,1000
8035,8035,2000
8036,8036,1500
8037,8037,3000
8038,8038,500
8039,8039,3000
8040,8040,500
8041,8041,500
8042,8042,1000
8043,8043,500
8044,8044,1500
8045,8045,3000
8046,8046,500
8047,8047,1500
8048,8048,500
8049,8049,3000
8050,8050,500
8051,8051,1500
8052,8052,1000
8053,8053,2500
8054,8054,2500
8055,8055,1500
8056,8056,1500
8057,8057,2500
8058,8058,1500
8059,8059,2500
8060,8060,1500
8061,8061,3000
8062,8062,2000
8063,8063,3000
8064,8064,3000
8065,8065,500
8066,8066,1500
8067,8067,1500
8068,8068,2000
8069,8069,500
8070,8070,2500
8071,8071,3000
8072,8072,1500
8073,8073,2500
8074,8074,3000
8075,8075,500
8076,8076,3000
8077,8077,1000
8078,8078,3000
8079,8079,3000
8080,8080,1000
8081,8081,1500
8082,8082,1500
8083,8083,3000
8084,8084,1000
8085,8085,1000
8086,8086,2500
8087,8087,500
8088,8088,1500
8089,8089,3000
8090,8090,1500
8091,8091,1500
8092,8092,3000
8093,8093,2000
8094,8094,3000
8095,8095,500
8096,8096,3000
8097,8097,500
8098,8098,3000
8099,8099,1500
8100,8100,1500
8101,8101,500
8102,8102,2500
8103,8103,1500
8104,8104,1500
8105,8105,1000
8106,8106,500
8107,8107,3000
8108,8108,500
8109,8109,3000
8110,8110,1500
8111,8111,3000
8112,8112,1500
8113,8113,3000
8114,8114,1500
8115,8115,1500
8116,8116,1500
8117,8117,1000
8118,8118,1500
8119,8119,2000
8120,8120,1500
8121,8121,2000
8122,8122,500
8123,8123,3000
8124,8124,1500
8125,8125,3000
8126,8126,1500
8127,8127,1500
8128,8128,1500
8129,8129,3000
8130,8130,3000
8131,8131,1500
8132,8132,1500
8133,8133,2000
8134,8134,3000
8135,8135,2000
8136,8136,1500
8137,8137,1500
8138,8138,3000
8139,8139,3000
8140,8140,1500
8141,8141,3000
8142,8142,1500
8143,8143,1500
8144,8144,3000
8145,8145,1500
8146,8146,3000
8147,8147,500
8148,8148,1000
8149,8149,3000
8150,8150,1000
8151,8151,1500
8152,8152,2500
8153,8153,1500
8154,8154,3000
8155,8155,2000
8156,8156,1000
8157,8157,1500
8158,8158,2000
8159,8159,1500
8160,8160,3000
8161,8161,3000
8162,8162,2500
8163,8163,3000
8164,8164,1500
8165,8165,1000
8166,8166,2500
8167,8167,1500
8168,8168,2000
8169,8169,500
8170,8170,1000
8171,8171,3000
8172,8172,2500
8173,8173,1500
8174,8174,3000
8175,8175,1000
8176,8176,1500
8177,8177,1500
8178,8178,500
8179,8179,1500
8180,8180,1500
8181,8181,3000
8182,8182,1500
8183,8183,2500
8184,8184,3000
8185,8185,1500
8186,8186,3000
8187,8187,1500
8188,8188,500
8189,8189,2500
8190,8190,2000
8191,8191,3000
8192,8192,2500
8193,8193,3000
8194,8194,1000
8195,8195,1500
8196,8196,500
8197,8197,1000
8198,8198,1500
8199,8199,1000
8200,8200,1000
8201,8201,3000
8202,8202,1500
8203,8203,3000
8204,8204,500
8205,8205,3000
8206,8206,1500
8207,8207,1500
8208,8208,3000
8209,8209,3000
8210,8210,3000
8211,8211,1000
8212,8212,2500
8213,8213,3000
8214,8214,3000
8215,8215,1000
8216,8216,1000
8217,8217,500
8218,8218,1500
8219,8219,2000
8220,8220,500
8221,8221,2000
8222,8222,500
8223,8223,3000
8224,8224,2500
8225,8225,1500
8226,8226,3000
8227,8227,2000
8228,8228,2500
8229,8229,3000
8230,8230,3000
8231,8231,3000
8232,8232,500
8233,8233,1000
8234,8234,3000
8235,8235,1500
8236,8236,1500
8237,8237,1500
8238,8238,1000
8239,8239,3000
8240,8240,3000
8241,8241,3000
8242,8242,1500
8243,8243,1500
8244,8244,500
8245,8245,2500
8246,8246,3000
8247,8247,3000
8248,8248,500
8249,8249,3000
8250,8250,1500
8251,8251,2500
8252,8252,3000
8253,8253,3000
8254,8254,3000
8255,8255,1500
8256,8256,3000
8257,8257,3000
8258,8258,2500
8259,8259,3000
8260,8260,3000
8261,8261,1000
8262,8262,2000
8263,8263,1500
8264,8264,500
8265,8265,1500
8266,8266,1500
8267,8267,1500
8268,8268,500
8269,8269,500
8270,8270,500
8271,8271,3000
8272,8272,3000
8273,8273,2500
8274,8274,3000
8275,8275,1000
8276,8276,3000
8277,8277,3000
8278,8278,3000
8279,8279,3000
8280,8280,1000
8281,8281,1500
8282,8282,1500
8283,8283,1500
8284,8284,2000
8285,8285,2500
8286,8286,1500
8287,8287,1500
8288,8288,2500
8289,8289,500
8290,8290,2500
8291,8291,2500
8292,8292,3000
8293,8293,1000
8294,8294,2000
8295,8295,500
8296,8296,3000
8297,8297,1500
8298,8298,3000
8299,8299,1000
8300,8300,1500
8301,8301,1000
8302,8302,3000
8303,8303,3000
8304,8304,3000
8305,8305,3000
8306,8306,1500
8307,8307,1500
8308,8308,1500
8309,8309,2000
8310,8310,3000
8311,8311,2500
8312,8312,1500
8313,8313,1000
8314,8314,2000
8315,8315,1500
8316,8316,3000
8317,8317,3000
8318,8318,1500
8319,8319,1000
8320,8320,3000
8321,8321,500
8322,8322,2000
8323,8323,2500
8324,8324,1000
8325,8325,2000
8326,8326,3000
8327,8327,2500
8328,8328,3000
8329,8329,3000
8330,8330,1000
8331,8331,3000
8332,8332,500
8333,8333,1500
8334,8334,1500
8335,8335,2500
8336,8336,500
8337,8337,3000
8338,8338,1500
8339,8339,3000
8340,8340,1500
8341,8341,2000
8342,8342,3000
8343,8343,2500
8344,8344,500
8345,8345,3000
8346,8346,2500
8347,8347,1500
8348,8348,1500
8349,8349,3000
8350,8350,500
8351,8351,3000
8352,8352,500
8353,8353,3000
8354,8354,1500
8355,8355,1500
8356,8356,1000
8357,8357,1000
8358,8358,2500
8359,8359,1500
8360,8360,1500
8361,8361,1000
8362,8362,1500
8363,8363,1500
8364,8364,1500
8365,8365,2000
8366,8366,2500
8367,8367,1500
8368,8368,1000
8369,8369,3000
8370,8370,2000
8371,8371,3000
8372,8372,3000
8373,8373,3000
8374,8374,2000
8375,8375,2500
8376,8376,1000
8377,8377,2500
8378,8378,3000
8379,8379,1500
8380,8380,500
8381,8381,2000
8382,8382,500
8383,8383,1500
8384,8384,3000
8385,8385,2500
8386,8386,3000
8387,8387,2000
8388,8388,3000
8389,8389,2500
8390,8390,1500
8391,8391,1000
8392,8392,2000
8393,8393,3000
8394,8394,2500
8395,8395,3000
8396,8396,3000
8397,8397,2500
8398,8398,1500
8399,8399,3000
8400,8400,2000
8401,8401,3000
8402,8402,500
8403,8403,3000
8404,8404,1500
8405,8405,3000
8406,8406,3000
8407,8407,2500
8408,8408,1500
8409,8409,3000
8410,8410,2000
8411,8411,1500
8412,8412,3000
8413,8413,1000
8414,8414,2500
8415,8415,2000
8416,8416,3000
8417,8417,3000
8418,8418,3000
8419,8419,3000
8420,8420,3000
8421,8421,1000
8422,8422,1000
8423,8423,3000
8424,8424,500
8425,8425,3000
8426,8426,1000
8427,8427,1000
8428,8428,2500
8429,8429,3000
8430,8430,3000
8431,8431,500
8432,8432,1500
8433,8433,2000
8434,8434,2000
8435,8435,3000
8436,8436,2000
8437,8437,2500
8438,8438,1500
8439,8439,3000
8440,8440,3000
8441,8441,2500
8442,8442,1500
8443,8443,3000
8444,8444,2500
8445,8445,500
8446,8446,3000
8447,8447,3000
8448,8448,3000
8449,8449,1000
8450,8450,2500
8451,8451,3000
8452,8452,1000
8453,8453,3000
8454,8454,3000
8455,8455,1500
8456,8456,500
8457,8457,3000
8458,8458,1500
8459,8459,1000
8460,8460,1500
8461,8461,1500
8462,8462,1000
8463,8463,1500
8464,8464,2500
8465,8465,1500
8466,8466,2500
8467,8467,1500
8468,8468,1500
8469,8469,1000
8470,8470,2000
8471,8471,3000
8472,8472,500
8473,8473,3000
8474,8474,1500
8475,8475,1500
8476,8476,3000
8477,8477,2000
8478,8478,3000
8479,8479,1500
8480,8480,1500
8481,8481,500
8482,8482,2000
8483,8483,500
8484,8484,3000
8485,8485,1500
8486,8486,2000
8487,8487,2000
8488,8488,2500
8489,8489,2000
8490,8490,500
8491,8491,3000
8492,8492,500
8493,8493,1000
8494,8494,3000
8495,8495,1500
8496,8496,1500
8497,8497,2500
8498,8498,500
8499,8499,2000
8500,8500,1000
8501,8501,3000
8502,8502,1500
8503,8503,3000
8504,8504,2500
8505,8505,1500
8506,8506,2500
8507,8507,3000
8508,8508,500
8509,8509,1000
8510,8510,500
8511,8511,3000
8512,8512,500
8513,8513,2500
8514,8514,2000
8515,8515,1000
8516,8516,500
8517,8517,1500
8518,8518,2500
8519,8519,1500
8520,8520,2000
8521,8521,500
8522,8522,1000
8523,8523,1500
8524,8524,3000
8525,8525,3000
8526,8526,1500
8527,8527,2500
8528,8528,1500
8529,8529,3000
8530,8530,3000
8531,8531,3000
8532,8532,500
8533,8533,2000
8534,8534,2000
8535,8535,1500
8536,8536,500
8537,8537,1500
8538,8538,2500
8539,8539,2000
8540,8540,500
8541,8541,2000
8542,8542,2500
8543,8543,2500
8544,8544,2000
8545,8545,3000
8546,8546,1500
8547,8547,2500
8548,8548,1500
8549,8549,2000
8550,8550,2000
8551,8551,1000
8552,8552,2500
8553,8553,2500
8554,8554,500
8555,8555,1500
8556,8556,1500
8557,8557,3000
8558,8558,500
8559,8559,3000
8560,8560,3000
8561,8561,2500
8562,8562,3000
8563,8563,3000
8564,8564,3000
8565,8565,3000
8566,8566,1500
8567,8567,3000
8568,8568,2000
8569,8569,2500
8570,8570,3000
8571,8571,3000
8572,8572,2500
8573,8573,3000
8574,8574,1500
8575,8575,1000
8576,8576,1500
8577,8577,2500
8578,8578,1500
8579,8579,1500
8580,8580,3000
8581,8581,2500
8582,8582,3000
8583,8583,3000
8584,8584,2500
8585,8585,3000
8586,8586,2000
8587,8587,1500
8588,8588,3000
8589,8589,1500
8590,8590,2500
8591,8591,3000
8592,8592,1500
8593,8593,1500
8594,8594,2500
8595,8595,1500
8596,8596,500
8597,8597,3000
8598,8598,1500
8599,8599,3000
8600,8600,3000
8601,8601,500
8602,8602,2500
8603,8603,2000
8604,8604,500
8605,8605,3000
8606,8606,2500
8607,8607,2000
8608,8608,3000
8609,8609,2500
8610,8610,3000
8611,8611,1000
8612,8612,1000
8613,8613,1500
8614,8614,1500
8615,8615,3000
8616,8616,1500
8617,8617,1000
8618,8618,3000
8619,8619,3000
8620,8620,3000
8621,8621,500
8622,8622,1000
8623,8623,1000
8624,8624,3000
8625,8625,3000
8626,8626,3000
8627,8627,1500
8628,8628,3000
8629,8629,3000
8630,8630,2000
8631,8631,500
8632,8632,500
8633,8633,3000
8634,8634,2500
8635,8635,3000
8636,8636,3000
8637,8637,3000
8638,8638,1500
8639,8639,3000
8640,8640,3000
8641,8641,1500
8642,8642,2000
8643,8643,2500
8644,8644,3000
8645,8645,1500
8646,8646,500
8647,8647,500
8648,8648,3000
8649,8649,1000
8650,8650,1000
8651,8651,3000
8652,8652,3000
8653,8653,3000
8654,8654,1500
8655,8655,1000
8656,8656,3000
8657,8657,2500
8658,8658,1000
8659,8659,2500
8660,8660,500
8661,8661,1500
8662,8662,2000
8663,8663,3000
8664,8664,3000
8665,8665,3000
8666,8666,1000
8667,8667,1500
8668,8668,2000
8669,8669,2500
8670,8670,1500
8671,8671,1000
8672,8672,3000
8673,8673,3000
8674,8674,2000
8675,8675,500
8676,8676,500
8677,8677,3000
8678,8678,2000
8679,8679,1500
8680,8680,3000
8681,8681,1500
8682,8682,1500
8683,8683,3000
8684,8684,1000
8685,8685,3000
8686,8686,1500
8687,8687,3000
8688,8688,1000
8689,8689,3000
8690,8690,3000
8691,8691,1500
8692,8692,2000
8693,8693,3000
8694,8694,1500
8695,8695,1500
8696,8696,1500
8697,8697,1500
8698,8698,1500
8699,8699,3000
8700,8700,1500
8701,8701,500
8702,8702,3000
8703,8703,1500
8704,8704,1500
8705,8705,2000
8706,8706,2500
8707,8707,3000
8708,8708,3000
8709,8709,3000
8710,8710,3000
8711,8711,500
8712,8712,3000
8713,8713,1000
8714,8714,2000
8715,8715,2500
8716,8716,2500
8717,8717,1500
8718,8718,3000
8719,8719,2500
8720,8720,500
8721,8721,2500
8722,8722,2500
8723,8723,1500
8724,8724,1000
8725,8725,2000
8726,8726,2000
8727,8727,2000
8728,8728,1500
8729,8729,3000
8730,8730,3000
8731,8731,2000
8732,8732,1500
8733,8733,3000
8734,8734,1000
8735,8735,3000
8736,8736,3000
8737,8737,3000
8738,8738,3000
8739,8739,3000
8740,8740,3000
8741,8741,1000
8742,8742,1000
8743,8743,1500
8744,8744,3000
8745,8745,3000
8746,8746,2000
8747,8747,500
8748,8748,3000
8749,8749,500
8750,8750,2500
8751,8751,3000
8752,8752,2500
8753,8753,2500
8754,8754,1500
8755,8755,3000
8756,8756,500
8757,8757,2000
8758,8758,500
8759,8759,2500
8760,8760,1000
8761,8761,3000
8762,8762,1500
8763,8763,500
8764,8764,1500
8765,8765,2500
8766,8766,1500
8767,8767,500
8768,8768,2500
8769,8769,500
8770,8770,1500
8771,8771,1500
8772,8772,1500
8773,8773,3000
8774,8774,3000
8775,8775,2500
8776,8776,3000
8777,8777,500
8778,8778,1000
8779,8779,2500
8780,8780,1500
8781,8781,1500
8782,8782,3000
8783,8783,3000
8784,8784,1500
8785,8785,3000
8786,8786,500
8787,8787,500
8788,8788,3000
8789,8789,3000
8790,8790,3000
8791,8791,2000
8792,8792,3000
8793,8793,2500
8794,8794,1500
8795,8795,1000
8796,8796,2000
8797,8797,3000
8798,8798,500
8799,8799,3000
8800,8800,500
8801,8801,1500
8802,8802,2500
8803,8803,3000
8804,8804,1500
8805,8805,1500
8806,8806,1000
8807,8807,1500
8808,8808,2500
8809,8809,3000
8810,8810,2500
8811,8811,1500
8812,8812,3000
8813,8813,1500
8814,8814,3000
8815,8815,500
8816,8816,3000
8817,8817,2000
8818,8818,2500
8819,8819,1500
8820,8820,3000
8821,8821,1500
8822,8822,3000
8823,8823,3000
8824,8824,1500
8825,8825,1500
8826,8826,1000
8827,8827,3000
8828,8828,1500
8829,8829,1500
8830,8830,3000
8831,8831,3000
8832,8832,1000
8833,8833,3000
8834,8834,1500
8835,8835,1500
8836,8836,1000
8837,8837,3000
8838,8838,1500
8839,8839,2500
8840,8840,2500
8841,8841,1500
8842,8842,500
8843,8843,1000
8844,8844,500
8845,8845,2000
8846,8846,3000
8847,8847,3000
8848,8848,2000
8849,8849,3000
8850,8850,2000
8851,8851,3000
8852,8852,1500
8853,8853,2500
8854,8854,3000
8855,8855,1500
8856,8856,1500
8857,8857,2000
8858,8858,1500
8859,8859,3000
8860,8860,3000
8861,8861,3000
8862,8862,1000
8863,8863,3000
8864,8864,2000
8865,8865,1500
8866,8866,3000
8867,8867,3000
8868,8868,500
8869,8869,3000
8870,8870,3000
8871,8871,2000
8872,8872,1500
8873,8873,3000
8874,8874,2500
8875,8875,3000
8876,8876,3000
8877,8877,3000
8878,8878,1500
8879,8879,2500
8880,8880,2000
8881,8881,2500
8882,8882,1000
8883,8883,3000
8884,8884,1500
8885,8885,2500
8886,8886,3000
8887,8887,500
8888,8888,1500
8889,8889,3000
8890,8890,1500
8891,8891,1500
8892,8892,1000
8893,8893,3000
8894,8894,3000
8895,8895,2000
8896,8896,2000
8897,8897,2500
8898,8898,3000
8899,8899,1500
8900,8900,3000
8901,8901,3000
8902,8902,2500
8903,8903,1500
8904,8904,3000
8905,8905,1000
8906,8906,3000
8907,8907,1000
8908,8908,1500
8909,8909,500
8910,8910,1500
8911,8911,1500
8912,8912,3000
8913,8913,500
8914,8914,3000
8915,8915,1500
8916,8916,2000
8917,8917,3000
8918,8918,3000
8919,8919,3000
8920,8920,500
8921,8921,1500
8922,8922,1500
8923,8923,3000
8924,8924,2500
8925,8925,3000
8926,8926,3000
8927,8927,2500
8928,8928,500
8929,8929,1000
8930,8930,1500
8931,8931,500
8932,8932,3000
8933,8933,3000
8934,8934,1000
8935,8935,2000
8936,8936,3000
8937,8937,3000
8938,8938,500
8939,8939,1000
8940,8940,3000
8941,8941,3000
8942,8942,3000
8943,8943,2000
8944,8944,3000
8945,8945,1500
8946,8946,2500
8947,8947,500
8948,8948,1000
8949,8949,2500
8950,8950,2000
8951,8951,1000
8952,8952,1500
8953,8953,3000
8954,8954,2000
8955,8955,3000
8956,8956,1500
8957,8957,2500
8958,8958,3000
8959,8959,3000
8960,8960,1500
8961,8961,500
8962,8962,1500
8963,8963,3000
8964,8964,1500
8965,8965,2000
8966,8966,500
8967,8967,3000
8968,8968,1500
8969,8969,1500
8970,8970,500
8971,8971,3000
8972,8972,3000
8973,8973,1500
8974,8974,1500
8975,8975,3000
8976,8976,1500
8977,8977,1500
8978,8978,3000
8979,8979,1000
8980,8980,1000
8981,8981,2000
8982,8982,1500
8983,8983,2000
8984,8984,1500
8985,8985,3000
8986,8986,1000
8987,8987,1000
8988,8988,2500
8989,8989,1500
8990,8990,1000
8991,8991,2000
8992,8992,1500
8993,8993,3000
8994,8994,500
8995,8995,3000
8996,8996,3000
8997,8997,2000
8998,8998,2500
8999,8999,1000
9000,9000,500
9001,9001,2000
9002,9002,500
9003,9003,1000
9004,9004,2000
9005,9005,1500
9006,9006,3000
9007,9007,3000
9008,9008,500
9009,9009,1000
9010,9010,2000
9011,9011,1500
9012,9012,2500
9013,9013,1500
9014,9014,2500
9015,9015,500
9016,9016,3000
9017,9017,1500
9018,9018,2500
9019,9019,3000
9020,9020,3000
9021,9021,1500
9022,9022,3000
9023,9023,3000
9024,9024,3000
9025,9025,2500
9026,9026,3000
9027,9027,3000
9028,9028,1000
9029,9029,3000
9030,9030,1500
9031,9031,1500
9032,9032,1500
9033,9033,1000
9034,9034,3000
9035,9035,500
9036,9036,1500
9037,9037,2500
9038,9038,3000
9039,9039,1500
9040,9040,3000
9041,9041,2500
9042,9042,500
9043,9043,3000
9044,9044,500
9045,9045,2000
9046,9046,3000
9047,9047,1500
9048,9048,1000
9049,9049,1000
9050,9050,1500
9051,9051,2500
9052,9052,1500
9053,9053,2500
9054,9054,1500
9055,9055,1000
9056,9056,3000
9057,9057,2000
9058,9058,1500
9059,9059,3000
9060,9060,1500
9061,9061,3000
9062,9062,3000
9063,9063,2000
9064,9064,1500
9065,9065,1000
9066,9066,1500
9067,9067,3000
9068,9068,3000
9069,9069,3000
9070,9070,2000
9071,9071,2000
9072,9072,1000
9073,9073,2500
9074,9074,2000
9075,9075,2500
9076,9076,2000
9077,9077,3000
9078,9078,500
9079,9079,3000
9080,9080,3000
9081,9081,1500
9082,9082,1500
9083,9083,3000
9084,9084,3000
9085,9085,3000
9086,9086,500
9087,9087,2000
9088,9088,3000
9089,9089,1500
9090,9090,3000
9091,9091,2500
9092,9092,3000
9093,9093,3000
9094,9094,3000
9095,9095,2500
9096,9096,3000
9097,9097,1500
9098,9098,1000
9099,9099,2000
9100,9100,1500
9101,9101,500
9102,9102,3000
9103,9103,3000
9104,9104,3000
9105,9105,3000
9106,9106,1500
9107,9107,2000
9108,9108,1500
9109,9109,1500
9110,9110,2000
9111,9111,2500
9112,9112,2000
9113,9113,500
9114,9114,1500
9115,9115,2500
9116,9116,500
9117,9117,3000
9118,9118,3000
9119,9119,1500
9120,9120,500
9121,9121,2000
9122,9122,1500
9123,9123,1500
9124,9124,3000
9125,9125,2500
9126,9126,1500
9127,9127,1000
9128,9128,1500
9129,9129,2500
9130,9130,1500
9131,9131,2000
9132,9132,3000
9133,9133,3000
9134,9134,1500
9135,9135,1000
9136,9136,2500
9137,9137,2000
9138,9138,1500
9139,9139,1500
9140,9140,1500
9141,9141,2000
9142,9142,2000
9143,9143,3000
9144,9144,3000
9145,9145,1500
9146,9146,500
9147,9147,1500
9148,9148,1500
9149,9149,2500
9150,9150,3000
9151,9151,1000
9152,9152,500
9153,9153,1000
9154,9154,3000
9155,9155,1000
9156,9156,1500
9157,9157,3000
9158,9158,3000
9159,9159,1000
9160,9160,3000
9161,9161,3000
9162,9162,2000
9163,9163,1000
9164,9164,1500
9165,9165,2500
9166,9166,1000
9167,9167,1500
9168,9168,500
9169,9169,2500
9170,9170,1500
9171,9171,2000
9172,9172,2500
9173,9173,3000
9174,9174,3000
9175,9175,1500
9176,9176,3000
9177,9177,1000
9178,9178,3000
9179,9179,3000
9180,9180,2000
9181,9181,3000
9182,9182,2500
9183,9183,3000
9184,9184,1500
9185,9185,1500
9186,9186,3000
9187,9187,3000
9188,9188,2000
9189,9189,3000
9190,9190,1500
9191,9191,1500
9192,9192,3000
9193,9193,3000
9194,9194,1500
9195,9195,3000
9196,9196,2000
9197,9197,1500
9198,9198,1000
9199,9199,1500
9200,9200,500
9201,9201,1500
9202,9202,500
9203,9203,3000
9204,9204,3000
9205,9205,2500
9206,9206,3000
9207,9207,3000
9208,9208,3000
9209,9209,3000
9210,9210,1500
9211,9211,3000
9212,9212,1500
9213,9213,1500
9214,9214,1500
9215,9215,2500
9216,9216,1500
9217,9217,3000
9218,9218,1000
9219,9219,1500
9220,9220,1000
9221,9221,1500
9222,9222,500
9223,9223,3000
9224,9224,3000
9225,9225,3000
9226,9226,2000
9227,9227,2500
9228,9228,1500
9229,9229,2000
9230,9230,3000
9231,9231,2000
9232,9232,3000
9233,9233,1000
9234,9234,1500
9235,9235,1500
9236,9236,3000
9237,9237,2500
9238,9238,1000
9239,9239,2000
9240,9240,3000
9241,9241,3000
9242,9242,3000
9243,9243,2500
9244,9244,1000
9245,9245,3000
9246,9246,2000
9247,9247,1000
9248,9248,2000
9249,9249,500
9250,9250,1500
9251,9251,3000
9252,9252,3000
9253,9253,3000
9254,9254,3000
9255,9255,1000
9256,9256,500
9257,9257,1000
9258,9258,3000
9259,9259,500
9260,9260,3000
9261,9261,1500
9262,9262,2000
9263,9263,3000
9264,9264,2000
9265,9265,3000
9266,9266,1000
9267,9267,2500
9268,9268,3000
9269,9269,3000
9270,9270,1500
9271,9271,1500
9272,9272,2500
9273,9273,500
9274,9274,3000
9275,9275,500
9276,9276,500
9277,9277,1500
9278,9278,3000
9279,9279,3000
9280,9280,500
9281,9281,500
9282,9282,500
9283,9283,2000
9284,9284,3000
9285,9285,3000
9286,9286,2000
9287,9287,2500
9288,9288,2000
9289,9289,1500
9290,9290,1000
9291,9291,2000
9292,9292,2000
9293,9293,500
9294,9294,1500
9295,9295,3000
9296,9296,3000
9297,9297,1500
9298,9298,1000
9299,9299,3000
9300,9300,2000
9301,9301,2000
9302,9302,2000
9303,9303,1500
9304,9304,1500
9305,9305,3000
9306,9306,1500
9307,9307,1500
9308,9308,2500
9309,9309,2500
9310,9310,1500
9311,9311,1000
9312,9312,2500
9313,9313,2000
9314,9314,2000
9315,9315,1500
9316,9316,2000
9317,9317,1500
9318,9318,1500
9319,9319,1500
9320,9320,1500
9321,9321,3000
9322,9322,3000
9323,9323,1000
9324,9324,1500
9325,9325,3000
9326,9326,1500
9327,9327,1500
9328,9328,2000
9329,9329,2500
9330,9330,3000
9331,9331,3000
9332,9332,2000
9333,9333,2000
9334,9334,2000
9335,9335,2000
9336,9336,3000
9337,9337,1500
9338,9338,1500
9339,9339,2000
9340,9340,2000
9341,9341,2500
9342,9342,2500
9343,9343,3000
9344,9344,3000
9345,9345,1500
9346,9346,2500
9347,9347,1500
9348,9348,2000
9349,9349,2500
9350,9350,1500
9351,9351,500
9352,9352,1500
9353,9353,3000
9354,9354,3000
9355,9355,3000
9356,9356,2500
9357,9357,2000
9358,9358,1500
9359,9359,3000
9360,9360,3000
9361,9361,3000
9362,9362,1500
9363,9363,3000
9364,9364,500
9365,9365,1000
9366,9366,2500
9367,9367,2500
9368,9368,1500
9369,9369,1500
9370,9370,1000
9371,9371,2500
9372,9372,500
9373,9373,1500
9374,9374,500
9375,9375,2500
9376,9376,3000
9377,9377,500
9378,9378,2000
9379,9379,1500
9380,9380,1500
9381,9381,3000
9382,9382,1000
9383,9383,2000
9384,9384,3000
9385,9385,1000
9386,9386,3000
9387,9387,1000
9388,9388,1000
9389,9389,500
9390,9390,2500
9391,9391,2000
9392,9392,500
9393,9393,1500
9394,9394,1500
9395,9395,1500
9396,9396,1500
9397,9397,500
9398,9398,1500
9399,9399,1500
9400,9400,1500
9401,9401,3000
9402,9402,2000
9403,9403,2000
9404,9404,3000
9405,9405,2000
9406,9406,3000
9407,9407,2500
9408,9408,2500
9409,9409,3000
9410,9410,1500
9411,9411,1500
9412,9412,500
9413,9413,3000
9414,9414,3000
9415,9415,3000
9416,9416,2500
9417,9417,3000
9418,9418,3000
9419,9419,1000
9420,9420,3000
9421,9421,3000
9422,9422,1500
9423,9423,1000
9424,9424,1500
9425,9425,1500
9426,9426,500
9427,9427,1500
9428,9428,3000
9429,9429,500
9430,9430,2500
9431,9431,3000
9432,9432,3000
9433,9433,1000
9434,9434,1500
9435,9435,2000
9436,9436,3000
9437,9437,500
9438,9438,2500
9439,9439,1500
9440,9440,2000
9441,9441,1500
9442,9442,1500
9443,9443,3000
9444,9444,1500
9445,9445,500
9446,9446,3000
9447,9447,3000
9448,9448,500
9449,9449,3000
9450,9450,2500
9451,9451,1500
9452,9452,3000
9453,9453,1500
9454,9454,3000
9455,9455,1500
9456,9456,1500
9457,9457,1000
9458,9458,1000
9459,9459,3000
9460,9460,3000
9461,9461,3000
9462,9462,1500
9463,9463,1500
9464,9464,500
9465,9465,1500
9466,9466,500
9467,9467,3000
9468,9468,500
9469,9469,3000
9470,9470,1000
9471,9471,3000
9472,9472,3000
9473,9473,2500
9474,9474,1000
9475,9475,1000
9476,9476,1500
9477,9477,3000
9478,9478,3000
9479,9479,3000
9480,9480,1000
9481,9481,3000
9482,9482,3000
9483,9483,1500
9484,9484,500
9485,9485,1500
9486,9486,2000
9487,9487,3000
9488,9488,2500
9489,9489,500
9490,9490,500
9491,9491,2500
9492,9492,1500
9493,9493,2500
9494,9494,2500
9495,9495,3000
9496,9496,3000
9497,9497,1000
9498,9498,1500
9499,9499,2500
9500,9500,2500
9501,9501,3000
9502,9502,500
9503,9503,3000
9504,9504,3000
9505,9505,1500
9506,9506,3000
9507,9507,1000
9508,9508,1000
9509,9509,3000
9510,9510,500
9511,9511,3000
9512,9512,2000
9513,9513,1500
9514,9514,3000
9515,9515,3000
9516,9516,2000
9517,9517,3000
9518,9518,1500
9519,9519,3000
9520,9520,2000
9521,9521,2500
9522,9522,1500
9523,9523,3000
9524,9524,2000
9525,9525,2000
9526,9526,2000
9527,9527,1000
9528,9528,3000
9529,9529,1500
9530,9530,3000
9531,9531,1000
9532,9532,1500
9533,9533,500
9534,9534,2500
9535,9535,3000
9536,9536,3000
9537,9537,3000
9538,9538,500
9539,9539,3000
9540,9540,500
9541,9541,3000
9542,9542,2000
9543,9543,3000
9544,9544,2500
9545,9545,3000
9546,9546,2000
9547,9547,1500
9548,9548,2000
9549,9549,1500
9550,9550,3000
9551,9551,3000
9552,9552,3000
9553,9553,1000
9554,9554,2500
9555,9555,3000
9556,9556,1500
9557,9557,3000
9558,9558,2000
9559,9559,3000
9560,9560,1500
9561,9561,1500
9562,9562,2000
9563,9563,2500
9564,9564,1000
9565,9565,3000
9566,9566,1000
9567,9567,3000
9568,9568,3000
9569,9569,500
9570,9570,1000
9571,9571,1500
9572,9572,1500
9573,9573,3000
9574,9574,3000
9575,9575,1500
9576,9576,2500
9577,9577,2000
9578,9578,2500
9579,9579,3000
9580,9580,2500
9581,9581,1000
9582,9582,3000
9583,9583,500
9584,9584,3000
9585,9585,2500
9586,9586,3000
9587,9587,500
9588,9588,3000
9589,9589,3000
9590,9590,3000
9591,9591,1500
9592,9592,3000
9593,9593,2500
9594,9594,1000
9595,9595,500
9596,9596,3000
9597,9597,1000
9598,9598,3000
9599,9599,2000
9600,9600,3000
9601,9601,3000
9602,9602,3000
9603,9603,1500
9604,9604,500
9605,9605,3000
9606,9606,3000
9607,9607,500
9608,9608,1500
9609,9609,3000
9610,9610,2500
9611,9611,2500
9612,9612,1500
9613,9613,2500
9614,9614,2500
9615,9615,2000
9616,9616,2000
9617,9617,1500
9618,9618,3000
9619,9619,1000
9620,9620,3000
9621,9621,3000
9622,9622,1500
9623,9623,2000
9624,9624,3000
9625,9625,3000
9626,9626,3000
9627,9627,500
9628,9628,3000
9629,9629,1500
9630,9630,1000
9631,9631,3000
9632,9632,3000
9633,9633,3000
9634,9634,2500
9635,9635,2500
9636,9636,1500
9637,9637,2000
9638,9638,3000
9639,9639,2500
9640,9640,500
9641,9641,1000
9642,9642,1500
9643,9643,3000
9644,9644,2500
9645,9645,2000
9646,9646,2500
9647,9647,1500
9648,9648,500
9649,9649,3000
9650,9650,1000
9651,9651,2000
9652,9652,3000
9653,9653,1500
9654,9654,2500
9655,9655,3000
9656,9656,2500
9657,9657,2000
9658,9658,2000
9659,9659,2000
9660,9660,3000
9661,9661,3000
9662,9662,3000
9663,9663,1500
9664,9664,2500
9665,9665,1500
9666,9666,1500
9667,9667,2000
9668,9668,1500
9669,9669,2000
9670,9670,500
9671,9671,3000
9672,9672,3000
9673,9673,3000
9674,9674,1000
9675,9675,2000
9676,9676,1500
9677,9677,500
9678,9678,500
9679,9679,1000
9680,9680,2500
9681,9681,1000
9682,9682,1500
9683,9683,1500
9684,9684,2000
9685,9685,2500
9686,9686,3000
9687,9687,3000
9688,9688,2000
9689,9689,1000
9690,9690,3000
9691,9691,3000
9692,9692,3000
9693,9693,1000
9694,9694,3000
9695,9695,3000
9696,9696,500
9697,9697,3000
9698,9698,3000
9699,9699,500
9700,9700,1000
9701,9701,2500
9702,9702,1500
9703,9703,2500
9704,9704,2000
9705,9705,2500
9706,9706,3000
9707,9707,3000
9708,9708,2500
9709,9709,2000
9710,9710,1000
9711,9711,3000
9712,9712,2500
9713,9713,3000
9714,9714,2000
9715,9715,3000
9716,9716,1500
9717,9717,500
9718,9718,2000
9719,9719,2000
9720,9720,1500
9721,9721,500
9722,9722,3000
9723,9723,2500
9724,9724,3000
9725,9725,1500
9726,9726,1000
9727,9727,2500
9728,9728,3000
9729,9729,500
9730,9730,3000
9731,9731,3000
9732,9732,1000
9733,9733,1000
9734,9734,3000
9735,9735,3000
9736,9736,1500
9737,9737,2000
9738,9738,3000
9739,9739,1500
9740,9740,1500
9741,9741,500
9742,9742,3000
9743,9743,1500
9744,9744,2500
9745,9745,2000
9746,9746,1000
9747,9747,3000
9748,9748,2500
9749,9749,2500
9750,9750,1500
9751,9751,3000
9752,9752,3000
9753,9753,2500
9754,9754,500
9755,9755,1500
9756,9756,3000
9757,9757,2500
9758,9758,2000
9759,9759,1500
9760,9760,3000
9761,9761,2000
9762,9762,2000
9763,9763,3000
9764,9764,3000
9765,9765,2000
9766,9766,3000
9767,9767,1500
9768,9768,500
9769,9769,500
9770,9770,3000
9771,9771,1000
9772,9772,2500
9773,9773,3000
9774,9774,3000
9775,9775,500
9776,9776,1500
9777,9777,500
9778,9778,2500
9779,9779,2500
9780,9780,2500
9781,9781,3000
9782,9782,3000
9783,9783,1500
9784,9784,2500
9785,9785,1000
9786,9786,2000
9787,9787,2500
9788,9788,3000
9789,9789,1000
9790,9790,2000
9791,9791,3000
9792,9792,2000
9793,9793,3000
9794,9794,500
9795,9795,3000
9796,9796,500
9797,9797,3000
9798,9798,1500
9799,9799,2000
9800,9800,1500
9801,9801,3000
9802,9802,2500
9803,9803,1500
9804,9804,1000
9805,9805,1000
9806,9806,3000
9807,9807,3000
9808,9808,3000
9809,9809,3000
9810,9810,1000
9811,9811,2000
9812,9812,2500
9813,9813,3000
9814,9814,1500
9815,9815,500
9816,9816,3000
9817,9817,2500
9818,9818,1000
9819,9819,3000
9820,9820,1000
9821,9821,1000
9822,9822,3000
9823,9823,3000
9824,9824,2000
9825,9825,2500
9826,9826,3000
9827,9827,3000
9828,9828,1500
9829,9829,500
9830,9830,500
9831,9831,1000
9832,9832,3000
9833,9833,500
9834,9834,500
9835,9835,3000
9836,9836,1500
9837,9837,1000
9838,9838,1500
9839,9839,1500
9840,9840,3000
9841,9841,1500
9842,9842,1000
9843,9843,3000
9844,9844,500
9845,9845,1500
9846,9846,3000
9847,9847,1500
9848,9848,2000
9849,9849,1000
9850,9850,2500
9851,9851,1500
9852,9852,500
9853,9853,1500
9854,9854,500
9855,9855,2000
9856,9856,500
9857,9857,2000
9858,9858,1500
9859,9859,1500
9860,9860,3000
9861,9861,3000
9862,9862,1500
9863,9863,3000
9864,9864,2500
9865,9865,3000
9866,9866,3000
9867,9867,1000
9868,9868,3000
9869,9869,3000
9870,9870,1500
9871,9871,1000
9872,9872,1000
9873,9873,3000
9874,9874,1500
9875,9875,3000
9876,9876,3000
9877,9877,1500
9878,9878,1500
9879,9879,1000
9880,9880,1000
9881,9881,1500
9882,9882,3000
9883,9883,3000
9884,9884,3000
9885,9885,1000
9886,9886,1000
9887,9887,1500
9888,9888,1500
9889,9889,2000
9890,9890,1500
9891,9891,1000
9892,9892,2500
9893,9893,500
9894,9894,2000
9895,9895,1500
9896,9896,500
9897,9897,1000
9898,9898,1500
9899,9899,3000
9900,9900,1500
9901,9901,3000
9902,9902,2000
9903,9903,1500
9904,9904,1000
9905,9905,1500
9906,9906,2000
9907,9907,3000
9908,9908,2500
9909,9909,3000
9910,9910,2500
9911,9911,2500
9912,9912,1500
9913,9913,500
9914,9914,3000
9915,9915,2000
9916,9916,1000
9917,9917,1500
9918,9918,1000
9919,9919,2000
9920,9920,3000
9921,9921,3000
9922,9922,2000
9923,9923,3000
9924,9924,2000
9925,9925,3000
9926,9926,3000
9927,9927,1500
9928,9928,1500
9929,9929,3000
9930,9930,1500
9931,9931,500
9932,9932,3000
9933,9933,1000
9934,9934,3000
9935,9935,500
9936,9936,3000
9937,9937,1000
9938,9938,3000
9939,9939,1500
9940,9940,3000
9941,9941,3000
9942,9942,3000
9943,9943,1500
9944,9944,2500
9945,9945,2500
9946,9946,3000
9947,9947,500
9948,9948,2000
9949,9949,1500
9950,9950,3000
9951,9951,1500
9952,9952,500
9953,9953,1000
9954,9954,1000
9955,9955,1500
9956,9956,1500
9957,9957,2000
9958,9958,3000
9959,9959,1500
9960,9960,1000
9961,9961,1500
9962,9962,1500
9963,9963,3000
9964,9964,1000
9965,9965,1500
9966,9966,2500
9967,9967,1000
9968,9968,2500
9969,9969,500
9970,9970,3000
9971,9971,3000
9972,9972,1500
9973,9973,3000
9974,9974,2500
9975,9975,1000
9976,9976,3000
9977,9977,3000
9978,9978,500
9979,9979,3000
9980,9980,3000
9981,9981,500
9982,9982,2000
9983,9983,3000
9984,9984,1500
9985,9985,2000
9986,9986,3000
9987,9987,500
9988,9988,1000
9989,9989,1500
9990,9990,1500
9991,9991,3000
9992,9992,3000
9993,9993,1500
9994,9994,1000
9995,9995,2500
9996,9996,2500
9997,9997,1000
9998,9998,500
9999,9999,500
10000,10000,1500
10001,10001,3000
10002,10002,3000
10003,10003,2500
10004,10004,500
10005,10005,2500
10006,10006,3000
10007,10007,3000
10008,10008,1500
10009,10009,1000
10010,10010,2500
10011,10011,2500
10012,10012,1000
10013,10013,3000
10014,10014,3000
10015,10015,2500
10016,10016,3000
10017,10017,1500
10018,10018,3000
10019,10019,500
10020,10020,1500
10021,10021,3000
10022,10022,2000
10023,10023,500
10024,10024,3000
10025,10025,500
10026,10026,3000
10027,10027,500
10028,10028,1500
10029,10029,2000
10030,10030,2500
10031,10031,1000
10032,10032,3000
10033,10033,2500
10034,10034,500
10035,10035,500
10036,10036,1500
10037,10037,3000
10038,10038,3000
10039,10039,1500
10040,10040,3000
10041,10041,1000
10042,10042,1500
10043,10043,3000
10044,10044,500
10045,10045,2500
10046,10046,2500
10047,10047,2500
10048,10048,3000
10049,10049,3000
10050,10050,2000
10051,10051,1500
10052,10052,1500
10053,10053,1500
10054,10054,3000
10055,10055,1500
10056,10056,3000
10057,10057,2000
10058,10058,2000
10059,10059,1000
10060,10060,1500
10061,10061,1000
10062,10062,3000
10063,10063,3000
10064,10064,3000
10065,10065,3000
10066,10066,3000
10067,10067,1500
10068,10068,2000
10069,10069,1500
10070,10070,2000
10071,10071,2500
10072,10072,500
10073,10073,3000
10074,10074,3000
10075,10075,2000
10076,10076,500
10077,10077,3000
10078,10078,2000
10079,10079,3000
10080,10080,1500
10081,10081,3000
10082,10082,500
10083,10083,3000
10084,10084,2000
10085,10085,3000
10086,10086,3000
10087,10087,2000
10088,10088,1500
10089,10089,3000
10090,10090,3000
10091,10091,1500
10092,10092,2000
10093,10093,1500
10094,10094,1000
10095,10095,1500
10096,10096,3000
10097,10097,3000
10098,10098,3000
10099,10099,500
10100,10100,2000
10101,10101,3000
10102,10102,1500
10103,10103,500
10104,10104,2000
10105,10105,1500
10106,10106,1500
10107,10107,3000
10108,10108,1000
10109,10109,2000
10110,10110,2500
10111,10111,1000
10112,10112,3000
10113,10113,3000
10114,10114,3000
10115,10115,1000
10116,10116,1000
10117,10117,1000
10118,10118,1500
10119,10119,3000
10120,10120,1500
10121,10121,1000
10122,10122,3000
10123,10123,1500
10124,10124,3000
10125,10125,3000
10126,10126,2500
10127,10127,1500
10128,10128,3000
10129,10129,1000
10130,10130,2500
10131,10131,2000
10132,10132,3000
10133,10133,1000
10134,10134,1500
10135,10135,2000
10136,10136,1500
10137,10137,2500
10138,10138,3000
10139,10139,1500
10140,10140,500
10141,10141,3000
10142,10142,1500
10143,10143,2500
10144,10144,3000
10145,10145,500
10146,10146,500
10147,10147,2000
10148,10148,1500
10149,10149,3000
10150,10150,1500
10151,10151,1000
10152,10152,2500
10153,10153,1000
10154,10154,3000
10155,10155,1500
10156,10156,2000
10157,10157,2000
10158,10158,3000
10159,10159,1500
10160,10160,3000
10161,10161,2000
10162,10162,1500
10163,10163,3000
10164,10164,3000
10165,10165,3000
10166,10166,1500
10167,10167,2000
10168,10168,3000
10169,10169,3000
10170,10170,1500
10171,10171,1500
10172,10172,1500
10173,10173,2000
10174,10174,3000
10175,10175,3000
10176,10176,1500
10177,10177,3000
10178,10178,3000
10179,10179,3000
10180,10180,1000
10181,10181,2000
10182,10182,2500
10183,10183,1000
10184,10184,3000
10185,10185,2000
10186,10186,500
10187,10187,1500
10188,10188,3000
10189,10189,3000
10190,10190,3000
10191,10191,3000
10192,10192,1000
10193,10193,2500
10194,10194,2000
10195,10195,3000
10196,10196,2500
10197,10197,1500
10198,10198,3000
10199,10199,1000
10200,10200,500
10201,10201,2500
10202,10202,1000
10203,10203,3000
10204,10204,1000
10205,10205,1000
10206,10206,3000
10207,10207,1000
10208,10208,1500
10209,10209,1500
10210,10210,2000
10211,10211,3000
10212,10212,1500
10213,10213,1500
10214,10214,3000
10215,10215,1500
10216,10216,3000
10217,10217,2500
10218,10218,2500
10219,10219,3000
10220,10220,500
10221,10221,1500
10222,10222,3000
10223,10223,2500
10224,10224,1000
10225,10225,1500
10226,10226,1000
10227,10227,3000
10228,10228,1000
10229,10229,3000
10230,10230,1500
10231,10231,500
10232,10232,2500
10233,10233,2000
10234,10234,1500
10235,10235,3000
10236,10236,2500
10237,10237,1500
10238,10238,1500
10239,10239,1000
10240,10240,3000
10241,10241,2000
10242,10242,3000
10243,10243,3000
10244,10244,3000
10245,10245,3000
10246,10246,1500
10247,10247,3000
10248,10248,3000
10249,10249,500
10250,10250,3000
10251,10251,3000
10252,10252,3000
10253,10253,1500
10254,10254,3000
10255,10255,500
10256,10256,2500
10257,10257,1500
10258,10258,3000
10259,10259,1000
10260,10260,2000
10261,10261,1500
10262,10262,1000
10263,10263,3000
10264,10264,2500
10265,10265,3000
10266,10266,3000
10267,10267,3000
10268,10268,3000
10269,10269,1500
10270,10270,3000
10271,10271,1500
10272,10272,2000
10273,10273,1000
10274,10274,3000
10275,10275,3000
10276,10276,3000
10277,10277,3000
10278,10278,3000
10279,10279,1500
10280,10280,3000
10281,10281,2500
10282,10282,3000
10283,10283,1000
10284,10284,2000
10285,10285,1500
10286,10286,3000
10287,10287,2500
10288,10288,1000
10289,10289,1500
10290,10290,2000
10291,10291,3000
10292,10292,1500
10293,10293,2500
10294,10294,3000
10295,10295,3000
10296,10296,3000
10297,10297,2500
10298,10298,2000
10299,10299,1500
10300,10300,3000
10301,10301,2000
10302,10302,1000
10303,10303,3000
10304,10304,3000
10305,10305,3000
10306,10306,1500
10307,10307,1000
10308,10308,1500
10309,10309,2000
10310,10310,3000
10311,10311,500
10312,10312,2500
10313,10313,2500
10314,10314,1500
10315,10315,3000
10316,10316,1500
10317,10317,1500
10318,10318,1000
10319,10319,1500
10320,10320,3000
10321,10321,2500
10322,10322,1000
10323,10323,3000
10324,10324,1500
10325,10325,1000
10326,10326,2000
10327,10327,1000
10328,10328,3000
10329,10329,1500
10330,10330,3000
10331,10331,3000
10332,10332,1000
10333,10333,3000
10334,10334,2500
10335,10335,3000
10336,10336,1500
10337,10337,3000
10338,10338,2500
10339,10339,3000
10340,10340,3000
10341,10341,3000
10342,10342,1000
10343,10343,2500
10344,10344,3000
10345,10345,1500
10346,10346,2000
10347,10347,1500
10348,10348,3000
10349,10349,3000
10350,10350,2500
10351,10351,2500
10352,10352,500
10353,10353,1500
10354,10354,3000
10355,10355,1500
10356,10356,2500
10357,10357,1500
10358,10358,2000
10359,10359,3000
10360,10360,3000
10361,10361,1500
10362,10362,3000
10363,10363,3000
10364,10364,2500
10365,10365,2500
10366,10366,3000
10367,10367,3000
10368,10368,3000
10369,10369,1500
10370,10370,2000
10371,10371,2500
10372,10372,1000
10373,10373,1000
10374,10374,1500
10375,10375,3000
10376,10376,1500
10377,10377,1500
10378,10378,2500
10379,10379,1500
10380,10380,3000
10381,10381,3000
10382,10382,3000
10383,10383,3000
10384,10384,1500
10385,10385,3000
10386,10386,2000
10387,10387,500
10388,10388,2000
10389,10389,1500
10390,10390,500
10391,10391,1500
10392,10392,1000
10393,10393,1500
10394,10394,1000
10395,10395,1000
10396,10396,2500
10397,10397,1500
10398,10398,1000
10399,10399,500
10400,10400,1500
10401,10401,1000
10402,10402,3000
10403,10403,500
10404,10404,1500
10405,10405,2500
10406,10406,1500
10407,10407,3000
10408,10408,3000
10409,10409,3000
10410,10410,500
10411,10411,1500
10412,10412,500
10413,10413,1500
10414,10414,1500
10415,10415,1000
10416,10416,3000
10417,10417,3000
10418,10418,3000
10419,10419,1500
10420,10420,2500
10421,10421,1500
10422,10422,1500
10423,10423,1000
10424,10424,1500
10425,10425,1500
10426,10426,3000
10427,10427,1500
10428,10428,2000
10429,10429,2500
10430,10430,2500
10431,10431,1000
10432,10432,3000
10433,10433,1500
10434,10434,2000
10435,10435,1000
10436,10436,500
10437,10437,1500
10438,10438,500
10439,10439,3000
10440,10440,2000
10441,10441,1000
10442,10442,3000
10443,10443,1500
10444,10444,3000
10445,10445,2500
10446,10446,1500
10447,10447,1000
10448,10448,3000
10449,10449,2500
10450,10450,3000
10451,10451,3000
10452,10452,500
10453,10453,3000
10454,10454,3000
10455,10455,1000
10456,10456,2500
10457,10457,3000
10458,10458,1500
10459,10459,3000
10460,10460,500
10461,10461,1500
10462,10462,3000
10463,10463,3000
10464,10464,3000
10465,10465,1500
10466,10466,500
10467,10467,2500
10468,10468,1000
10469,10469,1000
10470,10470,2000
10471,10471,2500
10472,10472,2500
10473,10473,2000
10474,10474,2500
10475,10475,1500
10476,10476,2000
10477,10477,1000
10478,10478,2500
10479,10479,3000
10480,10480,1500
10481,10481,2500
10482,10482,1500
10483,10483,500
10484,10484,2500
10485,10485,1500
10486,10486,500
10487,10487,2000
10488,10488,2500
10489,10489,2500
10490,10490,3000
10491,10491,2500
10492,10492,1500
10493,10493,1500
10494,10494,1500
10495,10495,3000
10496,10496,3000
10497,10497,1500
10498,10498,3000
10499,10499,1000
10500,10500,500
10501,10501,1000
10502,10502,1500
10503,10503,1500
10504,10504,1000
10505,10505,1000
10506,10506,500
10507,10507,3000
10508,10508,500
10509,10509,1500
10510,10510,1000
10511,10511,1500
10512,10512,1000
10513,10513,3000
10514,10514,1000
10515,10515,3000
10516,10516,2000
10517,10517,500
10518,10518,1000
10519,10519,3000
10520,10520,3000
10521,10521,3000
10522,10522,1500
10523,10523,2000
10524,10524,500
10525,10525,1500
10526,10526,500
10527,10527,2500
10528,10528,1000
10529,10529,500
10530,10530,1000
10531,10531,500
10532,10532,2000
10533,10533,2000
10534,10534,500
10535,10535,3000
10536,10536,3000
10537,10537,3000
10538,10538,1000
10539,10539,1000
10540,10540,3000
10541,10541,3000
10542,10542,500
10543,10543,2500
10544,10544,1500
10545,10545,1000
10546,10546,2500
10547,10547,2500
10548,10548,2500
10549,10549,1500
10550,10550,500
10551,10551,1500
10552,10552,1500
10553,10553,2000
10554,10554,3000
10555,10555,1500
10556,10556,2500
10557,10557,2500
10558,10558,3000
10559,10559,1000
10560,10560,2000
10561,10561,3000
10562,10562,3000
10563,10563,1500
10564,10564,2000
10565,10565,2000
10566,10566,3000
10567,10567,3000
10568,10568,3000
10569,10569,3000
10570,10570,2000
10571,10571,3000
10572,10572,3000
10573,10573,3000
10574,10574,1000
10575,10575,2500
10576,10576,2500
10577,10577,3000
10578,10578,3000
10579,10579,1500
10580,10580,1500
10581,10581,500
10582,10582,2500
10583,10583,3000
10584,10584,3000
10585,10585,1000
10586,10586,2500
10587,10587,3000
10588,10588,3000
10589,10589,1000
10590,10590,1500
10591,10591,3000
10592,10592,2000
10593,10593,500
10594,10594,3000
10595,10595,2500
10596,10596,1500
10597,10597,1500
10598,10598,500
10599,10599,2000
10600,10600,3000
10601,10601,1500
10602,10602,2000
10603,10603,3000
10604,10604,3000
10605,10605,1000
10606,10606,500
10607,10607,1000
10608,10608,2500
10609,10609,1000
10610,10610,1000
10611,10611,3000
10612,10612,3000
10613,10613,3000
10614,10614,3000
10615,10615,3000
10616,10616,1500
10617,10617,2500
10618,10618,2500
10619,10619,1500
10620,10620,1500
10621,10621,1000
10622,10622,1500
10623,10623,1500
10624,10624,1500
10625,10625,3000
10626,10626,1500
10627,10627,500
10628,10628,500
10629,10629,2500
10630,10630,3000
10631,10631,1500
10632,10632,3000
10633,10633,1500
10634,10634,3000
10635,10635,1500
10636,10636,2000
10637,10637,1500
10638,10638,3000
10639,10639,2000
10640,10640,500
10641,10641,1500
10642,10642,2000
10643,10643,1500
10644,10644,3000
10645,10645,3000
10646,10646,3000
10647,10647,500
10648,10648,3000
10649,10649,1500
10650,10650,2000
10651,10651,1000
10652,10652,2000
10653,10653,3000
10654,10654,1500
10655,10655,3000
10656,10656,3000
10657,10657,2500
10658,10658,2000
10659,10659,3000
10660,10660,500
10661,10661,500
10662,10662,1000
10663,10663,1500
10664,10664,3000
10665,10665,2500
10666,10666,2000
10667,10667,3000
10668,10668,500
10669,10669,500
10670,10670,1000
10671,10671,2000
10672,10672,2000
10673,10673,500
10674,10674,2000
10675,10675,3000
10676,10676,1500
10677,10677,1500
10678,10678,3000
10679,10679,3000
10680,10680,1000
10681,10681,500
10682,10682,3000
10683,10683,2500
10684,10684,1000
10685,10685,3000
10686,10686,2000
10687,10687,500
10688,10688,1500
10689,10689,1000
10690,10690,2000
10691,10691,2500
10692,10692,3000
10693,10693,2500
10694,10694,3000
10695,10695,3000
10696,10696,3000
10697,10697,3000
10698,10698,500
10699,10699,3000
10700,10700,1500
10701,10701,3000
10702,10702,3000
10703,10703,2500
10704,10704,3000
10705,10705,3000
10706,10706,1000
10707,10707,2500
10708,10708,3000
10709,10709,1500
10710,10710,1500
10711,10711,2000
10712,10712,3000
10713,10713,2500
10714,10714,1000
10715,10715,3000
10716,10716,1500
10717,10717,3000
10718,10718,500
10719,10719,1500
10720,10720,2500
10721,10721,1000
10722,10722,1500
10723,10723,1000
10724,10724,3000
10725,10725,1500
10726,10726,500
10727,10727,1500
10728,10728,1000
10729,10729,1500
10730,10730,3000
10731,10731,3000
10732,10732,500
10733,10733,3000
10734,10734,500
10735,10735,3000
10736,10736,3000
10737,10737,1000
10738,10738,3000
10739,10739,3000
10740,10740,500
10741,10741,3000
10742,10742,1000
10743,10743,1500
10744,10744,3000
10745,10745,2500
10746,10746,3000
10747,10747,3000
10748,10748,3000
10749,10749,3000
10750,10750,500
10751,10751,1500
10752,10752,1000
10753,10753,3000
10754,10754,3000
10755,10755,3000
10756,10756,3000
10757,10757,1500
10758,10758,1500
10759,10759,1500
10760,10760,1500
10761,10761,1000
10762,10762,1500
10763,10763,3000
10764,10764,2000
10765,10765,3000
10766,10766,3000
10767,10767,1500
10768,10768,1500
10769,10769,2000
10770,10770,1000
10771,10771,1500
10772,10772,2000
10773,10773,500
10774,10774,3000
10775,10775,500
10776,10776,1000
10777,10777,2500
10778,10778,3000
10779,10779,1000
10780,10780,3000
10781,10781,3000
10782,10782,1000
10783,10783,3000
10784,10784,1000
10785,10785,1500
10786,10786,1500
10787,10787,500
10788,10788,1500
10789,10789,2000
10790,10790,2500
10791,10791,3000
10792,10792,1500
10793,10793,1500
10794,10794,3000
10795,10795,1500
10796,10796,1500
10797,10797,3000
10798,10798,2000
10799,10799,1000
10800,10800,3000
10801,10801,1000
10802,10802,2000
10803,10803,1000
10804,10804,2500
10805,10805,1000
10806,10806,3000
10807,10807,3000
10808,10808,1500
10809,10809,2000
10810,10810,1500
10811,10811,3000
10812,10812,2000
10813,10813,3000
10814,10814,3000
10815,10815,500
10816,10816,2000
10817,10817,3000
10818,10818,2500
10819,10819,1500
10820,10820,1500
10821,10821,1000
10822,10822,2500
10823,10823,2000
10824,10824,1000
10825,10825,3000
10826,10826,1500
10827,10827,2500
10828,10828,1000
10829,10829,1500
10830,10830,1000
10831,10831,2500
10832,10832,1000
10833,10833,1000
10834,10834,3000
10835,10835,3000
10836,10836,2500
10837,10837,500
10838,10838,1500
10839,10839,1500
10840,10840,3000
10841,10841,1500
10842,10842,3000
10843,10843,1500
10844,10844,1000
10845,10845,2000
10846,10846,1000
10847,10847,3000
10848,10848,2000
10849,10849,2500
10850,10850,3000
10851,10851,500
10852,10852,3000
10853,10853,3000
10854,10854,3000
10855,10855,1000
10856,10856,2000
10857,10857,3000
10858,10858,2500
10859,10859,1500
10860,10860,1000
10861,10861,3000
10862,10862,2000
10863,10863,3000
10864,10864,3000
10865,10865,2000
10866,10866,3000
10867,10867,500
10868,10868,3000
10869,10869,1500
10870,10870,1500
10871,10871,3000
10872,10872,1000
10873,10873,2000
10874,10874,1500
10875,10875,3000
10876,10876,1500
10877,10877,3000
10878,10878,2500
10879,10879,500
10880,10880,2000
10881,10881,500
10882,10882,500
10883,10883,1500
10884,10884,3000
10885,10885,3000
10886,10886,2000
10887,10887,3000
10888,10888,1500
10889,10889,2000
10890,10890,3000
10891,10891,1500
10892,10892,1000
10893,10893,3000
10894,10894,3000
10895,10895,2500
10896,10896,500
10897,10897,3000
10898,10898,2000
10899,10899,500
10900,10900,3000
10901,10901,2000
10902,10902,3000
10903,10903,2500
10904,10904,3000
10905,10905,1500
10906,10906,2500
10907,10907,2500
10908,10908,3000
10909,10909,3000
10910,10910,1500
10911,10911,3000
10912,10912,3000
10913,10913,3000
10914,10914,500
10915,10915,1000
10916,10916,2500
10917,10917,2500
10918,10918,3000
10919,10919,2500
10920,10920,3000
10921,10921,1500
10922,10922,1000
10923,10923,500
10924,10924,2000
10925,10925,1000
10926,10926,3000
10927,10927,1500
10928,10928,3000
10929,10929,500
10930,10930,2000
10931,10931,3000
10932,10932,1500
10933,10933,1500
10934,10934,3000
10935,10935,1000
10936,10936,1500
10937,10937,3000
10938,10938,1500
10939,10939,2500
10940,10940,1500
10941,10941,500
10942,10942,2000
10943,10943,1000
10944,10944,3000
10945,10945,3000
10946,10946,1500
10947,10947,1500
10948,10948,3000
10949,10949,500
10950,10950,3000
10951,10951,500
10952,10952,3000
10953,10953,500
10954,10954,3000
10955,10955,1500
10956,10956,500
10957,10957,1000
10958,10958,1500
10959,10959,2000
10960,10960,3000
10961,10961,500
10962,10962,3000
10963,10963,1500
10964,10964,500
10965,10965,2500
10966,10966,1500
10967,10967,3000
10968,10968,2000
10969,10969,1500
10970,10970,500
10971,10971,3000
10972,10972,1000
10973,10973,1500
10974,10974,3000
10975,10975,1500
10976,10976,2500
10977,10977,1500
10978,10978,1500
10979,10979,500
10980,10980,1500
10981,10981,2000
10982,10982,3000
10983,10983,1500
10984,10984,1500
10985,10985,2500
10986,10986,1000
10987,10987,1500
10988,10988,1500
10989,10989,500
10990,10990,3000
10991,10991,1500
10992,10992,3000
10993,10993,1000
10994,10994,500
10995,10995,3000
10996,10996,1500
10997,10997,2500
10998,10998,500
10999,10999,3000
11000,11000,1000
11001,11001,1000
11002,11002,2000
11003,11003,1500
11004,11004,1500
11005,11005,2500
11006,11006,500
11007,11007,2000
11008,11008,1500
11009,11009,1500
11010,11010,2000
11011,11011,2500
11012,11012,1000
11013,11013,1500
11014,11014,1500
11015,11015,1500
11016,11016,2500
11017,11017,500
11018,11018,3000
11019,11019,3000
11020,11020,1500
11021,11021,1500
11022,11022,2000
11023,11023,3000
11024,11024,2500
11025,11025,3000
11026,11026,1000
11027,11027,1500
11028,11028,3000
11029,11029,1500
11030,11030,2500
11031,11031,2000
11032,11032,3000
11033,11033,3000
11034,11034,1500
11035,11035,3000
11036,11036,3000
11037,11037,3000
11038,11038,1500
11039,11039,1000
11040,11040,1500
11041,11041,2000
11042,11042,3000
11043,11043,2500
11044,11044,500
11045,11045,3000
11046,11046,500
11047,11047,2500
11048,11048,3000
11049,11049,3000
11050,11050,3000
11051,11051,1500
11052,11052,3000
11053,11053,500
11054,11054,1500
11055,11055,2500
11056,11056,500
11057,11057,1500
11058,11058,3000
11059,11059,1000
11060,11060,2000
11061,11061,3000
11062,11062,3000
11063,11063,3000
11064,11064,1500
11065,11065,3000
11066,11066,1500
11067,11067,3000
11068,11068,1500
11069,11069,2500
11070,11070,3000
11071,11071,2500
11072,11072,1000
11073,11073,3000
11074,11074,1500
11075,11075,1500
11076,11076,2500
11077,11077,500
11078,11078,3000
11079,11079,3000
11080,11080,3000
11081,11081,1500
11082,11082,2500
11083,11083,2500
11084,11084,1500
11085,11085,2000
11086,11086,3000
11087,11087,1500
11088,11088,2500
11089,11089,1500
11090,11090,1500
11091,11091,3000
11092,11092,500
11093,11093,3000
11094,11094,3000
11095,11095,2000
11096,11096,3000
11097,11097,1500
11098,11098,1500
11099,11099,1500
11100,11100,3000
11101,11101,500
11102,11102,2000
11103,11103,1000
11104,11104,2500
11105,11105,3000
11106,11106,3000
11107,11107,1500
11108,11108,1500
11109,11109,2500
11110,11110,3000
11111,11111,2000
11112,11112,3000
11113,11113,3000
11114,11114,2000
11115,11115,3000
11116,11116,3000
11117,11117,3000
11118,11118,2500
11119,11119,3000
11120,11120,2000
11121,11121,3000
11122,11122,3000
11123,11123,1500
11124,11124,500
11125,11125,1500
11126,11126,1000
11127,11127,3000
11128,11128,1000
11129,11129,1500
11130,11130,2500
11131,11131,1500
11132,11132,1000
11133,11133,2500
11134,11134,1000
11135,11135,3000
11136,11136,2500
11137,11137,3000
11138,11138,1500
11139,11139,1500
11140,11140,500
11141,11141,3000
11142,11142,1000
11143,11143,1500
11144,11144,3000
11145,11145,3000
11146,11146,1500
11147,11147,1000
11148,11148,3000
11149,11149,1500
11150,11150,500
11151,11151,1500
11152,11152,3000
11153,11153,500
11154,11154,1000
11155,11155,1500
11156,11156,1500
11157,11157,1500
11158,11158,2000
11159,11159,3000
11160,11160,3000
11161,11161,3000
11162,11162,3000
11163,11163,2500
11164,11164,2000
11165,11165,1500
11166,11166,1500
11167,11167,2500
11168,11168,1500
11169,11169,2000
11170,11170,1000
11171,11171,3000
11172,11172,3000
11173,11173,3000
11174,11174,1000
11175,11175,500
11176,11176,1500
11177,11177,1500
11178,11178,1500
11179,11179,3000
11180,11180,3000
11181,11181,1500
11182,11182,500
11183,11183,1000
11184,11184,1500
11185,11185,2000
11186,11186,1500
11187,11187,2500
11188,11188,500
11189,11189,2500
11190,11190,3000
11191,11191,1000
11192,11192,2500
11193,11193,2000
11194,11194,2500
11195,11195,1500
11196,11196,1000
11197,11197,500
11198,11198,1000
11199,11199,500
11200,11200,2000
11201,11201,3000
11202,11202,500
11203,11203,3000
11204,11204,2000
11205,11205,3000
11206,11206,500
11207,11207,3000
11208,11208,500
11209,11209,500
11210,11210,500
11211,11211,2500
11212,11212,3000
11213,11213,3000
11214,11214,1000
11215,11215,500
11216,11216,3000
11217,11217,3000
11218,11218,500
11219,11219,1500
11220,11220,1000
11221,11221,3000
11222,11222,2000
11223,11223,1500
11224,11224,3000
11225,11225,1000
11226,11226,1000
11227,11227,1500
11228,11228,3000
11229,11229,1500
11230,11230,3000
11231,11231,2500
11232,11232,2500
11233,11233,3000
11234,11234,2500
11235,11235,500
11236,11236,500
11237,11237,3000
11238,11238,1500
11239,11239,500
11240,11240,1000
11241,11241,1500
11242,11242,3000
11243,11243,3000
11244,11244,500
11245,11245,3000
11246,11246,1500
11247,11247,1500
11248,11248,2000
11249,11249,1000
11250,11250,2000
11251,11251,1500
11252,11252,3000
11253,11253,2500
11254,11254,3000
11255,11255,1500
11256,11256,1000
11257,11257,1500
11258,11258,1500
11259,11259,2500
11260,11260,3000
11261,11261,1000
11262,11262,1000
11263,11263,500
11264,11264,3000
11265,11265,3000
11266,11266,3000
11267,11267,3000
11268,11268,500
11269,11269,2000
11270,11270,1000
11271,11271,2500
11272,11272,2000
11273,11273,3000
11274,11274,2000
11275,11275,3000
11276,11276,3000
11277,11277,2000
11278,11278,1500
11279,11279,2500
11280,11280,2500
11281,11281,1500
11282,11282,2000
11283,11283,2500
11284,11284,3000
11285,11285,3000
11286,11286,3000
11287,11287,500
11288,11288,1000
11289,11289,2500
11290,11290,1000
11291,11291,3000
11292,11292,2000
11293,11293,2000
11294,11294,2500
11295,11295,3000
11296,11296,3000
11297,11297,2000
11298,11298,3000
11299,11299,500
11300,11300,1500
11301,11301,1000
11302,11302,2500
11303,11303,3000
11304,11304,3000
11305,11305,3000
11306,11306,3000
11307,11307,500
11308,11308,3000
11309,11309,3000
11310,11310,2000
11311,11311,1000
11312,11312,1500
11313,11313,2500
11314,11314,1500
11315,11315,3000
11316,11316,1500
11317,11317,500
11318,11318,2000
11319,11319,1500
11320,11320,2000
11321,11321,3000
11322,11322,3000
11323,11323,2000
11324,11324,1500
11325,11325,3000
11326,11326,3000
11327,11327,2500
11328,11328,2500
11329,11329,1500
11330,11330,500
11331,11331,2500
11332,11332,1000
11333,11333,2500
11334,11334,1000
11335,11335,500
11336,11336,1500
11337,11337,2000
11338,11338,3000
11339,11339,2000
11340,11340,2500
11341,11341,500
11342,11342,3000
11343,11343,1500
11344,11344,2500
11345,11345,2000
11346,11346,1000
11347,11347,2500
11348,11348,1000
11349,11349,1000
11350,11350,1000
11351,11351,500
11352,11352,500
11353,11353,2000
11354,11354,3000
11355,11355,2500
11356,11356,1500
11357,11357,3000
11358,11358,3000
11359,11359,3000
11360,11360,2000
11361,11361,1000
11362,11362,3000
11363,11363,1500
11364,11364,2000
11365,11365,1500
11366,11366,500
11367,11367,3000
11368,11368,1500
11369,11369,2500
11370,11370,3000
11371,11371,500
11372,11372,1000
11373,11373,3000
11374,11374,1500
11375,11375,3000
11376,11376,3000
11377,11377,1500
11378,11378,2500
11379,11379,1000
11380,11380,500
11381,11381,3000
11382,11382,2500
11383,11383,2500
11384,11384,1000
11385,11385,1500
11386,11386,1000
11387,11387,500
11388,11388,2500
11389,11389,500
11390,11390,2500
11391,11391,1000
11392,11392,1500
11393,11393,3000
11394,11394,3000
11395,11395,2500
11396,11396,1000
11397,11397,3000
11398,11398,3000
11399,11399,1500
11400,11400,3000
11401,11401,2500
11402,11402,3000
11403,11403,3000
11404,11404,3000
11405,11405,500
11406,11406,2500
11407,11407,2500
11408,11408,500
11409,11409,2000
11410,11410,500
11411,11411,2500
11412,11412,1000
11413,11413,3000
11414,11414,3000
11415,11415,3000
11416,11416,3000
11417,11417,2000
11418,11418,3000
11419,11419,2500
11420,11420,1500
11421,11421,3000
11422,11422,3000
11423,11423,1500
11424,11424,2500
11425,11425,3000
11426,11426,3000
11427,11427,2500
11428,11428,1500
11429,11429,3000
11430,11430,500
11431,11431,3000
11432,11432,500
11433,11433,2000
11434,11434,3000
11435,11435,1000
11436,11436,3000
11437,11437,2000
11438,11438,3000
11439,11439,1500
11440,11440,3000
11441,11441,1500
11442,11442,2500
11443,11443,3000
11444,11444,2500
11445,11445,1500
11446,11446,1500
11447,11447,1500
11448,11448,3000
11449,11449,2000
11450,11450,3000
11451,11451,2000
11452,11452,3000
11453,11453,3000
11454,11454,3000
11455,11455,3000
11456,11456,1000
11457,11457,1500
11458,11458,3000
11459,11459,1500
11460,11460,2500
11461,11461,2500
11462,11462,2000
11463,11463,1500
11464,11464,1500
11465,11465,1500
11466,11466,2500
11467,11467,3000
11468,11468,1500
11469,11469,2000
11470,11470,3000
11471,11471,1000
11472,11472,1000
11473,11473,1000
11474,11474,1000
11475,11475,1500
11476,11476,1500
11477,11477,500
11478,11478,2000
11479,11479,2000
11480,11480,3000
11481,11481,3000
11482,11482,3000
11483,11483,2000
11484,11484,1500
11485,11485,1500
11486,11486,3000
11487,11487,2000
11488,11488,1000
11489,11489,2500
11490,11490,3000
11491,11491,1500
11492,11492,1000
11493,11493,3000
11494,11494,2000
11495,11495,1000
11496,11496,3000
11497,11497,2500
11498,11498,3000
11499,11499,1500
11500,11500,500
11501,11501,1500
11502,11502,1500
11503,11503,3000
11504,11504,3000
11505,11505,2500
11506,11506,3000
11507,11507,1500
11508,11508,3000
11509,11509,3000
11510,11510,3000
11511,11511,500
11512,11512,1500
11513,11513,1000
11514,11514,3000
11515,11515,3000
11516,11516,3000
11517,11517,1000
11518,11518,1500
11519,11519,2000
11520,11520,3000
11521,11521,2500
11522,11522,1500
11523,11523,3000
11524,11524,1500
11525,11525,500
11526,11526,1500
11527,11527,3000
11528,11528,1500
11529,11529,3000
11530,11530,1500
11531,11531,1000
11532,11532,500
11533,11533,1500
11534,11534,500
11535,11535,500
11536,11536,500
11537,11537,1500
11538,11538,500
11539,11539,1500
11540,11540,1500
11541,11541,1500
11542,11542,3000
11543,11543,3000
11544,11544,2500
11545,11545,500
11546,11546,3000
11547,11547,2500
11548,11548,1000
11549,11549,500
11550,11550,1000
11551,11551,1000
11552,11552,2000
11553,11553,500
11554,11554,3000
11555,11555,2000
11556,11556,3000
11557,11557,1500
11558,11558,1500
11559,11559,1000
11560,11560,2500
11561,11561,2000
11562,11562,500
11563,11563,1500
11564,11564,3000
11565,11565,3000
11566,11566,1000
11567,11567,2000
11568,11568,2000
11569,11569,3000
11570,11570,2000
11571,11571,2500
11572,11572,500
11573,11573,1500
11574,11574,500
11575,11575,2500
11576,11576,2500
11577,11577,500
11578,11578,3000
11579,11579,2500
11580,11580,1500
11581,11581,500
11582,11582,3000
11583,11583,500
11584,11584,3000
11585,11585,2000
11586,11586,500
11587,11587,3000
11588,11588,2500
11589,11589,500
11590,11590,1500
11591,11591,2000
11592,11592,3000
11593,11593,2000
11594,11594,3000
11595,11595,2500
11596,11596,3000
11597,11597,500
11598,11598,2500
11599,11599,500
11600,11600,3000
11601,11601,3000
11602,11602,2500
11603,11603,2500
11604,11604,2500
11605,11605,3000
11606,11606,3000
11607,11607,1000
11608,11608,2000
11609,11609,2500
11610,11610,3000
11611,11611,3000
11612,11612,500
11613,11613,3000
11614,11614,3000
11615,11615,2500
11616,11616,3000
11617,11617,3000
11618,11618,1500
11619,11619,3000
11620,11620,2000
11621,11621,1500
11622,11622,2500
11623,11623,1500
11624,11624,3000
11625,11625,2500
11626,11626,1500
11627,11627,3000
11628,11628,500
11629,11629,500
11630,11630,3000
11631,11631,1000
11632,11632,1500
11633,11633,2500
11634,11634,1500
11635,11635,1500
11636,11636,500
11637,11637,1500
11638,11638,1500
11639,11639,3000
11640,11640,3000
11641,11641,1000
11642,11642,1500
11643,11643,3000
11644,11644,1500
11645,11645,1500
11646,11646,2500
11647,11647,3000
11648,11648,1500
11649,11649,2000
11650,11650,2000
11651,11651,2500
11652,11652,1500
11653,11653,2000
11654,11654,3000
11655,11655,1500
11656,11656,2500
11657,11657,2500
11658,11658,2000
11659,11659,3000
11660,11660,1000
11661,11661,3000
11662,11662,1500
11663,11663,3000
11664,11664,3000
11665,11665,500
11666,11666,3000
11667,11667,1500
11668,11668,2500
11669,11669,3000
11670,11670,3000
11671,11671,1500
11672,11672,500
11673,11673,2000
11674,11674,2000
11675,11675,3000
11676,11676,1500
11677,11677,1000
11678,11678,3000
11679,11679,1000
11680,11680,1500
11681,11681,1000
11682,11682,2500
11683,11683,3000
11684,11684,1500
11685,11685,500
11686,11686,3000
11687,11687,500
11688,11688,2500
11689,11689,1500
11690,11690,2500
11691,11691,500
11692,11692,3000
11693,11693,3000
11694,11694,2000
11695,11695,1500
11696,11696,2000
11697,11697,1500
11698,11698,1500
11699,11699,1500
11700,11700,2000
11701,11701,1000
11702,11702,2000
11703,11703,2000
11704,11704,3000
11705,11705,3000
11706,11706,1500
11707,11707,3000
11708,11708,1000
11709,11709,1000
11710,11710,500
11711,11711,3000
11712,11712,500
11713,11713,3000
11714,11714,2500
11715,11715,1000
11716,11716,3000
11717,11717,3000
11718,11718,1000
11719,11719,2500
11720,11720,3000
11721,11721,2000
11722,11722,2500
11723,11723,3000
11724,11724,2500
11725,11725,1500
11726,11726,2500
11727,11727,1000
11728,11728,3000
11729,11729,2500
11730,11730,3000
11731,11731,1000
11732,11732,500
11733,11733,3000
11734,11734,3000
11735,11735,2500
11736,11736,2000
11737,11737,1000
11738,11738,3000
11739,11739,1500
11740,11740,500
11741,11741,2000
11742,11742,3000
11743,11743,2000
11744,11744,3000
11745,11745,2500
11746,11746,1000
11747,11747,3000
11748,11748,3000
11749,11749,3000
11750,11750,1500
11751,11751,1500
11752,11752,3000
11753,11753,2000
11754,11754,3000
11755,11755,1500
11756,11756,2500
11757,11757,1500
11758,11758,500
11759,11759,3000
11760,11760,3000
11761,11761,2000
11762,11762,1000
11763,11763,3000
11764,11764,500
11765,11765,1500
11766,11766,3000
11767,11767,500
11768,11768,1500
11769,11769,3000
11770,11770,2500
11771,11771,1000
11772,11772,3000
11773,11773,2500
11774,11774,2000
11775,11775,3000
11776,11776,3000
11777,11777,3000
11778,11778,2000
11779,11779,3000
11780,11780,1500
11781,11781,1000
11782,11782,1500
11783,11783,1500
11784,11784,500
11785,11785,2000
11786,11786,3000
11787,11787,2500
11788,11788,500
11789,11789,3000
11790,11790,500
11791,11791,1500
11792,11792,1500
11793,11793,2000
11794,11794,500
11795,11795,1000
11796,11796,2500
11797,11797,2000
11798,11798,2000
11799,11799,2500
11800,11800,1000
11801,11801,500
11802,11802,500
11803,11803,1500
11804,11804,2500
11805,11805,2000
11806,11806,1500
11807,11807,3000
11808,11808,3000
11809,11809,1500
11810,11810,1000
11811,11811,1000
11812,11812,3000
11813,11813,3000
11814,11814,3000
11815,11815,1000
11816,11816,2500
11817,11817,3000
11818,11818,500
11819,11819,3000
11820,11820,3000
11821,11821,1500
11822,11822,2000
11823,11823,500
11824,11824,1500
11825,11825,500
11826,11826,2000
11827,11827,1000
11828,11828,3000
11829,11829,1000
11830,11830,1000
11831,11831,3000
11832,11832,3000
11833,11833,500
11834,11834,500
11835,11835,2500
11836,11836,1500
11837,11837,2500
11838,11838,2000
11839,11839,1500
11840,11840,1000
11841,11841,2500
11842,11842,500
11843,11843,500
11844,11844,500
11845,11845,1500
11846,11846,3000
11847,11847,3000
11848,11848,500
11849,11849,500
11850,11850,500
11851,11851,3000
11852,11852,1000
11853,11853,3000
11854,11854,1000
11855,11855,1500
11856,11856,3000
11857,11857,2000
11858,11858,500
11859,11859,3000
11860,11860,1500
11861,11861,1500
11862,11862,2000
11863,11863,500
11864,11864,2000
11865,11865,3000
11866,11866,1500
11867,11867,3000
11868,11868,2500
11869,11869,500
11870,11870,1500
11871,11871,1000
11872,11872,3000
11873,11873,3000
11874,11874,3000
11875,11875,3000
11876,11876,2000
11877,11877,3000
11878,11878,1500
11879,11879,3000
11880,11880,3000
11881,11881,2000
11882,11882,1500
11883,11883,500
11884,11884,2000
11885,11885,1000
11886,11886,2500
11887,11887,1000
11888,11888,3000
11889,11889,3000
11890,11890,2000
11891,11891,1000
11892,11892,1000
11893,11893,2500
11894,11894,3000
11895,11895,2000
11896,11896,2500
11897,11897,3000
11898,11898,1000
11899,11899,1500
11900,11900,3000
11901,11901,1000
11902,11902,3000
11903,11903,2500
11904,11904,3000
11905,11905,1500
11906,11906,3000
11907,11907,2000
11908,11908,1500
11909,11909,500
11910,11910,2000
11911,11911,3000
11912,11912,2500
11913,11913,2000
11914,11914,2000
11915,11915,3000
11916,11916,3000
11917,11917,2500
11918,11918,3000
11919,11919,1500
11920,11920,1000
11921,11921,500
11922,11922,1500
11923,11923,500
11924,11924,3000
11925,11925,1500
11926,11926,2000
11927,11927,2000
11928,11928,2500
11929,11929,1500
11930,11930,500
11931,11931,500
11932,11932,1000
11933,11933,2000
11934,11934,1500
11935,11935,3000
11936,11936,2000
11937,11937,2500
11938,11938,2000
11939,11939,3000
11940,11940,3000
11941,11941,1500
11942,11942,2500
11943,11943,2500
11944,11944,3000
11945,11945,1500
11946,11946,2000
11947,11947,1500
11948,11948,500
11949,11949,1000
11950,11950,1500
11951,11951,500
11952,11952,1500
11953,11953,1500
11954,11954,2500
11955,11955,1500
11956,11956,500
11957,11957,2500
11958,11958,2500
11959,11959,2500
11960,11960,2500
11961,11961,1000
11962,11962,2000
11963,11963,500
11964,11964,2000
11965,11965,1500
11966,11966,2500
11967,11967,1000
11968,11968,3000
11969,11969,500
11970,11970,3000
11971,11971,1000
11972,11972,3000
11973,11973,3000
11974,11974,500
11975,11975,3000
11976,11976,3000
11977,11977,3000
11978,11978,1500
11979,11979,1500
11980,11980,500
11981,11981,1500
11982,11982,3000
11983,11983,3000
11984,11984,2500
11985,11985,3000
11986,11986,1000
11987,11987,1500
11988,11988,3000
11989,11989,3000
11990,11990,2500
11991,11991,3000
11992,11992,3000
11993,11993,3000
11994,11994,3000
11995,11995,3000
11996,11996,2000
11997,11997,1500
11998,11998,3000
11999,11999,3000
12000,12000,1500
12001,12001,3000
12002,12002,3000
12003,12003,3000
12004,12004,2500
12005,12005,1500
12006,12006,3000
12007,12007,2000
12008,12008,3000
12009,12009,2000
12010,12010,3000
12011,12011,1000
12012,12012,3000
12013,12013,3000
12014,12014,2500
12015,12015,3000
12016,12016,3000
12017,12017,1000
12018,12018,1500
12019,12019,500
12020,12020,3000
12021,12021,2500
12022,12022,2000
12023,12023,2500
12024,12024,3000
12025,12025,3000
12026,12026,3000
12027,12027,500
12028,12028,1500
12029,12029,1000
12030,12030,1500
12031,12031,500
12032,12032,3000
12033,12033,1500
12034,12034,2500
12035,12035,1500
12036,12036,3000
12037,12037,3000
12038,12038,1500
12039,12039,500
12040,12040,1500
12041,12041,3000
12042,12042,1000
12043,12043,3000
12044,12044,1500
12045,12045,3000
12046,12046,3000
12047,12047,1500
12048,12048,500
12049,12049,3000
12050,12050,3000
12051,12051,2500
12052,12052,2500
12053,12053,1000
12054,12054,1500
12055,12055,3000
12056,12056,2500
12057,12057,1500
12058,12058,2000
12059,12059,500
12060,12060,3000
12061,12061,2000
12062,12062,1500
12063,12063,1500
12064,12064,1500
12065,12065,3000
12066,12066,3000
12067,12067,3000
12068,12068,3000
12069,12069,1500
12070,12070,3000
12071,12071,500
12072,12072,1000
12073,12073,1500
12074,12074,3000
12075,12075,1000
12076,12076,500
12077,12077,3000
12078,12078,1500
12079,12079,2000
12080,12080,500
12081,12081,3000
12082,12082,3000
12083,12083,2500
12084,12084,500
12085,12085,3000
12086,12086,3000
12087,12087,1500
12088,12088,3000
12089,12089,3000
12090,12090,2000
12091,12091,1500
12092,12092,1500
12093,12093,500
12094,12094,1500
12095,12095,2500
12096,12096,3000
12097,12097,2000
12098,12098,3000
12099,12099,3000
12100,12100,3000
12101,12101,1500
12102,12102,500
12103,12103,3000
12104,12104,3000
12105,12105,2500
12106,12106,1500
12107,12107,1500
12108,12108,2000
12109,12109,3000
12110,12110,3000
12111,12111,1000
12112,12112,1500
12113,12113,2000
12114,12114,500
12115,12115,2500
12116,12116,3000
12117,12117,3000
12118,12118,3000
12119,12119,3000
12120,12120,3000
12121,12121,1000
12122,12122,3000
12123,12123,2500
12124,12124,3000
12125,12125,1500
12126,12126,1000
12127,12127,3000
12128,12128,3000
12129,12129,500
12130,12130,3000
12131,12131,500
12132,12132,500
12133,12133,2500
12134,12134,3000
12135,12135,500
12136,12136,3000
12137,12137,2000
12138,12138,1000
12139,12139,1500
12140,12140,2500
12141,12141,1500
12142,12142,3000
12143,12143,1500
12144,12144,1500
12145,12145,500
12146,12146,2500
12147,12147,2500
12148,12148,3000
12149,12149,1500
12150,12150,3000
12151,12151,3000
12152,12152,2500
12153,12153,1000
12154,12154,1500
12155,12155,1500
12156,12156,1500
12157,12157,2000
12158,12158,500
12159,12159,1500
12160,12160,1000
12161,12161,3000
12162,12162,1500
12163,12163,3000
12164,12164,3000
12165,12165,3000
12166,12166,2000
12167,12167,3000
12168,12168,3000
12169,12169,3000
12170,12170,3000
12171,12171,1500
12172,12172,1500
12173,12173,500
12174,12174,3000
12175,12175,1500
12176,12176,500
12177,12177,1500
12178,12178,1500
12179,12179,2000
12180,12180,500
12181,12181,500
12182,12182,3000
12183,12183,3000
12184,12184,1000
12185,12185,3000
12186,12186,1000
12187,12187,1500
12188,12188,500
12189,12189,3000
12190,12190,2000
12191,12191,500
12192,12192,1500
12193,12193,3000
12194,12194,1000
12195,12195,3000
12196,12196,2000
12197,12197,500
12198,12198,2500
12199,12199,2500
12200,12200,1000
12201,12201,3000
12202,12202,1000
12203,12203,1500
12204,12204,2500
12205,12205,500
12206,12206,3000
12207,12207,1500
12208,12208,1500
12209,12209,3000
12210,12210,2500
12211,12211,2000
12212,12212,2000
12213,12213,3000
12214,12214,3000
12215,12215,3000
12216,12216,3000
12217,12217,2000
12218,12218,1500
12219,12219,1500
12220,12220,2000
12221,12221,1500
12222,12222,1000
12223,12223,1500
12224,12224,3000
12225,12225,1000
12226,12226,500
12227,12227,2000
12228,12228,3000
12229,12229,1500
12230,12230,3000
12231,12231,3000
12232,12232,3000
12233,12233,2000
12234,12234,3000
12235,12235,500
12236,12236,500
12237,12237,500
12238,12238,1500
12239,12239,2000
12240,12240,2500
12241,12241,500
12242,12242,3000
12243,12243,3000
12244,12244,3000
12245,12245,1500
12246,12246,1500
12247,12247,3000
12248,12248,2500
12249,12249,3000
12250,12250,1500
12251,12251,3000
12252,12252,2000
12253,12253,2500
12254,12254,3000
12255,12255,1000
12256,12256,1000
12257,12257,3000
12258,12258,2000
12259,12259,3000
12260,12260,3000
12261,12261,3000
12262,12262,2500
12263,12263,1500
12264,12264,1000
12265,12265,500
12266,12266,3000
12267,12267,3000
12268,12268,1000
12269,12269,500
12270,12270,2500
12271,12271,500
12272,12272,1500
12273,12273,1500
12274,12274,500
12275,12275,3000
12276,12276,3000
12277,12277,500
12278,12278,3000
12279,12279,1000
12280,12280,500
12281,12281,1000
12282,12282,3000
12283,12283,1000
12284,12284,3000
12285,12285,2000
12286,12286,500
12287,12287,3000
12288,12288,1500
12289,12289,1000
12290,12290,1500
12291,12291,3000
12292,12292,1500
12293,12293,3000
12294,12294,1500
12295,12295,500
12296,12296,1500
12297,12297,2000
12298,12298,3000
12299,12299,500
12300,12300,1500
12301,12301,2000
12302,12302,1500
12303,12303,1000
12304,12304,1000
12305,12305,1500
12306,12306,1500
12307,12307,2500
12308,12308,3000
12309,12309,3000
12310,12310,3000
12311,12311,2500
12312,12312,2500
12313,12313,1500
12314,12314,3000
12315,12315,3000
12316,12316,1500
12317,12317,3000
12318,12318,500
12319,12319,2000
12320,12320,3000
12321,12321,500
12322,12322,2000
12323,12323,2500
12324,12324,2000
12325,12325,3000
12326,12326,2500
12327,12327,3000
12328,12328,3000
12329,12329,500
12330,12330,1000
12331,12331,1000
12332,12332,500
12333,12333,1000
12334,12334,1500
12335,12335,1500
12336,12336,2500
12337,12337,3000
12338,12338,1500
12339,12339,1000
12340,12340,3000
12341,12341,3000
12342,12342,3000
12343,12343,2500
12344,12344,2500
12345,12345,3000
12346,12346,2500
12347,12347,2500
12348,12348,1500
12349,12349,1500
12350,12350,1000
12351,12351,3000
12352,12352,2000
12353,12353,500
12354,12354,3000
12355,12355,3000
12356,12356,1000
12357,12357,3000
12358,12358,2500
12359,12359,500
12360,12360,1500
12361,12361,2500
12362,12362,1500
12363,12363,1500
12364,12364,3000
12365,12365,3000
12366,12366,1500
12367,12367,2000
12368,12368,3000
12369,12369,1500
12370,12370,2000
12371,12371,3000
12372,12372,3000
12373,12373,1500
12374,12374,2000
12375,12375,500
12376,12376,2000
12377,12377,2500
12378,12378,1000
12379,12379,3000
12380,12380,1000
12381,12381,2000
12382,12382,3000
12383,12383,1000
12384,12384,3000
12385,12385,3000
12386,12386,3000
12387,12387,2500
12388,12388,1500
12389,12389,3000
12390,12390,1500
12391,12391,2000
12392,12392,2000
12393,12393,2500
12394,12394,1000
12395,12395,2000
12396,12396,3000
12397,12397,1500
12398,12398,1000
12399,12399,1000
12400,12400,2000
12401,12401,2500
12402,12402,3000
12403,12403,500
12404,12404,1500
12405,12405,500
12406,12406,3000
12407,12407,3000
12408,12408,3000
12409,12409,500
12410,12410,1500
12411,12411,500
12412,12412,3000
12413,12413,1500
12414,12414,3000
12415,12415,3000
12416,12416,1500
12417,12417,1000
12418,12418,3000
12419,12419,1000
12420,12420,1500
12421,12421,3000
12422,12422,3000
12423,12423,2000
12424,12424,1500
12425,12425,2500
12426,12426,3000
12427,12427,1000
12428,12428,1000
12429,12429,2000
12430,12430,3000
12431,12431,3000
12432,12432,1500
12433,12433,1500
12434,12434,3000
12435,12435,2500
12436,12436,1500
12437,12437,3000
12438,12438,500
12439,12439,1000
12440,12440,3000
12441,12441,1500
12442,12442,3000
12443,12443,3000
12444,12444,2500
12445,12445,3000
12446,12446,2500
12447,12447,1500
12448,12448,1000
12449,12449,3000
12450,12450,2000
12451,12451,3000
12452,12452,2500
12453,12453,1000
12454,12454,2500
12455,12455,2000
12456,12456,1500
12457,12457,500
12458,12458,1000
12459,12459,500
12460,12460,1500
12461,12461,1500
12462,12462,500
12463,12463,1500
12464,12464,2500
12465,12465,3000
12466,12466,500
12467,12467,1500
12468,12468,2000
12469,12469,2500
12470,12470,3000
12471,12471,1500
12472,12472,500
12473,12473,3000
12474,12474,3000
12475,12475,1500
12476,12476,3000
12477,12477,1500
12478,12478,1500
12479,12479,2500
12480,12480,3000
12481,12481,1500
12482,12482,3000
12483,12483,2500
12484,12484,3000
12485,12485,2000
12486,12486,2500
12487,12487,1500
12488,12488,3000
12489,12489,1000
12490,12490,500
12491,12491,3000
12492,12492,1500
12493,12493,1000
12494,12494,3000
12495,12495,3000
12496,12496,2000
12497,12497,3000
12498,12498,500
12499,12499,1500
12500,12500,1500
12501,12501,1500
12502,12502,1500
12503,12503,1000
12504,12504,2000
12505,12505,1500
12506,12506,1500
12507,12507,1500
12508,12508,3000
12509,12509,500
12510,12510,1000
12511,12511,1500
12512,12512,2500
12513,12513,1500
12514,12514,1500
12515,12515,1500
12516,12516,2000
12517,12517,1500
12518,12518,1000
12519,12519,3000
12520,12520,1500
12521,12521,3000
12522,12522,3000
12523,12523,3000
12524,12524,1500
12525,12525,1000
12526,12526,1500
12527,12527,500
12528,12528,500
12529,12529,500
12530,12530,3000
12531,12531,500
12532,12532,2000
12533,12533,3000
12534,12534,500
12535,12535,2000
12536,12536,2500
12537,12537,3000
12538,12538,2500
12539,12539,3000
12540,12540,1000
12541,12541,2500
12542,12542,1000
12543,12543,500
12544,12544,3000
12545,12545,2500
12546,12546,500
12547,12547,1500
12548,12548,3000
12549,12549,500
12550,12550,1000
12551,12551,1500
12552,12552,3000
12553,12553,3000
12554,12554,1500
12555,12555,2500
12556,12556,3000
12557,12557,3000
12558,12558,500
12559,12559,500
12560,12560,1500
12561,12561,1500
12562,12562,2500
12563,12563,2000
12564,12564,3000
12565,12565,2500
12566,12566,2500
12567,12567,2500
12568,12568,2500
12569,12569,3000
12570,12570,2500
12571,12571,2500
12572,12572,2500
12573,12573,2000
12574,12574,2000
12575,12575,1500
12576,12576,3000
12577,12577,1500
12578,12578,1500
12579,12579,500
12580,12580,1500
12581,12581,500
12582,12582,3000
12583,12583,3000
12584,12584,3000
12585,12585,2000
12586,12586,1500
12587,12587,1500
12588,12588,1500
12589,12589,1500
12590,12590,3000
12591,12591,3000
12592,12592,2000
12593,12593,500
12594,12594,3000
12595,12595,3000
12596,12596,2000
12597,12597,3000
12598,12598,1500
12599,12599,500
12600,12600,1000
12601,12601,3000
12602,12602,3000
12603,12603,2000
12604,12604,3000
12605,12605,2500
12606,12606,2500
12607,12607,2500
12608,12608,3000
12609,12609,3000
12610,12610,2500
12611,12611,1500
12612,12612,500
12613,12613,3000
12614,12614,2000
12615,12615,1500
12616,12616,3000
12617,12617,1500
12618,12618,2500
12619,12619,1500
12620,12620,3000
12621,12621,3000
12622,12622,1500
12623,12623,2500
12624,12624,1500
12625,12625,3000
12626,12626,1500
12627,12627,1000
12628,12628,3000
12629,12629,3000
12630,12630,2000
12631,12631,3000
12632,12632,3000
12633,12633,3000
12634,12634,3000
12635,12635,2500
12636,12636,2500
12637,12637,500
12638,12638,1500
12639,12639,3000
12640,12640,3000
12641,12641,1000
12642,12642,3000
12643,12643,2000
12644,12644,2000
12645,12645,1000
12646,12646,2500
12647,12647,2500
12648,12648,3000
12649,12649,3000
12650,12650,3000
12651,12651,3000
12652,12652,3000
12653,12653,2500
12654,12654,1500
12655,12655,1500
12656,12656,1500
12657,12657,1500
12658,12658,2000
12659,12659,500
12660,12660,1500
12661,12661,3000
12662,12662,3000
12663,12663,1500
12664,12664,3000
12665,12665,3000
12666,12666,3000
12667,12667,3000
12668,12668,500
12669,12669,1500
12670,12670,2500
12671,12671,3000
12672,12672,3000
12673,12673,3000
12674,12674,1500
12675,12675,3000
12676,12676,1000
12677,12677,1000
12678,12678,3000
12679,12679,1000
12680,12680,1500
12681,12681,2500
12682,12682,1500
12683,12683,1000
12684,12684,500
12685,12685,500
12686,12686,3000
12687,12687,2000
12688,12688,500
12689,12689,2500
12690,12690,3000
12691,12691,3000
12692,12692,1500
12693,12693,1000
12694,12694,3000
12695,12695,2000
12696,12696,500
12697,12697,1000
12698,12698,1500
12699,12699,500
12700,12700,3000
12701,12701,3000
12702,12702,2500
12703,12703,1500
12704,12704,1500
12705,12705,2000
12706,12706,2500
12707,12707,1000
12708,12708,1500
12709,12709,2000
12710,12710,3000
12711,12711,3000
12712,12712,1000
12713,12713,3000
12714,12714,2500
12715,12715,1000
12716,12716,500
12717,12717,1500
12718,12718,1000
12719,12719,1000
12720,12720,500
12721,12721,2500
12722,12722,500
12723,12723,1500
12724,12724,1500
12725,12725,500
12726,12726,2500
12727,12727,2500
12728,12728,1500
12729,12729,1500
12730,12730,1500
12731,12731,2500
12732,12732,1000
12733,12733,2500
12734,12734,1500
12735,12735,1500
12736,12736,500
12737,12737,2000
12738,12738,500
12739,12739,1000
12740,12740,1500
12741,12741,1500
12742,12742,500
12743,12743,3000
12744,12744,3000
12745,12745,500
12746,12746,500
12747,12747,3000
12748,12748,2500
12749,12749,1000
12750,12750,500
12751,12751,2000
12752,12752,2500
12753,12753,3000
12754,12754,3000
12755,12755,3000
12756,12756,3000
12757,12757,3000
12758,12758,3000
12759,12759,2500
12760,12760,1500
12761,12761,3000
12762,12762,1500
12763,12763,500
12764,12764,500
12765,12765,1000
12766,12766,500
12767,12767,1500
12768,12768,500
12769,12769,1500
12770,12770,3000
12771,12771,3000
12772,12772,3000
12773,12773,3000
12774,12774,1500
12775,12775,3000
12776,12776,2000
12777,12777,2000
12778,12778,1500
12779,12779,3000
12780,12780,1500
12781,12781,500
12782,12782,500
12783,12783,2000
12784,12784,3000
12785,12785,1500
12786,12786,3000
12787,12787,2000
12788,12788,1000
12789,12789,1500
12790,12790,1500
12791,12791,500
12792,12792,2500
12793,12793,3000
12794,12794,3000
12795,12795,500
12796,12796,1500
12797,12797,2000
12798,12798,500
12799,12799,1500
12800,12800,1500
12801,12801,3000
12802,12802,2000
12803,12803,3000
12804,12804,3000
12805,12805,1000
12806,12806,1000
12807,12807,1500
12808,12808,3000
12809,12809,1500
12810,12810,3000
12811,12811,1500
12812,12812,3000
12813,12813,500
12814,12814,2500
12815,12815,1500
12816,12816,3000
12817,12817,1500
12818,12818,2500
12819,12819,1500
12820,12820,500
12821,12821,3000
12822,12822,2500
12823,12823,1500
12824,12824,2000
12825,12825,3000
12826,12826,3000
12827,12827,3000
12828,12828,3000
12829,12829,3000
12830,12830,2000
12831,12831,1500
12832,12832,1500
12833,12833,3000
12834,12834,3000
12835,12835,3000
12836,12836,3000
12837,12837,3000
12838,12838,3000
12839,12839,1000
12840,12840,3000
12841,12841,2500
12842,12842,3000
12843,12843,3000
12844,12844,1000
12845,12845,1500
12846,12846,1000
12847,12847,1500
12848,12848,2000
12849,12849,1000
12850,12850,2500
12851,12851,2000
12852,12852,1500
12853,12853,3000
12854,12854,1500
12855,12855,1500
12856,12856,3000
12857,12857,1500
12858,12858,2500
12859,12859,1500
12860,12860,1000
12861,12861,3000
12862,12862,3000
12863,12863,2000
12864,12864,3000
12865,12865,2500
12866,12866,2000
12867,12867,500
12868,12868,2500
12869,12869,3000
12870,12870,1500
12871,12871,1500
12872,12872,2500
12873,12873,3000
12874,12874,2500
12875,12875,1500
12876,12876,2000
12877,12877,3000
12878,12878,1500
12879,12879,3000
12880,12880,3000
12881,12881,500
12882,12882,1000
12883,12883,3000
12884,12884,1000
12885,12885,500
12886,12886,2000
12887,12887,1500
12888,12888,3000
12889,12889,3000
12890,12890,1500
12891,12891,3000
12892,12892,1500
12893,12893,2500
12894,12894,3000
12895,12895,2500
12896,12896,3000
12897,12897,2000
12898,12898,500
12899,12899,2000
12900,12900,3000
12901,12901,1500
12902,12902,1500
12903,12903,3000
12904,12904,3000
12905,12905,3000
12906,12906,1000
12907,12907,2000
12908,12908,3000
12909,12909,2500
12910,12910,3000
12911,12911,3000
12912,12912,2500
12913,12913,1500
12914,12914,3000
12915,12915,3000
12916,12916,1500
12917,12917,1500
12918,12918,1500
12919,12919,3000
12920,12920,2500
12921,12921,1500
12922,12922,1500
12923,12923,2000
12924,12924,3000
12925,12925,2500
12926,12926,2000
12927,12927,3000
12928,12928,3000
12929,12929,2500
12930,12930,3000
12931,12931,2500
12932,12932,3000
12933,12933,1500
12934,12934,3000
12935,12935,1000
12936,12936,3000
12937,12937,2500
12938,12938,1500
12939,12939,1500
12940,12940,1000
12941,12941,3000
12942,12942,1500
12943,12943,1500
12944,12944,1500
12945,12945,3000
12946,12946,2500
12947,12947,1500
12948,12948,3000
12949,12949,2000
12950,12950,3000
12951,12951,1500
12952,12952,2000
12953,12953,3000
12954,12954,3000
12955,12955,3000
12956,12956,1000
12957,12957,3000
12958,12958,1000
12959,12959,1500
12960,12960,3000
12961,12961,3000
12962,12962,1500
12963,12963,2000
12964,12964,1000
12965,12965,2000
12966,12966,1500
12967,12967,3000
12968,12968,1500
12969,12969,1000
12970,12970,1500
12971,12971,3000
12972,12972,3000
12973,12973,3000
12974,12974,3000
12975,12975,2000
12976,12976,1500
12977,12977,500
12978,12978,3000
12979,12979,2500
12980,12980,500
12981,12981,1000
12982,12982,500
12983,12983,1500
12984,12984,2000
12985,12985,2000
12986,12986,1000
12987,12987,1000
12988,12988,1500
12989,12989,3000
12990,12990,1500
12991,12991,2500
12992,12992,2000
12993,12993,1000
12994,12994,2500
12995,12995,3000
12996,12996,3000
12997,12997,2000
12998,12998,1500
12999,12999,2500
13000,13000,3000
13001,13001,3000
13002,13002,1000
13003,13003,1000
13004,13004,3000
13005,13005,2000
13006,13006,3000
13007,13007,500
13008,13008,1500
13009,13009,2000
13010,13010,1000
13011,13011,500
13012,13012,2500
13013,13013,1000
13014,13014,1500
13015,13015,2500
13016,13016,1000
13017,13017,1000
13018,13018,3000
13019,13019,2000
13020,13020,1500
13021,13021,500
13022,13022,1000
13023,13023,2000
13024,13024,1000
13025,13025,1500
13026,13026,2500
13027,13027,3000
13028,13028,3000
13029,13029,3000
13030,13030,500
13031,13031,1500
13032,13032,500
13033,13033,3000
13034,13034,3000
13035,13035,1500
13036,13036,1500
13037,13037,3000
13038,13038,500
13039,13039,2500
13040,13040,3000
13041,13041,500
13042,13042,500
13043,13043,1000
13044,13044,3000
13045,13045,2000
13046,13046,1500
13047,13047,2000
13048,13048,2500
13049,13049,3000
13050,13050,3000
13051,13051,3000
13052,13052,3000
13053,13053,500
13054,13054,500
13055,13055,3000
13056,13056,1000
13057,13057,3000
13058,13058,2000
13059,13059,2000
13060,13060,3000
13061,13061,3000
13062,13062,2500
13063,13063,1500
13064,13064,1500
13065,13065,3000
13066,13066,2500
13067,13067,2000
13068,13068,3000
13069,13069,1500
13070,13070,1500
13071,13071,1500
13072,13072,500
13073,13073,2000
13074,13074,1000
13075,13075,2500
13076,13076,500
13077,13077,1500
13078,13078,1500
13079,13079,3000
13080,13080,3000
13081,13081,2500
13082,13082,3000
13083,13083,3000
13084,13084,1000
13085,13085,2000
13086,13086,2500
13087,13087,500
13088,13088,3000
13089,13089,1000
13090,13090,3000
13091,13091,3000
13092,13092,2500
13093,13093,1500
13094,13094,2000
13095,13095,1500
13096,13096,3000
13097,13097,1000
13098,13098,1500
13099,13099,1000
13100,13100,3000
13101,13101,3000
13102,13102,3000
13103,13103,1500
13104,13104,1000
13105,13105,1500
13106,13106,500
13107,13107,1500
13108,13108,3000
13109,13109,500
13110,13110,3000
13111,13111,2500
13112,13112,2000
13113,13113,1000
13114,13114,3000
13115,13115,1500
13116,13116,3000
13117,13117,2000
13118,13118,1500
13119,13119,3000
13120,13120,1000
13121,13121,1500
13122,13122,3000
13123,13123,1500
13124,13124,500
13125,13125,1500
13126,13126,2500
13127,13127,3000
13128,13128,3000
13129,13129,500
13130,13130,1500
13131,13131,1000
13132,13132,2000
13133,13133,1500
13134,13134,1500
13135,13135,500
13136,13136,3000
13137,13137,500
13138,13138,1500
13139,13139,1500
13140,13140,1500
13141,13141,1000
13142,13142,1500
13143,13143,2500
13144,13144,1500
13145,13145,1500
13146,13146,2000
13147,13147,1500
13148,13148,1500
13149,13149,500
13150,13150,2500
13151,13151,3000
13152,13152,1500
13153,13153,1500
13154,13154,2500
13155,13155,1000
13156,13156,1500
13157,13157,3000
13158,13158,2000
13159,13159,3000
13160,13160,1000
13161,13161,2500
13162,13162,2000
13163,13163,500
13164,13164,2500
13165,13165,1500
13166,13166,1500
13167,13167,1000
13168,13168,3000
13169,13169,1000
13170,13170,3000
13171,13171,3000
13172,13172,1000
13173,13173,2500
13174,13174,500
13175,13175,2000
13176,13176,2000
13177,13177,1500
13178,13178,1000
13179,13179,3000
13180,13180,500
13181,13181,2000
13182,13182,1500
13183,13183,3000
13184,13184,500
13185,13185,1000
13186,13186,3000
13187,13187,3000
13188,13188,1500
13189,13189,3000
13190,13190,3000
13191,13191,500
13192,13192,3000
13193,13193,3000
13194,13194,2000
13195,13195,2000
13196,13196,1500
13197,13197,1500
13198,13198,1500
13199,13199,2000
13200,13200,3000
13201,13201,3000
13202,13202,3000
13203,13203,2000
13204,13204,500
13205,13205,1500
13206,13206,1000
13207,13207,2000
13208,13208,500
13209,13209,1500
13210,13210,2500
13211,13211,1500
13212,13212,3000
13213,13213,3000
13214,13214,1000
13215,13215,2000
13216,13216,2500
13217,13217,1500
13218,13218,1000
13219,13219,1500
13220,13220,1500
13221,13221,500
13222,13222,1500
13223,13223,1500
13224,13224,2500
13225,13225,1000
13226,13226,3000
13227,13227,3000
13228,13228,2500
13229,13229,2500
13230,13230,3000
13231,13231,1500
13232,13232,1000
13233,13233,2000
13234,13234,2500
13235,13235,3000
13236,13236,3000
13237,13237,1500
13238,13238,3000
13239,13239,3000
13240,13240,3000
13241,13241,3000
13242,13242,500
13243,13243,3000
13244,13244,3000
13245,13245,3000
13246,13246,500
13247,13247,500
13248,13248,3000
13249,13249,1500
13250,13250,1500
13251,13251,3000
13252,13252,1000
13253,13253,1000
13254,13254,1500
13255,13255,3000
13256,13256,3000
13257,13257,1000
13258,13258,2000
13259,13259,1000
13260,13260,3000
13261,13261,3000
13262,13262,500
13263,13263,500
13264,13264,3000
13265,13265,1000
13266,13266,3000
13267,13267,3000
13268,13268,2000
13269,13269,3000
13270,13270,3000
13271,13271,500
13272,13272,2000
13273,13273,1500
13274,13274,3000
13275,13275,3000
13276,13276,500
13277,13277,3000
13278,13278,3000
13279,13279,2000
13280,13280,2500
13281,13281,3000
13282,13282,3000
13283,13283,2500
13284,13284,3000
13285,13285,1500
13286,13286,500
13287,13287,3000
13288,13288,500
13289,13289,1500
13290,13290,500
13291,13291,2500
13292,13292,1500
13293,13293,500
13294,13294,1000
13295,13295,1000
13296,13296,1000
13297,13297,3000
13298,13298,2000
13299,13299,1500
13300,13300,1500
13301,13301,3000
13302,13302,2000
13303,13303,2000
13304,13304,1500
13305,13305,1500
13306,13306,2000
13307,13307,1000
13308,13308,500
13309,13309,1500
13310,13310,3000
13311,13311,2000
13312,13312,1500
13313,13313,500
13314,13314,2000
13315,13315,2500
13316,13316,2500
13317,13317,2500
13318,13318,3000
13319,13319,3000
13320,13320,1000
13321,13321,1500
13322,13322,1500
13323,13323,1500
13324,13324,1500
13325,13325,500
13326,13326,3000
13327,13327,500
13328,13328,1500
13329,13329,1000
13330,13330,3000
13331,13331,3000
13332,13332,500
13333,13333,3000
13334,13334,1000
13335,13335,3000
13336,13336,2000
13337,13337,2000
13338,13338,2500
13339,13339,3000
13340,13340,1000
13341,13341,1500
13342,13342,2500
13343,13343,2500
13344,13344,2000
13345,13345,3000
13346,13346,500
13347,13347,1500
13348,13348,500
13349,13349,1500
13350,13350,1000
13351,13351,1500
13352,13352,500
13353,13353,3000
13354,13354,1500
13355,13355,2000
13356,13356,3000
13357,13357,1000
13358,13358,1000
13359,13359,3000
13360,13360,3000
13361,13361,1000
13362,13362,500
13363,13363,3000
13364,13364,1000
13365,13365,3000
13366,13366,3000
13367,13367,2500
13368,13368,2500
13369,13369,1000
13370,13370,1500
13371,13371,1500
13372,13372,1000
13373,13373,3000
13374,13374,1500
13375,13375,3000
13376,13376,3000
13377,13377,2000
13378,13378,3000
13379,13379,3000
13380,13380,2000
13381,13381,2000
13382,13382,3000
13383,13383,2000
13384,13384,1000
13385,13385,1500
13386,13386,3000
13387,13387,1000
13388,13388,3000
13389,13389,3000
13390,13390,1500
13391,13391,500
13392,13392,1500
13393,13393,3000
13394,13394,1500
13395,13395,1000
13396,13396,1500
13397,13397,1500
13398,13398,500
13399,13399,1500
13400,13400,3000
13401,13401,2000
13402,13402,2000
13403,13403,3000
13404,13404,1500
13405,13405,3000
13406,13406,1500
13407,13407,3000
13408,13408,500
13409,13409,1500
13410,13410,2000
13411,13411,1500
13412,13412,500
13413,13413,3000
13414,13414,3000
13415,13415,500
13416,13416,3000
13417,13417,3000
13418,13418,1000
13419,13419,2000
13420,13420,2500
13421,13421,3000
13422,13422,1500
13423,13423,3000
13424,13424,3000
13425,13425,500
13426,13426,500
13427,13427,3000
13428,13428,3000
13429,13429,3000
13430,13430,3000
13431,13431,3000
13432,13432,2500
13433,13433,2500
13434,13434,500
13435,13435,3000
13436,13436,1000
13437,13437,3000
13438,13438,1500
13439,13439,500
13440,13440,3000
13441,13441,2500
13442,13442,2000
13443,13443,1500
13444,13444,1000
13445,13445,1000
13446,13446,2500
13447,13447,1500
13448,13448,1500
13449,13449,500
13450,13450,3000
13451,13451,500
13452,13452,3000
13453,13453,2000
13454,13454,3000
13455,13455,1500
13456,13456,1500
13457,13457,3000
13458,13458,1000
13459,13459,3000
13460,13460,2500
13461,13461,1500
13462,13462,2500
13463,13463,500
13464,13464,3000
13465,13465,1500
13466,13466,3000
13467,13467,3000
13468,13468,1500
13469,13469,1500
13470,13470,1000
13471,13471,500
13472,13472,3000
13473,13473,3000
13474,13474,1500
13475,13475,1500
13476,13476,1500
13477,13477,3000
13478,13478,2500
13479,13479,3000
13480,13480,3000
13481,13481,1500
13482,13482,1500
13483,13483,3000
13484,13484,3000
13485,13485,2500
13486,13486,1000
13487,13487,2000
13488,13488,500
13489,13489,2000
13490,13490,2000
13491,13491,3000
13492,13492,1500
13493,13493,1500
13494,13494,1500
13495,13495,3000
13496,13496,1500
13497,13497,1500
13498,13498,1500
13499,13499,500
13500,13500,1500
13501,13501,2000
13502,13502,500
13503,13503,2000
13504,13504,2500
13505,13505,3000
13506,13506,2000
13507,13507,1500
13508,13508,2500
13509,13509,1500
13510,13510,500
13511,13511,1500
13512,13512,3000
13513,13513,2000
13514,13514,2500
13515,13515,2500
13516,13516,500
13517,13517,2500
13518,13518,3000
13519,13519,1500
13520,13520,500
13521,13521,3000
13522,13522,2000
13523,13523,1000
13524,13524,3000
13525,13525,500
13526,13526,1500
13527,13527,1000
13528,13528,3000
13529,13529,500
13530,13530,3000
13531,13531,1500
13532,13532,2000
13533,13533,2500
13534,13534,3000
13535,13535,1000
13536,13536,1500
13537,13537,3000
13538,13538,1000
13539,13539,1000
13540,13540,3000
13541,13541,1500
13542,13542,2500
13543,13543,500
13544,13544,2000
13545,13545,1500
13546,13546,3000
13547,13547,1500
13548,13548,500
13549,13549,3000
13550,13550,2000
13551,13551,500
13552,13552,1000
13553,13553,500
13554,13554,2000
13555,13555,1500
13556,13556,500
13557,13557,2000
13558,13558,3000
13559,13559,500
13560,13560,500
13561,13561,2000
13562,13562,1000
13563,13563,3000
13564,13564,500
13565,13565,3000
13566,13566,3000
13567,13567,500
13568,13568,2000
13569,13569,3000
13570,13570,2500
13571,13571,3000
13572,13572,3000
13573,13573,500
13574,13574,3000
13575,13575,500
13576,13576,1500
13577,13577,3000
13578,13578,2500
13579,13579,3000
13580,13580,1500
13581,13581,2500
13582,13582,2000
13583,13583,1000
13584,13584,1500
13585,13585,1500
13586,13586,2000
13587,13587,2000
13588,13588,500
13589,13589,3000
13590,13590,1500
13591,13591,2000
13592,13592,3000
13593,13593,500
13594,13594,3000
13595,13595,1000
13596,13596,500
13597,13597,1000
13598,13598,3000
13599,13599,2500
13600,13600,2000
13601,13601,2500
13602,13602,3000
13603,13603,3000
13604,13604,3000
13605,13605,3000
13606,13606,3000
13607,13607,3000
13608,13608,3000
13609,13609,3000
13610,13610,1000
13611,13611,2500
13612,13612,1000
13613,13613,3000
13614,13614,2000
13615,13615,2500
13616,13616,3000
13617,13617,1500
13618,13618,1500
13619,13619,500
13620,13620,1500
13621,13621,1000
13622,13622,2500
13623,13623,500
13624,13624,1500
13625,13625,500
13626,13626,1500
13627,13627,2500
13628,13628,2000
13629,13629,1500
13630,13630,2000
13631,13631,2500
13632,13632,3000
13633,13633,1500
13634,13634,2000
13635,13635,2500
13636,13636,1500
13637,13637,3000
13638,13638,2500
13639,13639,1500
13640,13640,3000
13641,13641,1500
13642,13642,1000
13643,13643,2500
13644,13644,2000
13645,13645,2500
13646,13646,1500
13647,13647,2000
13648,13648,1000
13649,13649,3000
13650,13650,1000
13651,13651,3000
13652,13652,3000
13653,13653,3000
13654,13654,2000
13655,13655,2000
13656,13656,3000
13657,13657,3000
13658,13658,3000
13659,13659,3000
13660,13660,3000
13661,13661,1500
13662,13662,3000
13663,13663,3000
13664,13664,500
13665,13665,500
13666,13666,2000
13667,13667,3000
13668,13668,1500
13669,13669,2000
13670,13670,3000
13671,13671,3000
13672,13672,3000
13673,13673,2000
13674,13674,1000
13675,13675,3000
13676,13676,1500
13677,13677,3000
13678,13678,1000
13679,13679,1000
13680,13680,2000
13681,13681,1500
13682,13682,3000
13683,13683,1500
13684,13684,2500
13685,13685,3000
13686,13686,3000
13687,13687,2500
13688,13688,2500
13689,13689,3000
13690,13690,1500
13691,13691,1000
13692,13692,500
13693,13693,2000
13694,13694,1500
13695,13695,3000
13696,13696,1500
13697,13697,3000
13698,13698,1500
13699,13699,500
13700,13700,1500
13701,13701,500
13702,13702,500
13703,13703,1500
13704,13704,500
13705,13705,3000
13706,13706,1000
13707,13707,2000
13708,13708,1500
13709,13709,500
13710,13710,1500
13711,13711,2500
13712,13712,2500
13713,13713,500
13714,13714,1000
13715,13715,1500
13716,13716,3000
13717,13717,1000
13718,13718,3000
13719,13719,1000
13720,13720,500
13721,13721,3000
13722,13722,2500
13723,13723,1000
13724,13724,1000
13725,13725,500
13726,13726,3000
13727,13727,3000
13728,13728,2500
13729,13729,2500
13730,13730,1500
13731,13731,3000
13732,13732,500
13733,13733,500
13734,13734,2500
13735,13735,500
13736,13736,1000
13737,13737,3000
13738,13738,3000
13739,13739,2000
13740,13740,3000
13741,13741,2000
13742,13742,2500
13743,13743,3000
13744,13744,1000
13745,13745,1500
13746,13746,3000
13747,13747,500
13748,13748,3000
13749,13749,2000
13750,13750,2500
13751,13751,3000
13752,13752,1000
13753,13753,2500
13754,13754,3000
13755,13755,3000
13756,13756,2000
13757,13757,1500
13758,13758,1500
13759,13759,1500
13760,13760,2500
13761,13761,500
13762,13762,3000
13763,13763,2500
13764,13764,1500
13765,13765,3000
13766,13766,2500
13767,13767,500
13768,13768,3000
13769,13769,1500
13770,13770,1500
13771,13771,3000
13772,13772,1500
13773,13773,3000
13774,13774,500
13775,13775,1000
13776,13776,3000
13777,13777,2000
13778,13778,1000
13779,13779,2500
13780,13780,3000
13781,13781,3000
13782,13782,500
13783,13783,3000
13784,13784,1500
13785,13785,1000
13786,13786,500
13787,13787,1500
13788,13788,3000
13789,13789,500
13790,13790,1500
13791,13791,3000
13792,13792,3000
13793,13793,500
13794,13794,1000
13795,13795,3000
13796,13796,500
13797,13797,3000
13798,13798,1500
13799,13799,1000
13800,13800,1500
13801,13801,3000
13802,13802,1000
13803,13803,2500
13804,13804,3000
13805,13805,2500
13806,13806,3000
13807,13807,2500
13808,13808,2500
13809,13809,1000
13810,13810,1500
13811,13811,1500
13812,13812,3000
13813,13813,1000
13814,13814,2500
13815,13815,3000
13816,13816,3000
13817,13817,2000
13818,13818,2500
13819,13819,1000
13820,13820,1000
13821,13821,1500
13822,13822,1500
13823,13823,3000
13824,13824,2000
13825,13825,3000
13826,13826,1000
13827,13827,3000
13828,13828,3000
13829,13829,2000
13830,13830,3000
13831,13831,1500
13832,13832,2500
13833,13833,3000
13834,13834,3000
13835,13835,1500
13836,13836,3000
13837,13837,3000
13838,13838,500
13839,13839,3000
13840,13840,2500
13841,13841,500
13842,13842,1500
13843,13843,1500
13844,13844,3000
13845,13845,1500
13846,13846,1500
13847,13847,3000
13848,13848,1000
13849,13849,3000
13850,13850,2500
13851,13851,3000
13852,13852,500
13853,13853,1500
13854,13854,2000
13855,13855,2500
13856,13856,2000
13857,13857,500
13858,13858,500
13859,13859,3000
13860,13860,3000
13861,13861,500
13862,13862,2500
13863,13863,3000
13864,13864,3000
13865,13865,2500
13866,13866,3000
13867,13867,3000
13868,13868,1000
13869,13869,500
13870,13870,3000
13871,13871,3000
13872,13872,3000
13873,13873,2500
13874,13874,3000
13875,13875,3000
13876,13876,1500
13877,13877,1500
13878,13878,1000
13879,13879,2000
13880,13880,3000
13881,13881,2500
13882,13882,500
13883,13883,500
13884,13884,3000
13885,13885,3000
13886,13886,2000
13887,13887,1000
13888,13888,3000
13889,13889,1500
13890,13890,500
13891,13891,1500
13892,13892,3000
13893,13893,1500
13894,13894,3000
13895,13895,2000
13896,13896,3000
13897,13897,3000
13898,13898,2500
13899,13899,3000
13900,13900,2500
13901,13901,2000
13902,13902,2000
13903,13903,1500
13904,13904,2000
13905,13905,1000
13906,13906,3000
13907,13907,3000
13908,13908,3000
13909,13909,2000
13910,13910,2000
13911,13911,1000
13912,13912,2500
13913,13913,1000
13914,13914,3000
13915,13915,3000
13916,13916,1000
13917,13917,3000
13918,13918,1500
13919,13919,3000
13920,13920,3000
13921,13921,1500
13922,13922,3000
13923,13923,1500
13924,13924,2500
13925,13925,1500
13926,13926,3000
13927,13927,1500
13928,13928,1500
13929,13929,3000
13930,13930,500
13931,13931,1500
13932,13932,1500
13933,13933,3000
13934,13934,3000
13935,13935,3000
13936,13936,3000
13937,13937,3000
13938,13938,1000
13939,13939,1500
13940,13940,3000
13941,13941,1000
13942,13942,3000
13943,13943,1500
13944,13944,3000
13945,13945,3000
13946,13946,2000
13947,13947,1500
13948,13948,1000
13949,13949,3000
13950,13950,3000
13951,13951,500
13952,13952,3000
13953,13953,3000
13954,13954,1500
13955,13955,1000
13956,13956,1000
13957,13957,1000
13958,13958,1500
13959,13959,1500
13960,13960,500
13961,13961,3000
13962,13962,3000
13963,13963,3000
13964,13964,1500
13965,13965,1500
13966,13966,1000
13967,13967,3000
13968,13968,2000
13969,13969,2500
13970,13970,2500
13971,13971,3000
13972,13972,3000
13973,13973,3000
13974,13974,500
13975,13975,2500
13976,13976,3000
13977,13977,3000
13978,13978,3000
13979,13979,1500
13980,13980,3000
13981,13981,3000
13982,13982,2000
13983,13983,1000
13984,13984,500
13985,13985,1500
13986,13986,3000
13987,13987,2000
13988,13988,1500
13989,13989,1500
13990,13990,1500
13991,13991,3000
13992,13992,1500
13993,13993,1000
13994,13994,2000
13995,13995,2500
13996,13996,2000
13997,13997,1500
13998,13998,3000
13999,13999,1000
14000,14000,500
14001,14001,1000
14002,14002,3000
14003,14003,3000
14004,14004,1000
14005,14005,2500
14006,14006,3000
14007,14007,1000
14008,14008,3000
14009,14009,1000
14010,14010,3000
14011,14011,1500
14012,14012,3000
14013,14013,3000
14014,14014,3000
14015,14015,2000
14016,14016,1000
14017,14017,2000
14018,14018,3000
14019,14019,2500
14020,14020,500
14021,14021,1500
14022,14022,500
14023,14023,2000
14024,14024,1500
14025,14025,500
14026,14026,1500
14027,14027,1000
14028,14028,1500
14029,14029,1000
14030,14030,2000
14031,14031,1500
14032,14032,1500
14033,14033,2000
14034,14034,3000
14035,14035,2500
14036,14036,2000
14037,14037,2500
14038,14038,3000
14039,14039,2000
14040,14040,2500
14041,14041,1500
14042,14042,3000
14043,14043,1000
14044,14044,3000
14045,14045,3000
14046,14046,2000
14047,14047,3000
14048,14048,1500
14049,14049,1500
14050,14050,3000
14051,14051,2500
14052,14052,3000
14053,14053,2500
14054,14054,2000
14055,14055,1500
14056,14056,3000
14057,14057,1000
14058,14058,1500
14059,14059,1500
14060,14060,1500
14061,14061,3000
14062,14062,1000
14063,14063,2000
14064,14064,2500
14065,14065,2000
14066,14066,3000
14067,14067,3000
14068,14068,1500
14069,14069,3000
14070,14070,500
14071,14071,3000
14072,14072,3000
14073,14073,3000
14074,14074,1500
14075,14075,500
14076,14076,1500
14077,14077,2000
14078,14078,3000
14079,14079,1500
14080,14080,3000
14081,14081,1500
14082,14082,3000
14083,14083,500
14084,14084,500
14085,14085,500
14086,14086,3000
14087,14087,2000
14088,14088,2500
14089,14089,1500
14090,14090,1000
14091,14091,3000
14092,14092,3000
14093,14093,500
14094,14094,3000
14095,14095,1500
14096,14096,3000
14097,14097,2500
14098,14098,1000
14099,14099,3000
14100,14100,3000
14101,14101,1500
14102,14102,3000
14103,14103,2500
14104,14104,1500
14105,14105,2500
14106,14106,1000
14107,14107,2500
14108,14108,1000
14109,14109,3000
14110,14110,3000
14111,14111,2500
14112,14112,1000
14113,14113,1000
14114,14114,1500
14115,14115,2000
14116,14116,1500
14117,14117,500
14118,14118,1500
14119,14119,2500
14120,14120,2500
14121,14121,1000
14122,14122,1500
14123,14123,2000
14124,14124,1500
14125,14125,3000
14126,14126,3000
14127,14127,3000
14128,14128,1500
14129,14129,500
14130,14130,1500
14131,14131,500
14132,14132,2500
14133,14133,1000
14134,14134,1500
14135,14135,2000
14136,14136,1500
14137,14137,3000
14138,14138,3000
14139,14139,1000
14140,14140,3000
14141,14141,2000
14142,14142,3000
14143,14143,3000
14144,14144,3000
14145,14145,500
14146,14146,2500
14147,14147,500
14148,14148,3000
14149,14149,1500
14150,14150,3000
14151,14151,500
14152,14152,3000
14153,14153,3000
14154,14154,1000
14155,14155,3000
14156,14156,500
14157,14157,2500
14158,14158,3000
14159,14159,3000
14160,14160,2500
14161,14161,2500
14162,14162,2500
14163,14163,2000
14164,14164,3000
14165,14165,1500
14166,14166,1000
14167,14167,3000
14168,14168,1500
14169,14169,3000
14170,14170,1500
14171,14171,1000
14172,14172,1500
14173,14173,1500
14174,14174,2500
14175,14175,500
14176,14176,3000
14177,14177,1500
14178,14178,1000
14179,14179,3000
14180,14180,1500
14181,14181,3000
14182,14182,1500
14183,14183,500
14184,14184,3000
14185,14185,2500
14186,14186,2000
14187,14187,3000
14188,14188,1500
14189,14189,2000
14190,14190,2000
14191,14191,500
14192,14192,2500
14193,14193,2500
14194,14194,500
14195,14195,1000
14196,14196,3000
14197,14197,3000
14198,14198,3000
14199,14199,1000
14200,14200,2000
14201,14201,1500
14202,14202,3000
14203,14203,1500
14204,14204,2000
14205,14205,3000
14206,14206,2000
14207,14207,1500
14208,14208,1500
14209,14209,2000
14210,14210,3000
14211,14211,1500
14212,14212,500
14213,14213,3000
14214,14214,3000
14215,14215,1500
14216,14216,3000
14217,14217,3000
14218,14218,2000
14219,14219,500
14220,14220,3000
14221,14221,3000
14222,14222,2000
14223,14223,3000
14224,14224,500
14225,14225,500
14226,14226,1500
14227,14227,2500
14228,14228,2500
14229,14229,1500
14230,14230,1500
14231,14231,1000
14232,14232,500
14233,14233,2000
14234,14234,1500
14235,14235,2000
14236,14236,1500
14237,14237,3000
14238,14238,3000
14239,14239,1000
14240,14240,2000
14241,14241,2500
14242,14242,3000
14243,14243,500
14244,14244,1500
14245,14245,1500
14246,14246,1000
14247,14247,1500
14248,14248,3000
14249,14249,3000
14250,14250,3000
14251,14251,1500
14252,14252,2000
14253,14253,2000
14254,14254,3000
14255,14255,2500
14256,14256,3000
14257,14257,1500
14258,14258,1000
14259,14259,2000
14260,14260,3000
14261,14261,2500
14262,14262,3000
14263,14263,2500
14264,14264,3000
14265,14265,1000
14266,14266,1500
14267,14267,3000
14268,14268,2000
14269,14269,500
14270,14270,1500
14271,14271,1500
14272,14272,2000
14273,14273,3000
14274,14274,1500
14275,14275,500
14276,14276,2500
14277,14277,500
14278,14278,3000
14279,14279,3000
14280,14280,500
14281,14281,1500
14282,14282,2500
14283,14283,3000
14284,14284,1000
14285,14285,3000
14286,14286,1500
14287,14287,3000
14288,14288,3000
14289,14289,1500
14290,14290,2500
14291,14291,1500
14292,14292,3000
14293,14293,3000
14294,14294,500
14295,14295,500
14296,14296,3000
14297,14297,2000
14298,14298,3000
14299,14299,2500
14300,14300,3000
14301,14301,1500
14302,14302,3000
14303,14303,3000
14304,14304,3000
14305,14305,3000
14306,14306,3000
14307,14307,3000
14308,14308,1000
14309,14309,3000
14310,14310,1500
14311,14311,2000
14312,14312,2500
14313,14313,1000
14314,14314,500
14315,14315,2000
14316,14316,500
14317,14317,3000
14318,14318,3000
14319,14319,2000
14320,14320,2000
14321,14321,2000
14322,14322,500
14323,14323,1500
14324,14324,1000
14325,14325,2500
14326,14326,2500
14327,14327,1500
14328,14328,500
14329,14329,2500
14330,14330,1500
14331,14331,3000
14332,14332,500
14333,14333,1500
14334,14334,3000
14335,14335,2500
14336,14336,3000
14337,14337,2000
14338,14338,1000
14339,14339,500
14340,14340,1500
14341,14341,3000
14342,14342,2000
14343,14343,3000
14344,14344,1500
14345,14345,3000
14346,14346,2500
14347,14347,1500
14348,14348,2500
14349,14349,3000
14350,14350,1500
14351,14351,3000
14352,14352,3000
14353,14353,2500
14354,14354,3000
14355,14355,2000
14356,14356,1500
14357,14357,500
14358,14358,1000
14359,14359,1500
14360,14360,2000
14361,14361,1000
14362,14362,2500
14363,14363,2000
14364,14364,1500
14365,14365,500
14366,14366,3000
14367,14367,3000
14368,14368,1500
14369,14369,3000
14370,14370,1500
14371,14371,3000
14372,14372,500
14373,14373,500
14374,14374,2000
14375,14375,2500
14376,14376,500
14377,14377,2500
14378,14378,1500
14379,14379,1500
14380,14380,2000
14381,14381,1500
14382,14382,3000
14383,14383,3000
14384,14384,2500
14385,14385,1500
14386,14386,3000
14387,14387,3000
14388,14388,1500
14389,14389,1500
14390,14390,1500
14391,14391,3000
14392,14392,3000
14393,14393,3000
14394,14394,3000
14395,14395,1500
14396,14396,2500
14397,14397,2000
14398,14398,1500
14399,14399,1500
14400,14400,3000
14401,14401,1500
14402,14402,3000
14403,14403,1500
14404,14404,3000
14405,14405,1500
14406,14406,1000
14407,14407,1500
14408,14408,500
14409,14409,1500
14410,14410,3000
14411,14411,2500
14412,14412,500
14413,14413,3000
14414,14414,3000
14415,14415,2000
14416,14416,3000
14417,14417,3000
14418,14418,1500
14419,14419,1500
14420,14420,1500
14421,14421,3000
14422,14422,3000
14423,14423,2000
14424,14424,3000
14425,14425,500
14426,14426,2000
14427,14427,2000
14428,14428,2500
14429,14429,500
14430,14430,3000
14431,14431,1500
14432,14432,3000
14433,14433,3000
14434,14434,500
14435,14435,3000
14436,14436,1500
14437,14437,3000
14438,14438,1500
14439,14439,3000
14440,14440,2500
14441,14441,1500
14442,14442,2000
14443,14443,1000
14444,14444,1500
14445,14445,2500
14446,14446,1500
14447,14447,500
14448,14448,2500
14449,14449,3000
14450,14450,3000
14451,14451,1500
14452,14452,3000
14453,14453,2000
14454,14454,3000
14455,14455,500
14456,14456,2000
14457,14457,3000
14458,14458,2500
14459,14459,2500
14460,14460,3000
14461,14461,3000
14462,14462,1000
14463,14463,1000
14464,14464,500
14465,14465,3000
14466,14466,500
14467,14467,3000
14468,14468,1000
14469,14469,3000
14470,14470,2000
14471,14471,1500
14472,14472,3000
14473,14473,2500
14474,14474,1500
14475,14475,3000
14476,14476,3000
14477,14477,3000
14478,14478,3000
14479,14479,1500
14480,14480,3000
14481,14481,1000
14482,14482,1000
14483,14483,2000
14484,14484,2500
14485,14485,2000
14486,14486,500
14487,14487,3000
14488,14488,3000
14489,14489,3000
14490,14490,2500
14491,14491,2500
14492,14492,3000
14493,14493,1500
14494,14494,1000
14495,14495,2000
14496,14496,1000
14497,14497,1500
14498,14498,1500
14499,14499,3000
14500,14500,1500
14501,14501,2000
14502,14502,3000
14503,14503,3000
14504,14504,3000
14505,14505,1000
14506,14506,2500
14507,14507,3000
14508,14508,1000
14509,14509,1500
14510,14510,3000
14511,14511,3000
14512,14512,500
14513,14513,3000
14514,14514,1000
14515,14515,1500
14516,14516,3000
14517,14517,2000
14518,14518,3000
14519,14519,500
14520,14520,3000
14521,14521,2500
14522,14522,2500
14523,14523,3000
14524,14524,500
14525,14525,3000
14526,14526,1000
14527,14527,500
14528,14528,3000
14529,14529,1000
14530,14530,3000
14531,14531,1000
14532,14532,1000
14533,14533,1000
14534,14534,1500
14535,14535,3000
14536,14536,1500
14537,14537,3000
14538,14538,2500
14539,14539,3000
14540,14540,500
14541,14541,2500
14542,14542,3000
14543,14543,2500
14544,14544,3000
14545,14545,2000
14546,14546,1000
14547,14547,1500
14548,14548,3000
14549,14549,3000
14550,14550,3000
14551,14551,3000
14552,14552,3000
14553,14553,3000
14554,14554,1500
14555,14555,2000
14556,14556,500
14557,14557,500
14558,14558,3000
14559,14559,3000
14560,14560,2500
14561,14561,3000
14562,14562,1000
14563,14563,1500
14564,14564,1500
14565,14565,2500
14566,14566,3000
14567,14567,2500
14568,14568,2500
14569,14569,500
14570,14570,500
14571,14571,2500
14572,14572,3000
14573,14573,2000
14574,14574,3000
14575,14575,1500
14576,14576,3000
14577,14577,1000
14578,14578,1500
14579,14579,2500
14580,14580,1500
14581,14581,500
14582,14582,3000
14583,14583,2500
14584,14584,1000
14585,14585,1500
14586,14586,1500
14587,14587,500
14588,14588,1500
14589,14589,3000
14590,14590,3000
14591,14591,500
14592,14592,1500
14593,14593,3000
14594,14594,1000
14595,14595,1500
14596,14596,3000
14597,14597,2000
14598,14598,3000
14599,14599,3000
14600,14600,500
14601,14601,1500
14602,14602,2000
14603,14603,2500
14604,14604,2000
14605,14605,3000
14606,14606,1000
14607,14607,1500
14608,14608,3000
14609,14609,3000
14610,14610,1000
14611,14611,500
14612,14612,1000
14613,14613,2500
14614,14614,1500
14615,14615,3000
14616,14616,2000
14617,14617,3000
14618,14618,2000
14619,14619,1500
14620,14620,2500
14621,14621,3000
14622,14622,2000
14623,14623,2500
14624,14624,2500
14625,14625,2500
14626,14626,1500
14627,14627,3000
14628,14628,2000
14629,14629,3000
14630,14630,1000
14631,14631,3000
14632,14632,1000
14633,14633,3000
14634,14634,1500
14635,14635,3000
14636,14636,1000
14637,14637,500
14638,14638,500
14639,14639,1500
14640,14640,1500
14641,14641,3000
14642,14642,3000
14643,14643,2000
14644,14644,500
14645,14645,3000
14646,14646,3000
14647,14647,1500
14648,14648,1500
14649,14649,3000
14650,14650,2000
14651,14651,3000
14652,14652,3000
14653,14653,1500
14654,14654,1000
14655,14655,1000
14656,14656,1500
14657,14657,2500
14658,14658,500
14659,14659,1500
14660,14660,2500
14661,14661,2000
14662,14662,500
14663,14663,3000
14664,14664,3000
14665,14665,1500
14666,14666,3000
14667,14667,3000
14668,14668,1000
14669,14669,3000
14670,14670,3000
14671,14671,1000
14672,14672,1500
14673,14673,1000
14674,14674,2000
14675,14675,1500
14676,14676,3000
14677,14677,1500
14678,14678,2500
14679,14679,500
14680,14680,2500
14681,14681,1500
14682,14682,1500
14683,14683,3000
14684,14684,3000
14685,14685,1000
14686,14686,3000
14687,14687,1000
14688,14688,1500
14689,14689,1000
14690,14690,1500
14691,14691,3000
14692,14692,2500
14693,14693,1500
14694,14694,1000
14695,14695,3000
14696,14696,1500
14697,14697,2500
14698,14698,1500
14699,14699,2500
14700,14700,2000
14701,14701,2000
14702,14702,3000
14703,14703,3000
14704,14704,3000
14705,14705,3000
14706,14706,500
14707,14707,1500
14708,14708,2500
14709,14709,2000
14710,14710,1500
14711,14711,2000
14712,14712,3000
14713,14713,3000
14714,14714,3000
14715,14715,1000
14716,14716,3000
14717,14717,3000
14718,14718,3000
14719,14719,500
14720,14720,3000
14721,14721,3000
14722,14722,500
14723,14723,3000
14724,14724,3000
14725,14725,3000
14726,14726,500
14727,14727,500
14728,14728,2500
14729,14729,1000
14730,14730,2000
14731,14731,500
14732,14732,3000
14733,14733,3000
14734,14734,2500
14735,14735,3000
14736,14736,1000
14737,14737,3000
14738,14738,1000
14739,14739,500
14740,14740,1500
14741,14741,1000
14742,14742,500
14743,14743,1500
14744,14744,2500
14745,14745,2500
14746,14746,1500
14747,14747,1000
14748,14748,2000
14749,14749,500
14750,14750,2000
14751,14751,3000
14752,14752,3000
14753,14753,1000
14754,14754,3000
14755,14755,1000
14756,14756,1500
14757,14757,3000
14758,14758,2500
14759,14759,1500
14760,14760,3000
14761,14761,2500
14762,14762,1500
14763,14763,3000
14764,14764,3000
14765,14765,3000
14766,14766,3000
14767,14767,2500
14768,14768,2500
14769,14769,2500
14770,14770,3000
14771,14771,500
14772,14772,1000
14773,14773,1500
14774,14774,500
14775,14775,1500
14776,14776,3000
14777,14777,500
14778,14778,1500
14779,14779,500
14780,14780,1000
14781,14781,2500
14782,14782,3000
14783,14783,1500
14784,14784,1000
14785,14785,1000
14786,14786,2500
14787,14787,2500
14788,14788,3000
14789,14789,500
14790,14790,1000
14791,14791,2500
14792,14792,3000
14793,14793,3000
14794,14794,1500
14795,14795,1500
14796,14796,1500
14797,14797,3000
14798,14798,3000
14799,14799,3000
14800,14800,3000
14801,14801,2000
14802,14802,1500
14803,14803,2500
14804,14804,3000
14805,14805,3000
14806,14806,2000
14807,14807,3000
14808,14808,1500
14809,14809,1500
14810,14810,2500
14811,14811,500
14812,14812,1500
14813,14813,1000
14814,14814,3000
14815,14815,2500
14816,14816,3000
14817,14817,1000
14818,14818,500
14819,14819,1500
14820,14820,1500
14821,14821,500
14822,14822,3000
14823,14823,2500
14824,14824,1500
14825,14825,3000
14826,14826,1500
14827,14827,3000
14828,14828,3000
14829,14829,2000
14830,14830,1000
14831,14831,1500
14832,14832,1500
14833,14833,2000
14834,14834,2000
14835,14835,2000
14836,14836,3000
14837,14837,3000
14838,14838,1500
14839,14839,3000
14840,14840,1500
14841,14841,500
14842,14842,3000
14843,14843,3000
14844,14844,3000
14845,14845,1500
14846,14846,3000
14847,14847,3000
14848,14848,500
14849,14849,3000
14850,14850,1500
14851,14851,2000
14852,14852,1500
14853,14853,500
14854,14854,1000
14855,14855,1500
14856,14856,2000
14857,14857,1500
14858,14858,1000
14859,14859,2500
14860,14860,500
14861,14861,1500
14862,14862,3000
14863,14863,2500
14864,14864,500
14865,14865,2000
14866,14866,3000
14867,14867,1000
14868,14868,3000
14869,14869,3000
14870,14870,1500
14871,14871,3000
14872,14872,1500
14873,14873,2000
14874,14874,2500
14875,14875,500
14876,14876,500
14877,14877,2500
14878,14878,3000
14879,14879,3000
14880,14880,1500
14881,14881,1000
14882,14882,3000
14883,14883,2000
14884,14884,3000
14885,14885,1500
14886,14886,1000
14887,14887,3000
14888,14888,500
14889,14889,3000
14890,14890,2500
14891,14891,2000
14892,14892,3000
14893,14893,3000
14894,14894,2000
14895,14895,2000
14896,14896,1500
14897,14897,3000
14898,14898,500
14899,14899,1500
14900,14900,3000
14901,14901,3000
14902,14902,1500
14903,14903,3000
14904,14904,1500
14905,14905,1500
14906,14906,3000
14907,14907,3000
14908,14908,2500
14909,14909,3000
14910,14910,2500
14911,14911,3000
14912,14912,1500
14913,14913,1500
14914,14914,3000
14915,14915,3000
14916,14916,3000
14917,14917,2000
14918,14918,500
14919,14919,3000
14920,14920,1500
14921,14921,3000
14922,14922,3000
14923,14923,1500
14924,14924,2500
14925,14925,500
14926,14926,2500
14927,14927,3000
14928,14928,1500
14929,14929,1500
14930,14930,3000
14931,14931,1000
14932,14932,3000
14933,14933,2500
14934,14934,1000
14935,14935,3000
14936,14936,3000
14937,14937,3000
14938,14938,500
14939,14939,2500
14940,14940,3000
14941,14941,2500
14942,14942,1500
14943,14943,2500
14944,14944,2500
14945,14945,2500
14946,14946,2000
14947,14947,2500
14948,14948,1000
14949,14949,500
14950,14950,500
14951,14951,3000
14952,14952,1500
14953,14953,1500
14954,14954,3000
14955,14955,2500
14956,14956,500
14957,14957,1500
14958,14958,1500
14959,14959,1000
14960,14960,3000
14961,14961,2500
14962,14962,3000
14963,14963,3000
14964,14964,3000
14965,14965,3000
14966,14966,1500
14967,14967,1000
14968,14968,3000
14969,14969,2500
14970,14970,1500
14971,14971,3000
14972,14972,2000
14973,14973,3000
14974,14974,3000
14975,14975,500
14976,14976,500
14977,14977,2500
14978,14978,3000
14979,14979,500
14980,14980,3000
14981,14981,1000
14982,14982,1500
14983,14983,1000
14984,14984,1500
14985,14985,2000
14986,14986,3000
14987,14987,1500
14988,14988,3000
14989,14989,2000
14990,14990,1000
14991,14991,2000
14992,14992,3000
14993,14993,2500
14994,14994,1500
14995,14995,3000
14996,14996,3000
14997,14997,500
14998,14998,3000
14999,14999,2000
15000,15000,2500
15001,15001,3000
15002,15002,500
15003,15003,3000
15004,15004,3000
15005,15005,500
15006,15006,1500
15007,15007,1500
15008,15008,3000
15009,15009,1500
15010,15010,500
15011,15011,3000
15012,15012,1000
15013,15013,500
15014,15014,2500
15015,15015,2500
15016,15016,500
15017,15017,2000
15018,15018,2000
15019,15019,1000
15020,15020,3000
15021,15021,3000
15022,15022,3000
15023,15023,500
15024,15024,1000
15025,15025,500
15026,15026,1000
15027,15027,2500
15028,15028,2500
15029,15029,2500
15030,15030,2500
15031,15031,1000
15032,15032,500
15033,15033,3000
15034,15034,2000
15035,15035,3000
15036,15036,2000
15037,15037,3000
15038,15038,3000
15039,15039,3000
15040,15040,1500
15041,15041,1500
15042,15042,3000
15043,15043,3000
15044,15044,1500
15045,15045,1500
15046,15046,500
15047,15047,3000
15048,15048,500
15049,15049,3000
15050,15050,3000
15051,15051,500
15052,15052,3000
15053,15053,3000
15054,15054,3000
15055,15055,3000
15056,15056,500
15057,15057,2000
15058,15058,3000
15059,15059,3000
15060,15060,1500
15061,15061,3000
15062,15062,2500
15063,15063,3000
15064,15064,500
15065,15065,3000
15066,15066,3000
15067,15067,3000
15068,15068,3000
15069,15069,500
15070,15070,2000
15071,15071,1000
15072,15072,1500
15073,15073,1500
15074,15074,3000
15075,15075,1500
15076,15076,2500
15077,15077,3000
15078,15078,3000
15079,15079,2000
15080,15080,2500
15081,15081,3000
15082,15082,3000
15083,15083,3000
15084,15084,2000
15085,15085,500
15086,15086,1500
15087,15087,1000
15088,15088,2500
15089,15089,2000
15090,15090,2500
15091,15091,3000
15092,15092,1500
15093,15093,1500
15094,15094,500
15095,15095,1500
15096,15096,1500
15097,15097,1500
15098,15098,1000
15099,15099,3000
15100,15100,500
15101,15101,1000
15102,15102,1500
15103,15103,3000
15104,15104,3000
15105,15105,2500
15106,15106,2000
15107,15107,1500
15108,15108,1000
15109,15109,2000
15110,15110,2500
15111,15111,1500
15112,15112,1500
15113,15113,3000
15114,15114,2000
15115,15115,3000
15116,15116,3000
15117,15117,2000
15118,15118,2000
15119,15119,3000
15120,15120,3000
15121,15121,2500
15122,15122,2000
15123,15123,1000
15124,15124,3000
15125,15125,2000
15126,15126,1500
15127,15127,1500
15128,15128,2000
15129,15129,2500
15130,15130,500
15131,15131,1500
15132,15132,1500
15133,15133,1000
15134,15134,3000
15135,15135,1500
15136,15136,1500
15137,15137,2500
15138,15138,3000
15139,15139,2000
15140,15140,500
15141,15141,3000
15142,15142,500
15143,15143,3000
15144,15144,1500
15145,15145,2500
15146,15146,3000
15147,15147,1500
15148,15148,1500
15149,15149,3000
15150,15150,500
15151,15151,2000
15152,15152,1000
15153,15153,500
15154,15154,3000
15155,15155,3000
15156,15156,3000
15157,15157,3000
15158,15158,500
15159,15159,1500
15160,15160,2000
15161,15161,2000
15162,15162,500
15163,15163,500
15164,15164,3000
15165,15165,3000
15166,15166,500
15167,15167,3000
15168,15168,1500
15169,15169,3000
15170,15170,1500
15171,15171,1500
15172,15172,3000
15173,15173,3000
15174,15174,3000
15175,15175,2500
15176,15176,2500
15177,15177,3000
15178,15178,1000
15179,15179,500
15180,15180,2000
15181,15181,3000
15182,15182,2500
15183,15183,3000
15184,15184,1500
15185,15185,1000
15186,15186,3000
15187,15187,1500
15188,15188,1500
15189,15189,500
15190,15190,1000
15191,15191,2500
15192,15192,3000
15193,15193,1500
15194,15194,500
15195,15195,3000
15196,15196,2500
15197,15197,500
15198,15198,500
15199,15199,2000
15200,15200,3000
15201,15201,1000
15202,15202,2000
15203,15203,1000
15204,15204,2000
15205,15205,1000
15206,15206,3000
15207,15207,1000
15208,15208,3000
15209,15209,3000
15210,15210,3000
15211,15211,3000
15212,15212,3000
15213,15213,1000
15214,15214,2000
15215,15215,3000
15216,15216,2000
15217,15217,2000
15218,15218,3000
15219,15219,3000
15220,15220,1000
15221,15221,1500
15222,15222,3000
15223,15223,3000
15224,15224,2000
15225,15225,2500
15226,15226,3000
15227,15227,1000
15228,15228,2500
15229,15229,500
15230,15230,3000
15231,15231,2500
15232,15232,2000
15233,15233,1500
15234,15234,1500
15235,15235,3000
15236,15236,3000
15237,15237,1000
15238,15238,1500
15239,15239,2000
15240,15240,1500
15241,15241,2500
15242,15242,3000
15243,15243,2500
15244,15244,1500
15245,15245,1000
15246,15246,2000
15247,15247,2500
15248,15248,500
15249,15249,500
15250,15250,3000
15251,15251,3000
15252,15252,2000
15253,15253,1500
15254,15254,3000
15255,15255,3000
15256,15256,2000
15257,15257,500
15258,15258,1000
15259,15259,3000
15260,15260,1500
15261,15261,500
15262,15262,1000
15263,15263,3000
15264,15264,1500
15265,15265,3000
15266,15266,3000
15267,15267,2500
15268,15268,1500
15269,15269,1500
15270,15270,1500
15271,15271,1500
15272,15272,1500
15273,15273,3000
15274,15274,1500
15275,15275,500
15276,15276,1500
15277,15277,3000
15278,15278,3000
15279,15279,3000
15280,15280,500
15281,15281,1500
15282,15282,3000
15283,15283,1500
15284,15284,3000
15285,15285,2000
15286,15286,2000
15287,15287,1500
15288,15288,1500
15289,15289,1000
15290,15290,3000
15291,15291,3000
15292,15292,2500
15293,15293,500
15294,15294,1000
15295,15295,500
15296,15296,2000
15297,15297,1000
15298,15298,1000
15299,15299,3000
15300,15300,500
15301,15301,3000
15302,15302,1000
15303,15303,3000
15304,15304,1500
15305,15305,3000
15306,15306,3000
15307,15307,3000
15308,15308,500
15309,15309,3000
15310,15310,3000
15311,15311,500
15312,15312,3000
15313,15313,3000
15314,15314,1500
15315,15315,2000
15316,15316,3000
15317,15317,2000
15318,15318,3000
15319,15319,2000
15320,15320,3000
15321,15321,2000
15322,15322,3000
15323,15323,1500
15324,15324,1500
15325,15325,2000
15326,15326,3000
15327,15327,500
15328,15328,1500
15329,15329,2000
15330,15330,2000
15331,15331,3000
15332,15332,1500
15333,15333,1500
15334,15334,1000
15335,15335,1000
15336,15336,1000
15337,15337,2500
15338,15338,3000
15339,15339,500
15340,15340,500
15341,15341,3000
15342,15342,500
15343,15343,2000
15344,15344,2000
15345,15345,500
15346,15346,2500
15347,15347,1500
15348,15348,3000
15349,15349,2500
15350,15350,3000
15351,15351,1500
15352,15352,2500
15353,15353,2000
15354,15354,2000
15355,15355,3000
15356,15356,500
15357,15357,1500
15358,15358,3000
15359,15359,3000
15360,15360,2000
15361,15361,3000
15362,15362,1500
15363,15363,3000
15364,15364,500
15365,15365,500
15366,15366,3000
15367,15367,1500
15368,15368,2500
15369,15369,1000
15370,15370,2500
15371,15371,500
15372,15372,3000
15373,15373,2500
15374,15374,500
15375,15375,3000
15376,15376,500
15377,15377,3000
15378,15378,3000
15379,15379,2000
15380,15380,2500
15381,15381,3000
15382,15382,1500
15383,15383,2000
15384,15384,3000
15385,15385,2500
15386,15386,1500
15387,15387,3000
15388,15388,2500
15389,15389,1500
15390,15390,1000
15391,15391,3000
15392,15392,1000
15393,15393,2000
15394,15394,3000
15395,15395,3000
15396,15396,500
15397,15397,3000
15398,15398,1000
15399,15399,3000
15400,15400,3000
15401,15401,1500
15402,15402,2500
15403,15403,1500
15404,15404,3000
15405,15405,3000
15406,15406,2000
15407,15407,3000
15408,15408,3000
15409,15409,2500
15410,15410,500
15411,15411,1500
15412,15412,1500
15413,15413,3000
15414,15414,2500
15415,15415,1500
15416,15416,3000
15417,15417,3000
15418,15418,1000
15419,15419,3000
15420,15420,3000
15421,15421,3000
15422,15422,500
15423,15423,1500
15424,15424,1500
15425,15425,1000
15426,15426,2000
15427,15427,3000
15428,15428,3000
15429,15429,1500
15430,15430,1500
15431,15431,1500
15432,15432,500
15433,15433,2000
15434,15434,3000
15435,15435,1000
15436,15436,500
15437,15437,3000
15438,15438,3000
15439,15439,2500
15440,15440,2500
15441,15441,1000
15442,15442,2500
15443,15443,1500
15444,15444,1500
15445,15445,3000
15446,15446,1500
15447,15447,1000
15448,15448,1000
15449,15449,1500
15450,15450,3000
15451,15451,2500
15452,15452,1500
15453,15453,3000
15454,15454,1500
15455,15455,1500
15456,15456,2000
15457,15457,3000
15458,15458,3000
15459,15459,2000
15460,15460,500
15461,15461,2000
15462,15462,1500
15463,15463,3000
15464,15464,1500
15465,15465,1500
15466,15466,3000
15467,15467,1500
15468,15468,2500
15469,15469,1500
15470,15470,3000
15471,15471,3000
15472,15472,3000
15473,15473,3000
15474,15474,3000
15475,15475,2000
15476,15476,2500
15477,15477,1500
15478,15478,2500
15479,15479,500
15480,15480,500
15481,15481,3000
15482,15482,500
15483,15483,2500
15484,15484,500
15485,15485,1500
15486,15486,1500
15487,15487,2000
15488,15488,2500
15489,15489,1500
15490,15490,1000
15491,15491,2000
15492,15492,3000
15493,15493,2500
15494,15494,1500
15495,15495,3000
15496,15496,1500
15497,15497,500
15498,15498,500
15499,15499,3000
15500,15500,2500
15501,15501,1000
15502,15502,1500
15503,15503,3000
15504,15504,2500
15505,15505,1500
15506,15506,500
15507,15507,3000
15508,15508,1500
15509,15509,1500
15510,15510,3000
15511,15511,1000
15512,15512,500
15513,15513,2000
15514,15514,3000
15515,15515,3000
15516,15516,3000
15517,15517,3000
15518,15518,500
15519,15519,1000
15520,15520,3000
15521,15521,500
15522,15522,1000
15523,15523,3000
15524,15524,3000
15525,15525,2000
15526,15526,500
15527,15527,2000
15528,15528,1500
15529,15529,1500
15530,15530,3000
15531,15531,2000
15532,15532,2500
15533,15533,1000
15534,15534,1000
15535,15535,1000
15536,15536,1000
15537,15537,3000
15538,15538,1500
15539,15539,2000
15540,15540,3000
15541,15541,2000
15542,15542,1500
15543,15543,1000
15544,15544,1000
15545,15545,2500
15546,15546,1000
15547,15547,2000
15548,15548,3000
15549,15549,3000
15550,15550,1000
15551,15551,1500
15552,15552,3000
15553,15553,3000
15554,15554,2500
15555,15555,1500
15556,15556,2000
15557,15557,3000
15558,15558,3000
15559,15559,2000
15560,15560,2500
15561,15561,2500
15562,15562,1500
15563,15563,3000
15564,15564,3000
15565,15565,1500
15566,15566,3000
15567,15567,1000
15568,15568,500
15569,15569,3000
15570,15570,1000
15571,15571,3000
15572,15572,3000
15573,15573,1500
15574,15574,2000
15575,15575,1000
15576,15576,500
15577,15577,1500
15578,15578,1500
15579,15579,2500
15580,15580,1500
15581,15581,3000
15582,15582,3000
15583,15583,3000
15584,15584,2000
15585,15585,2500
15586,15586,1500
15587,15587,1500
15588,15588,1000
15589,15589,3000
15590,15590,2000
15591,15591,500
15592,15592,1500
15593,15593,3000
15594,15594,2000
15595,15595,3000
15596,15596,3000
15597,15597,1000
15598,15598,3000
15599,15599,3000
15600,15600,3000
15601,15601,1500
15602,15602,1500
15603,15603,1000
15604,15604,2500
15605,15605,2000
15606,15606,500
15607,15607,3000
15608,15608,1500
15609,15609,3000
15610,15610,3000
15611,15611,3000
15612,15612,1500
15613,15613,3000
15614,15614,500
15615,15615,500
15616,15616,3000
15617,15617,3000
15618,15618,500
15619,15619,1500
15620,15620,2500
15621,15621,1000
15622,15622,1500
15623,15623,1500
15624,15624,2000
15625,15625,500
15626,15626,2000
15627,15627,3000
15628,15628,2000
15629,15629,3000
15630,15630,2500
15631,15631,2000
15632,15632,500
15633,15633,1500
15634,15634,1500
15635,15635,1500
15636,15636,1000
15637,15637,500
15638,15638,1500
15639,15639,1500
15640,15640,500
15641,15641,3000
15642,15642,3000
15643,15643,1000
15644,15644,3000
15645,15645,500
15646,15646,1500
15647,15647,3000
15648,15648,3000
15649,15649,3000
15650,15650,2000
15651,15651,3000
15652,15652,1500
15653,15653,3000
15654,15654,3000
15655,15655,1500
15656,15656,1500
15657,15657,3000
15658,15658,3000
15659,15659,3000
15660,15660,1500
15661,15661,3000
15662,15662,2000
15663,15663,3000
15664,15664,1000
15665,15665,3000
15666,15666,1000
15667,15667,3000
15668,15668,500
15669,15669,500
15670,15670,500
15671,15671,3000
15672,15672,1000
15673,15673,3000
15674,15674,3000
15675,15675,2500
15676,15676,3000
15677,15677,2000
15678,15678,2000
15679,15679,500
15680,15680,3000
15681,15681,1500
15682,15682,500
15683,15683,3000
15684,15684,3000
15685,15685,1000
15686,15686,2500
15687,15687,1500
15688,15688,3000
15689,15689,3000
15690,15690,3000
15691,15691,3000
15692,15692,1500
15693,15693,3000
15694,15694,500
15695,15695,500
15696,15696,2000
15697,15697,3000
15698,15698,1500
15699,15699,1000
15700,15700,500
15701,15701,1000
15702,15702,1500
15703,15703,1500
15704,15704,2000
15705,15705,500
15706,15706,3000
15707,15707,3000
15708,15708,3000
15709,15709,1000
15710,15710,1000
15711,15711,3000
15712,15712,3000
15713,15713,3000
15714,15714,1500
15715,15715,1500
15716,15716,3000
15717,15717,1500
15718,15718,1000
15719,15719,3000
15720,15720,3000
15721,15721,1500
15722,15722,500
15723,15723,3000
15724,15724,1500
15725,15725,1000
15726,15726,2000
15727,15727,2000
15728,15728,3000
15729,15729,1500
15730,15730,3000
15731,15731,500
15732,15732,2000
15733,15733,3000
15734,15734,3000
15735,15735,2000
15736,15736,1000
15737,15737,1000
15738,15738,2500
15739,15739,500
15740,15740,2500
15741,15741,3000
15742,15742,2500
15743,15743,3000
15744,15744,3000
15745,15745,3000
15746,15746,1500
15747,15747,1000
15748,15748,3000
15749,15749,3000
15750,15750,3000
15751,15751,500
15752,15752,3000
15753,15753,1500
15754,15754,1000
15755,15755,2000
15756,15756,1500
15757,15757,2500
15758,15758,2500
15759,15759,1500
15760,15760,1500
15761,15761,2500
15762,15762,2000
15763,15763,1500
15764,15764,1500
15765,15765,2000
15766,15766,500
15767,15767,1500
15768,15768,1500
15769,15769,1500
15770,15770,2500
15771,15771,3000
15772,15772,500
15773,15773,3000
15774,15774,3000
15775,15775,1500
15776,15776,1500
15777,15777,1500
15778,15778,1500
15779,15779,3000
15780,15780,3000
15781,15781,2500
15782,15782,3000
15783,15783,1500
15784,15784,3000
15785,15785,1000
15786,15786,1000
15787,15787,1500
15788,15788,3000
15789,15789,3000
15790,15790,2000
15791,15791,500
15792,15792,3000
15793,15793,3000
15794,15794,3000
15795,15795,1500
15796,15796,2500
15797,15797,1500
15798,15798,1000
15799,15799,500
15800,15800,1500
15801,15801,1500
15802,15802,3000
15803,15803,500
15804,15804,2000
15805,15805,500
15806,15806,3000
15807,15807,3000
15808,15808,3000
15809,15809,3000
15810,15810,2000
15811,15811,1000
15812,15812,3000
15813,15813,2000
15814,15814,1000
15815,15815,2500
15816,15816,1000
15817,15817,3000
15818,15818,2000
15819,15819,3000
15820,15820,1000
15821,15821,500
15822,15822,1500
15823,15823,3000
15824,15824,2000
15825,15825,2000
15826,15826,500
15827,15827,3000
15828,15828,1500
15829,15829,1500
15830,15830,3000
15831,15831,3000
15832,15832,2500
15833,15833,1000
15834,15834,1500
15835,15835,3000
15836,15836,2500
15837,15837,1500
15838,15838,1500
15839,15839,2000
15840,15840,1500
15841,15841,3000
15842,15842,1500
15843,15843,500
15844,15844,1500
15845,15845,2000
15846,15846,3000
15847,15847,2500
15848,15848,3000
15849,15849,500
15850,15850,3000
15851,15851,1500
15852,15852,1000
15853,15853,500
15854,15854,1500
15855,15855,500
15856,15856,3000
15857,15857,2000
15858,15858,1500
15859,15859,1500
15860,15860,2000
15861,15861,1500
15862,15862,2500
15863,15863,3000
15864,15864,3000
15865,15865,3000
15866,15866,1500
15867,15867,2500
15868,15868,3000
15869,15869,500
15870,15870,500
15871,15871,2500
15872,15872,1500
15873,15873,500
15874,15874,2000
15875,15875,3000
15876,15876,1000
15877,15877,3000
15878,15878,500
15879,15879,3000
15880,15880,3000
15881,15881,3000
15882,15882,2500
15883,15883,3000
15884,15884,2500
15885,15885,1500
15886,15886,2500
15887,15887,3000
15888,15888,1500
15889,15889,1500
15890,15890,2500
15891,15891,3000
15892,15892,3000
15893,15893,3000
15894,15894,1500
15895,15895,2000
15896,15896,500
15897,15897,1500
15898,15898,1500
15899,15899,3000
15900,15900,3000
15901,15901,1500
15902,15902,500
15903,15903,3000
15904,15904,500
15905,15905,500
15906,15906,1000
15907,15907,1500
15908,15908,3000
15909,15909,3000
15910,15910,2000
15911,15911,3000
15912,15912,1500
15913,15913,500
15914,15914,2000
15915,15915,2500
15916,15916,500
15917,15917,1500
15918,15918,3000
15919,15919,3000
15920,15920,1000
15921,15921,500
15922,15922,3000
15923,15923,2000
15924,15924,500
15925,15925,2500
15926,15926,3000
15927,15927,3000
15928,15928,3000
15929,15929,2000
15930,15930,1000
15931,15931,3000
15932,15932,2000
15933,15933,2500
15934,15934,2500
15935,15935,3000
15936,15936,1000
15937,15937,2000
15938,15938,500
15939,15939,1000
15940,15940,2500
15941,15941,2500
15942,15942,1500
15943,15943,500
15944,15944,500
15945,15945,1500
15946,15946,1500
15947,15947,3000
15948,15948,2500
15949,15949,2500
15950,15950,1000
15951,15951,1000
15952,15952,2000
15953,15953,3000
15954,15954,3000
15955,15955,3000
15956,15956,1500
15957,15957,3000
15958,15958,1000
15959,15959,1500
15960,15960,1500
15961,15961,3000
15962,15962,3000
15963,15963,3000
15964,15964,2500
15965,15965,2000
15966,15966,500
15967,15967,500
15968,15968,500
15969,15969,2500
15970,15970,3000
15971,15971,3000
15972,15972,3000
15973,15973,3000
15974,15974,3000
15975,15975,3000
15976,15976,1500
15977,15977,1500
15978,15978,3000
15979,15979,3000
15980,15980,1500
15981,15981,2500
15982,15982,1500
15983,15983,3000
15984,15984,3000
15985,15985,3000
15986,15986,3000
15987,15987,3000
15988,15988,2500
15989,15989,2000
15990,15990,3000
15991,15991,3000
15992,15992,1000
15993,15993,1500
15994,15994,3000
15995,15995,2000
15996,15996,2500
15997,15997,1000
15998,15998,2000
15999,15999,1500
16000,16000,3000
16001,16001,500
16002,16002,3000
16003,16003,3000
16004,16004,1500
16005,16005,1000
16006,16006,2000
16007,16007,3000
16008,16008,1500
16009,16009,2000
16010,16010,3000
16011,16011,1000
16012,16012,500
16013,16013,1000
16014,16014,3000
16015,16015,3000
16016,16016,2500
16017,16017,1500
16018,16018,1000
16019,16019,1500
16020,16020,3000
16021,16021,1500
16022,16022,3000
16023,16023,1000
16024,16024,3000
16025,16025,1000
16026,16026,3000
16027,16027,3000
16028,16028,3000
16029,16029,2500
16030,16030,1500
16031,16031,2000
16032,16032,1500
16033,16033,2000
16034,16034,3000
16035,16035,3000
16036,16036,2000
16037,16037,1500
16038,16038,500
16039,16039,2000
16040,16040,1500
16041,16041,500
16042,16042,2000
16043,16043,2000
16044,16044,1000
16045,16045,3000
16046,16046,2500
16047,16047,1500
16048,16048,500
16049,16049,2000
16050,16050,500
16051,16051,1500
16052,16052,2000
16053,16053,1500
16054,16054,500
16055,16055,3000
16056,16056,3000
16057,16057,2500
16058,16058,3000
16059,16059,3000
16060,16060,3000
16061,16061,2500
16062,16062,1500
16063,16063,1500
16064,16064,1500
16065,16065,3000
16066,16066,2000
16067,16067,3000
16068,16068,1500
16069,16069,3000
16070,16070,3000
16071,16071,1000
16072,16072,2000
16073,16073,3000
16074,16074,1000
16075,16075,1000
16076,16076,1000
16077,16077,2000
16078,16078,1000
16079,16079,2000
16080,16080,1000
16081,16081,1000
16082,16082,1500
16083,16083,1000
16084,16084,2500
16085,16085,2000
16086,16086,1000
16087,16087,2500
16088,16088,2000
16089,16089,3000
16090,16090,1500
16091,16091,1000
16092,16092,1000
16093,16093,2000
16094,16094,2500
16095,16095,3000
16096,16096,2000
16097,16097,2000
16098,16098,500
16099,16099,500
16100,16100,2500
16101,16101,2000
16102,16102,1500
16103,16103,2000
16104,16104,2500
16105,16105,3000
16106,16106,1500
16107,16107,500
16108,16108,3000
16109,16109,500
16110,16110,3000
16111,16111,3000
16112,16112,3000
16113,16113,1500
16114,16114,2500
16115,16115,500
16116,16116,500
16117,16117,3000
16118,16118,1500
16119,16119,3000
16120,16120,500
16121,16121,2000
16122,16122,2500
16123,16123,1500
16124,16124,1500
16125,16125,2000
16126,16126,1500
16127,16127,2000
16128,16128,3000
16129,16129,1500
16130,16130,1500
16131,16131,3000
16132,16132,3000
16133,16133,1500
16134,16134,3000
16135,16135,2000
16136,16136,1500
16137,16137,3000
16138,16138,500
16139,16139,3000
16140,16140,3000
16141,16141,3000
16142,16142,1000
16143,16143,1000
16144,16144,1500
16145,16145,500
16146,16146,2000
16147,16147,1500
16148,16148,3000
16149,16149,3000
16150,16150,3000
16151,16151,1500
16152,16152,2000
16153,16153,3000
16154,16154,2500
16155,16155,3000
16156,16156,1000
16157,16157,2500
16158,16158,1500
16159,16159,1500
16160,16160,2000
16161,16161,500
16162,16162,1500
16163,16163,1500
16164,16164,1500
16165,16165,3000
16166,16166,3000
16167,16167,500
16168,16168,3000
16169,16169,3000
16170,16170,2000
16171,16171,2000
16172,16172,500
16173,16173,3000
16174,16174,3000
16175,16175,2000
16176,16176,2500
16177,16177,3000
16178,16178,1500
16179,16179,500
16180,16180,2000
16181,16181,2500
16182,16182,1000
16183,16183,1000
16184,16184,3000
16185,16185,3000
16186,16186,3000
16187,16187,3000
16188,16188,1500
16189,16189,2000
16190,16190,500
16191,16191,2000
16192,16192,1500
16193,16193,3000
16194,16194,2500
16195,16195,3000
16196,16196,3000
16197,16197,1000
16198,16198,1500
16199,16199,1000
16200,16200,500
16201,16201,1500
16202,16202,1000
16203,16203,2500
16204,16204,2000
16205,16205,3000
16206,16206,3000
16207,16207,500
16208,16208,2500
16209,16209,2500
16210,16210,1000
16211,16211,3000
16212,16212,500
16213,16213,1000
16214,16214,3000
16215,16215,3000
16216,16216,3000
16217,16217,1500
16218,16218,2000
16219,16219,3000
16220,16220,500
16221,16221,1500
16222,16222,2500
16223,16223,3000
16224,16224,3000
16225,16225,500
16226,16226,1000
16227,16227,3000
16228,16228,3000
16229,16229,3000
16230,16230,500
16231,16231,1000
16232,16232,3000
16233,16233,2000
16234,16234,3000
16235,16235,3000
16236,16236,2500
16237,16237,2000
16238,16238,1500
16239,16239,1500
16240,16240,3000
16241,16241,3000
16242,16242,2500
16243,16243,1000
16244,16244,2500
16245,16245,3000
16246,16246,3000
16247,16247,3000
16248,16248,3000
16249,16249,3000
16250,16250,3000
16251,16251,1000
16252,16252,500
16253,16253,3000
16254,16254,3000
16255,16255,2000
16256,16256,1500
16257,16257,500
16258,16258,500
16259,16259,1000
16260,16260,1000
16261,16261,500
16262,16262,2500
16263,16263,3000
16264,16264,3000
16265,16265,2500
16266,16266,2000
16267,16267,3000
16268,16268,3000
16269,16269,1500
16270,16270,1000
16271,16271,2000
16272,16272,3000
16273,16273,3000
16274,16274,500
16275,16275,2500
16276,16276,2000
16277,16277,3000
16278,16278,3000
16279,16279,3000
16280,16280,2500
16281,16281,2500
16282,16282,2000
16283,16283,2000
16284,16284,1500
16285,16285,3000
16286,16286,3000
16287,16287,500
16288,16288,2500
16289,16289,2000
16290,16290,1500
16291,16291,1500
16292,16292,2000
16293,16293,3000
16294,16294,3000
16295,16295,3000
16296,16296,2500
16297,16297,2000
16298,16298,3000
16299,16299,1500
16300,16300,1500
16301,16301,1500
16302,16302,2500
16303,16303,3000
16304,16304,2000
16305,16305,1500
16306,16306,1000
16307,16307,500
16308,16308,3000
16309,16309,3000
16310,16310,500
16311,16311,500
16312,16312,500
16313,16313,1500
16314,16314,1000
16315,16315,2000
16316,16316,3000
16317,16317,3000
16318,16318,1000
16319,16319,2500
16320,16320,3000
16321,16321,2500
16322,16322,2500
16323,16323,1500
16324,16324,2000
16325,16325,2000
16326,16326,2500
16327,16327,1500
16328,16328,2500
16329,16329,2500
16330,16330,3000
16331,16331,3000
16332,16332,2000
16333,16333,500
16334,16334,2000
16335,16335,1000
16336,16336,1500
16337,16337,2500
16338,16338,1500
16339,16339,1500
16340,16340,3000
16341,16341,3000
16342,16342,3000
16343,16343,500
16344,16344,3000
16345,16345,2500
16346,16346,2500
16347,16347,3000
16348,16348,1500
16349,16349,1500
16350,16350,2000
16351,16351,3000
16352,16352,1500
16353,16353,3000
16354,16354,2500
16355,16355,1500
16356,16356,500
16357,16357,3000
16358,16358,2500
16359,16359,1500
16360,16360,2500
16361,16361,1000
16362,16362,2000
16363,16363,500
16364,16364,500
16365,16365,3000
16366,16366,3000
16367,16367,1500
16368,16368,500
16369,16369,1500
16370,16370,1500
16371,16371,3000
16372,16372,2000
16373,16373,1500
16374,16374,2500
16375,16375,3000
16376,16376,1500
16377,16377,2500
16378,16378,3000
16379,16379,2000
16380,16380,3000
16381,16381,500
16382,16382,500
16383,16383,2000
16384,16384,3000
16385,16385,500
16386,16386,2500
16387,16387,500
16388,16388,3000
16389,16389,2000
16390,16390,500
16391,16391,500
16392,16392,1500
16393,16393,3000
16394,16394,3000
16395,16395,2000
16396,16396,1500
16397,16397,2500
16398,16398,3000
16399,16399,3000
16400,16400,2000
16401,16401,1500
16402,16402,2000
16403,16403,1000
16404,16404,2500
16405,16405,3000
16406,16406,3000
16407,16407,500
16408,16408,1500
16409,16409,3000
16410,16410,1000
16411,16411,3000
16412,16412,3000
16413,16413,3000
16414,16414,1000
16415,16415,1500
16416,16416,2500
16417,16417,2000
16418,16418,3000
16419,16419,1000
16420,16420,3000
16421,16421,3000
16422,16422,500
16423,16423,1500
16424,16424,1500
16425,16425,3000
16426,16426,3000
16427,16427,3000
16428,16428,2000
16429,16429,2000
16430,16430,3000
16431,16431,3000
16432,16432,1500
16433,16433,1500
16434,16434,3000
16435,16435,2500
16436,16436,1500
16437,16437,2500
16438,16438,2000
16439,16439,2000
16440,16440,2500
16441,16441,3000
16442,16442,3000
16443,16443,3000
16444,16444,500
16445,16445,3000
16446,16446,2500
16447,16447,500
16448,16448,3000
16449,16449,2500
16450,16450,2500
16451,16451,1500
16452,16452,2500
16453,16453,3000
16454,16454,1000
16455,16455,500
16456,16456,1500
16457,16457,1500
16458,16458,3000
16459,16459,1500
16460,16460,1500
16461,16461,3000
16462,16462,500
16463,16463,500
16464,16464,1500
16465,16465,2500
16466,16466,3000
16467,16467,3000
16468,16468,3000
16469,16469,3000
16470,16470,2500
16471,16471,3000
16472,16472,1500
16473,16473,500
16474,16474,2500
16475,16475,1500
16476,16476,3000
16477,16477,3000
16478,16478,2500
16479,16479,1500
16480,16480,1500
16481,16481,3000
16482,16482,1500
16483,16483,3000
16484,16484,2500
16485,16485,500
16486,16486,3000
16487,16487,1000
16488,16488,3000
16489,16489,500
16490,16490,3000
16491,16491,1500
16492,16492,3000
16493,16493,2000
16494,16494,3000
16495,16495,1000
16496,16496,1000
16497,16497,3000
16498,16498,1500
16499,16499,2000
16500,16500,1000
16501,16501,1000
16502,16502,1500
16503,16503,1000
16504,16504,2000
16505,16505,2500
16506,16506,1000
16507,16507,3000
16508,16508,2000
16509,16509,3000
16510,16510,1500
16511,16511,500
16512,16512,3000
16513,16513,500
16514,16514,2000
16515,16515,3000
16516,16516,1000
16517,16517,3000
16518,16518,1500
16519,16519,3000
16520,16520,2000
16521,16521,1000
16522,16522,2000
16523,16523,1000
16524,16524,2000
16525,16525,2500
16526,16526,2500
16527,16527,3000
16528,16528,3000
16529,16529,3000
16530,16530,2000
16531,16531,2500
16532,16532,2000
16533,16533,3000
16534,16534,2500
16535,16535,2000
16536,16536,3000
16537,16537,1500
16538,16538,500
16539,16539,3000
16540,16540,2000
16541,16541,500
16542,16542,3000
16543,16543,1500
16544,16544,3000
16545,16545,3000
16546,16546,3000
16547,16547,500
16548,16548,1000
16549,16549,1500
16550,16550,500
16551,16551,3000
16552,16552,3000
16553,16553,2000
16554,16554,1500
16555,16555,3000
16556,16556,500
16557,16557,2500
16558,16558,3000
16559,16559,3000
16560,16560,2500
16561,16561,1000
16562,16562,500
16563,16563,1000
16564,16564,1000
16565,16565,2500
16566,16566,3000
16567,16567,1000
16568,16568,3000
16569,16569,2500
16570,16570,1500
16571,16571,2500
16572,16572,500
16573,16573,1000
16574,16574,3000
16575,16575,500
16576,16576,500
16577,16577,1500
16578,16578,3000
16579,16579,1000
16580,16580,3000
16581,16581,1500
16582,16582,1500
16583,16583,2000
16584,16584,500
16585,16585,1500
16586,16586,2000
16587,16587,3000
16588,16588,3000
16589,16589,3000
16590,16590,2000
16591,16591,500
16592,16592,2000
16593,16593,1500
16594,16594,1500
16595,16595,1500
16596,16596,2500
16597,16597,1000
16598,16598,1500
16599,16599,1000
16600,16600,500
16601,16601,2000
16602,16602,1000
16603,16603,1000
16604,16604,3000
16605,16605,1000
16606,16606,3000
16607,16607,500
16608,16608,1500
16609,16609,3000
16610,16610,1000
16611,16611,500
16612,16612,500
16613,16613,2500
16614,16614,2500
16615,16615,2000
16616,16616,3000
16617,16617,1500
16618,16618,3000
16619,16619,2000
16620,16620,3000
16621,16621,3000
16622,16622,3000
16623,16623,3000
16624,16624,3000
16625,16625,1000
16626,16626,1500
16627,16627,2500
16628,16628,2000
16629,16629,2500
16630,16630,1500
16631,16631,2000
16632,16632,3000
16633,16633,2000
16634,16634,3000
16635,16635,1000
16636,16636,3000
16637,16637,3000
16638,16638,2500
16639,16639,2500
16640,16640,3000
16641,16641,3000
16642,16642,1000
16643,16643,3000
16644,16644,2500
16645,16645,3000
16646,16646,500
16647,16647,1500
16648,16648,3000
16649,16649,2000
16650,16650,2000
16651,16651,3000
16652,16652,2500
16653,16653,3000
16654,16654,1000
16655,16655,2500
16656,16656,2500
16657,16657,1000
16658,16658,1500
16659,16659,1500
16660,16660,3000
16661,16661,3000
16662,16662,2000
16663,16663,3000
16664,16664,2500
16665,16665,1000
16666,16666,3000
16667,16667,1000
16668,16668,500
16669,16669,3000
16670,16670,3000
16671,16671,1500
16672,16672,3000
16673,16673,1000
16674,16674,3000
16675,16675,1500
16676,16676,1500
16677,16677,1500
16678,16678,3000
16679,16679,2500
16680,16680,2000
16681,16681,500
16682,16682,1500
16683,16683,500
16684,16684,3000
16685,16685,1000
16686,16686,1500
16687,16687,500
16688,16688,3000
16689,16689,3000
16690,16690,3000
16691,16691,3000
16692,16692,2000
16693,16693,3000
16694,16694,1000
16695,16695,1500
16696,16696,2500
16697,16697,3000
16698,16698,3000
16699,16699,1500
16700,16700,500
16701,16701,3000
16702,16702,2500
16703,16703,3000
16704,16704,3000
16705,16705,2500
16706,16706,1500
16707,16707,3000
16708,16708,3000
16709,16709,3000
16710,16710,500
16711,16711,500
16712,16712,1000
16713,16713,2500
16714,16714,2000
16715,16715,1000
16716,16716,1000
16717,16717,500
16718,16718,1000
16719,16719,3000
16720,16720,500
16721,16721,2500
16722,16722,1500
16723,16723,500
16724,16724,1500
16725,16725,2000
16726,16726,1500
16727,16727,2500
16728,16728,3000
16729,16729,3000
16730,16730,3000
16731,16731,2000
16732,16732,3000
16733,16733,1500
16734,16734,2000
16735,16735,3000
16736,16736,500
16737,16737,3000
16738,16738,2000
16739,16739,2000
16740,16740,1000
16741,16741,1500
16742,16742,2500
16743,16743,1500
16744,16744,3000
16745,16745,3000
16746,16746,2000
16747,16747,3000
16748,16748,3000
16749,16749,500
16750,16750,3000
16751,16751,1500
16752,16752,3000
16753,16753,3000
16754,16754,3000
16755,16755,1000
16756,16756,3000
16757,16757,3000
16758,16758,1500
16759,16759,500
16760,16760,3000
16761,16761,500
16762,16762,1500
16763,16763,1500
16764,16764,2500
16765,16765,3000
16766,16766,3000
16767,16767,3000
16768,16768,3000
16769,16769,3000
16770,16770,1500
16771,16771,500
16772,16772,3000
16773,16773,2500
16774,16774,1500
16775,16775,3000
16776,16776,2000
16777,16777,1500
16778,16778,1500
16779,16779,1500
16780,16780,3000
16781,16781,1500
16782,16782,2500
16783,16783,3000
16784,16784,3000
16785,16785,2000
16786,16786,1500
16787,16787,3000
16788,16788,1500
16789,16789,3000
16790,16790,2500
16791,16791,2500
16792,16792,2500
16793,16793,1500
16794,16794,3000
16795,16795,1500
16796,16796,1500
16797,16797,500
16798,16798,1500
16799,16799,1500
16800,16800,2000
16801,16801,1000
16802,16802,3000
16803,16803,500
16804,16804,2500
16805,16805,3000
16806,16806,1500
16807,16807,3000
16808,16808,1000
16809,16809,1000
16810,16810,500
16811,16811,500
16812,16812,2500
16813,16813,1500
16814,16814,2000
16815,16815,500
16816,16816,3000
16817,16817,3000
16818,16818,500
16819,16819,1500
16820,16820,1500
16821,16821,1500
16822,16822,1500
16823,16823,2000
16824,16824,3000
16825,16825,1500
16826,16826,2500
16827,16827,1500
16828,16828,3000
16829,16829,1500
16830,16830,2000
16831,16831,1000
16832,16832,3000
16833,16833,3000
16834,16834,3000
16835,16835,500
16836,16836,1500
16837,16837,500
16838,16838,2000
16839,16839,2500
16840,16840,2000
16841,16841,1000
16842,16842,2500
16843,16843,500
16844,16844,3000
16845,16845,500
16846,16846,3000
16847,16847,1500
16848,16848,2000
16849,16849,1500
16850,16850,500
16851,16851,3000
16852,16852,3000
16853,16853,2500
16854,16854,1500
16855,16855,1500
16856,16856,500
16857,16857,2500
16858,16858,1500
16859,16859,3000
16860,16860,1500
16861,16861,3000
16862,16862,2500
16863,16863,1500
16864,16864,1500
16865,16865,3000
16866,16866,3000
16867,16867,500
16868,16868,2500
16869,16869,2500
16870,16870,1500
16871,16871,3000
16872,16872,3000
16873,16873,1000
16874,16874,1500
16875,16875,2000
16876,16876,2500
16877,16877,3000
16878,16878,3000
16879,16879,3000
16880,16880,500
16881,16881,1500
16882,16882,3000
16883,16883,500
16884,16884,1000
16885,16885,1500
16886,16886,500
16887,16887,2000
16888,16888,1000
16889,16889,1500
16890,16890,500
16891,16891,2500
16892,16892,1500
16893,16893,500
16894,16894,500
16895,16895,2000
16896,16896,1500
16897,16897,3000
16898,16898,3000
16899,16899,1000
16900,16900,2500
16901,16901,2500
16902,16902,1500
16903,16903,1000
16904,16904,3000
16905,16905,500
16906,16906,2000
16907,16907,500
16908,16908,3000
16909,16909,1500
16910,16910,2000
16911,16911,2000
16912,16912,2000
16913,16913,3000
16914,16914,1000
16915,16915,1000
16916,16916,1500
16917,16917,3000
16918,16918,1500
16919,16919,3000
16920,16920,3000
16921,16921,1000
16922,16922,2000
16923,16923,3000
16924,16924,500
16925,16925,2000
16926,16926,2000
16927,16927,2000
16928,16928,3000
16929,16929,1500
16930,16930,1000
16931,16931,2000
16932,16932,3000
16933,16933,3000
16934,16934,1000
16935,16935,3000
16936,16936,3000
16937,16937,3000
16938,16938,1500
16939,16939,3000
16940,16940,3000
16941,16941,3000
16942,16942,3000
16943,16943,3000
16944,16944,1500
16945,16945,3000
16946,16946,3000
16947,16947,1500
16948,16948,3000
16949,16949,2500
16950,16950,2500
16951,16951,1000
16952,16952,1500
16953,16953,1500
16954,16954,1500
16955,16955,1500
16956,16956,1000
16957,16957,1500
16958,16958,2000
16959,16959,2500
16960,16960,500
16961,16961,500
16962,16962,2500
16963,16963,3000
16964,16964,2500
16965,16965,3000
16966,16966,3000
16967,16967,2500
16968,16968,1500
16969,16969,1500
16970,16970,3000
16971,16971,3000
16972,16972,1500
16973,16973,1500
16974,16974,1000
16975,16975,3000
16976,16976,1500
16977,16977,1500
16978,16978,1500
16979,16979,2500
16980,16980,1500
16981,16981,1500
16982,16982,2000
16983,16983,1500
16984,16984,2500
16985,16985,1500
16986,16986,3000
16987,16987,3000
16988,16988,2000
16989,16989,2000
16990,16990,1500
16991,16991,2500
16992,16992,2500
16993,16993,3000
16994,16994,3000
16995,16995,3000
16996,16996,1500
16997,16997,1500
16998,16998,500
16999,16999,1000
17000,17000,2000
17001,17001,3000
17002,17002,500
17003,17003,1500
17004,17004,1500
17005,17005,3000
17006,17006,500
17007,17007,1500
17008,17008,2000
17009,17009,500
17010,17010,1500
17011,17011,2000
17012,17012,3000
17013,17013,2500
17014,17014,1500
17015,17015,1000
17016,17016,500
17017,17017,3000
17018,17018,3000
17019,17019,3000
17020,17020,3000
17021,17021,1000
17022,17022,500
17023,17023,3000
17024,17024,3000
17025,17025,3000
17026,17026,500
17027,17027,1500
17028,17028,3000
17029,17029,2000
17030,17030,1500
17031,17031,1500
17032,17032,3000
17033,17033,1500
17034,17034,3000
17035,17035,3000
17036,17036,2500
17037,17037,2000
17038,17038,3000
17039,17039,1500
17040,17040,500
17041,17041,3000
17042,17042,1500
17043,17043,1500
17044,17044,1000
17045,17045,3000
17046,17046,3000
17047,17047,1500
17048,17048,1500
17049,17049,1500
17050,17050,1500
17051,17051,1500
17052,17052,2500
17053,17053,500
17054,17054,2500
17055,17055,1500
17056,17056,3000
17057,17057,1000
17058,17058,2000
17059,17059,1000
17060,17060,1500
17061,17061,1500
17062,17062,1500
17063,17063,1000
17064,17064,2000
17065,17065,3000
17066,17066,3000
17067,17067,1500
17068,17068,2500
17069,17069,3000
17070,17070,1000
17071,17071,3000
17072,17072,1500
17073,17073,3000
17074,17074,1000
17075,17075,3000
17076,17076,3000
17077,17077,1500
17078,17078,3000
17079,17079,500
17080,17080,1500
17081,17081,2000
17082,17082,3000
17083,17083,2500
17084,17084,3000
17085,17085,3000
17086,17086,1500
17087,17087,3000
17088,17088,3000
17089,17089,1500
17090,17090,3000
17091,17091,500
17092,17092,3000
17093,17093,1000
17094,17094,2000
17095,17095,3000
17096,17096,500
17097,17097,2500
17098,17098,1500
17099,17099,1500
17100,17100,2000
17101,17101,500
17102,17102,1500
17103,17103,500
17104,17104,500
17105,17105,1500
17106,17106,500
17107,17107,1500
17108,17108,2000
17109,17109,3000
17110,17110,1500
17111,17111,3000
17112,17112,1000
17113,17113,1000
17114,17114,3000
17115,17115,2000
17116,17116,2000
17117,17117,1500
17118,17118,1000
17119,17119,500
17120,17120,1500
17121,17121,3000
17122,17122,500
17123,17123,1500
17124,17124,500
17125,17125,3000
17126,17126,1500
17127,17127,2000
17128,17128,3000
17129,17129,1000
17130,17130,3000
17131,17131,500
17132,17132,1000
17133,17133,3000
17134,17134,2500
17135,17135,3000
17136,17136,1500
17137,17137,500
17138,17138,3000
17139,17139,3000
17140,17140,3000
17141,17141,3000
17142,17142,2500
17143,17143,3000
17144,17144,3000
17145,17145,3000
17146,17146,1500
17147,17147,1500
17148,17148,2000
17149,17149,3000
17150,17150,500
17151,17151,3000
17152,17152,2500
17153,17153,1500
17154,17154,1500
17155,17155,500
17156,17156,1500
17157,17157,1000
17158,17158,1500
17159,17159,3000
17160,17160,2500
17161,17161,2500
17162,17162,1500
17163,17163,3000
17164,17164,500
17165,17165,1000
17166,17166,1500
17167,17167,3000
17168,17168,1500
17169,17169,3000
17170,17170,3000
17171,17171,1500
17172,17172,3000
17173,17173,1500
17174,17174,500
17175,17175,500
17176,17176,2500
17177,17177,1500
17178,17178,3000
17179,17179,3000
17180,17180,2500
17181,17181,2000
17182,17182,2000
17183,17183,2000
17184,17184,1500
17185,17185,1500
17186,17186,3000
17187,17187,1500
17188,17188,2500
17189,17189,3000
17190,17190,1500
17191,17191,3000
17192,17192,3000
17193,17193,3000
17194,17194,3000
17195,17195,3000
17196,17196,3000
17197,17197,2500
17198,17198,3000
17199,17199,500
17200,17200,3000
17201,17201,3000
17202,17202,1500
17203,17203,3000
17204,17204,500
17205,17205,2000
17206,17206,3000
17207,17207,2500
17208,17208,3000
17209,17209,500
17210,17210,3000
17211,17211,500
17212,17212,2500
17213,17213,2500
17214,17214,1500
17215,17215,1500
17216,17216,500
17217,17217,3000
17218,17218,3000
17219,17219,3000
17220,17220,1000
17221,17221,2500
17222,17222,500
17223,17223,1000
17224,17224,2500
17225,17225,2500
17226,17226,3000
17227,17227,3000
17228,17228,1500
17229,17229,2500
17230,17230,2500
17231,17231,3000
17232,17232,3000
17233,17233,1500
17234,17234,1500
17235,17235,2000
17236,17236,3000
17237,17237,1500
17238,17238,1000
17239,17239,3000
17240,17240,1500
17241,17241,1500
17242,17242,3000
17243,17243,3000
17244,17244,1000
17245,17245,1500
17246,17246,1500
17247,17247,3000
17248,17248,3000
17249,17249,500
17250,17250,2000
17251,17251,3000
17252,17252,2000
17253,17253,1500
17254,17254,2000
17255,17255,1500
17256,17256,3000
17257,17257,500
17258,17258,3000
17259,17259,500
17260,17260,1000
17261,17261,3000
17262,17262,1500
17263,17263,3000
17264,17264,3000
17265,17265,3000
17266,17266,500
17267,17267,1500
17268,17268,2000
17269,17269,3000
17270,17270,500
17271,17271,3000
17272,17272,3000
17273,17273,2000
17274,17274,1000
17275,17275,1500
17276,17276,2000
17277,17277,2500
17278,17278,3000
17279,17279,3000
17280,17280,500
17281,17281,1000
17282,17282,2500
17283,17283,1500
17284,17284,2000
17285,17285,500
17286,17286,3000
17287,17287,3000
17288,17288,500
17289,17289,2500
17290,17290,3000
17291,17291,2000
17292,17292,1500
17293,17293,1500
17294,17294,1500
17295,17295,3000
17296,17296,2000
17297,17297,1500
17298,17298,2000
17299,17299,500
17300,17300,3000
17301,17301,1500
17302,17302,1500
17303,17303,3000
17304,17304,2000
17305,17305,1500
17306,17306,1500
17307,17307,1500
17308,17308,2000
17309,17309,2000
17310,17310,3000
17311,17311,1500
17312,17312,2500
17313,17313,3000
17314,17314,3000
17315,17315,2000
17316,17316,1500
17317,17317,3000
17318,17318,3000
17319,17319,2000
17320,17320,1000
17321,17321,1000
17322,17322,3000
17323,17323,3000
17324,17324,500
17325,17325,1500
17326,17326,3000
17327,17327,3000
17328,17328,2000
17329,17329,2000
17330,17330,1500
17331,17331,3000
17332,17332,3000
17333,17333,2500
17334,17334,1500
17335,17335,3000
17336,17336,3000
17337,17337,3000
17338,17338,1500
17339,17339,3000
17340,17340,1500
17341,17341,1000
17342,17342,1500
17343,17343,2500
17344,17344,1500
17345,17345,3000
17346,17346,3000
17347,17347,3000
17348,17348,2500
17349,17349,3000
17350,17350,1500
17351,17351,500
17352,17352,3000
17353,17353,500
17354,17354,2000
17355,17355,3000
17356,17356,2500
17357,17357,3000
17358,17358,1500
17359,17359,2500
17360,17360,500
17361,17361,3000
17362,17362,500
17363,17363,3000
17364,17364,500
17365,17365,2500
17366,17366,1500
17367,17367,3000
17368,17368,500
17369,17369,3000
17370,17370,500
17371,17371,1500
17372,17372,2500
17373,17373,1500
17374,17374,2000
17375,17375,3000
17376,17376,1000
17377,17377,500
17378,17378,1500
17379,17379,1500
17380,17380,3000
17381,17381,1000
17382,17382,1500
17383,17383,1000
17384,17384,500
17385,17385,1000
17386,17386,2000
17387,17387,1500
17388,17388,2500
17389,17389,500
17390,17390,3000
17391,17391,3000
17392,17392,3000
17393,17393,3000
17394,17394,1500
17395,17395,500
17396,17396,1500
17397,17397,3000
17398,17398,3000
17399,17399,3000
17400,17400,1000
17401,17401,1500
17402,17402,1500
17403,17403,3000
17404,17404,1500
17405,17405,2000
17406,17406,500
17407,17407,2500
17408,17408,2000
17409,17409,3000
17410,17410,2500
17411,17411,3000
17412,17412,2000
17413,17413,3000
17414,17414,3000
17415,17415,500
17416,17416,500
17417,17417,3000
17418,17418,2500
17419,17419,3000
17420,17420,1500
17421,17421,3000
17422,17422,3000
17423,17423,2000
17424,17424,500
17425,17425,1500
17426,17426,500
17427,17427,2500
17428,17428,3000
17429,17429,3000
17430,17430,1000
17431,17431,1500
17432,17432,3000
17433,17433,1000
17434,17434,3000
17435,17435,1500
17436,17436,3000
17437,17437,1000
17438,17438,1500
17439,17439,500
17440,17440,1000
17441,17441,2500
17442,17442,1500
17443,17443,2500
17444,17444,1500
17445,17445,3000
17446,17446,3000
17447,17447,1000
17448,17448,3000
17449,17449,500
17450,17450,2000
17451,17451,1000
17452,17452,1500
17453,17453,1000
17454,17454,3000
17455,17455,2000
17456,17456,1500
17457,17457,1500
17458,17458,1500
17459,17459,2500
17460,17460,3000
17461,17461,1500
17462,17462,2000
17463,17463,1500
17464,17464,500
17465,17465,3000
17466,17466,1000
17467,17467,3000
17468,17468,3000
17469,17469,3000
17470,17470,1000
17471,17471,2000
17472,17472,3000
17473,17473,3000
17474,17474,2000
17475,17475,2500
17476,17476,1500
17477,17477,500
17478,17478,2000
17479,17479,2000
17480,17480,1500
17481,17481,1500
17482,17482,1500
17483,17483,3000
17484,17484,1500
17485,17485,2000
17486,17486,3000
17487,17487,3000
17488,17488,2000
17489,17489,1000
17490,17490,1500
17491,17491,2500
17492,17492,3000
17493,17493,1000
17494,17494,2500
17495,17495,2500
17496,17496,2000
17497,17497,1500
17498,17498,1500
17499,17499,3000
17500,17500,1500
17501,17501,2000
17502,17502,500
17503,17503,3000
17504,17504,1500
17505,17505,3000
17506,17506,3000
17507,17507,1000
17508,17508,1500
17509,17509,500
17510,17510,2500
17511,17511,3000
17512,17512,2500
17513,17513,2000
17514,17514,1500
17515,17515,3000
17516,17516,2500
17517,17517,1500
17518,17518,3000
17519,17519,500
17520,17520,1000
17521,17521,1500
17522,17522,3000
17523,17523,500
17524,17524,2000
17525,17525,2000
17526,17526,3000
17527,17527,1000
17528,17528,3000
17529,17529,2500
17530,17530,3000
17531,17531,1500
17532,17532,1500
17533,17533,2500
17534,17534,1000
17535,17535,3000
17536,17536,1500
17537,17537,1500
17538,17538,1500
17539,17539,1500
17540,17540,3000
17541,17541,2500
17542,17542,3000
17543,17543,3000
17544,17544,2000
17545,17545,500
17546,17546,1500
17547,17547,2000
17548,17548,1500
17549,17549,1000
17550,17550,1000
17551,17551,3000
17552,17552,500
17553,17553,1500
17554,17554,3000
17555,17555,3000
17556,17556,3000
17557,17557,3000
17558,17558,2000
17559,17559,1500
17560,17560,500
17561,17561,2000
17562,17562,1000
17563,17563,1500
17564,17564,3000
17565,17565,3000
17566,17566,2500
17567,17567,1000
17568,17568,2500
17569,17569,3000
17570,17570,500
17571,17571,2500
17572,17572,3000
17573,17573,2000
17574,17574,1500
17575,17575,1000
17576,17576,1500
17577,17577,1500
17578,17578,2500
17579,17579,1500
17580,17580,2000
17581,17581,1500
17582,17582,500
17583,17583,1000
17584,17584,3000
17585,17585,3000
17586,17586,3000
17587,17587,3000
17588,17588,3000
17589,17589,1000
17590,17590,2000
17591,17591,1500
17592,17592,2500
17593,17593,1500
17594,17594,1500
17595,17595,2500
17596,17596,3000
17597,17597,3000
17598,17598,1500
17599,17599,1000
17600,17600,1500
17601,17601,500
17602,17602,3000
17603,17603,500
17604,17604,500
17605,17605,2000
17606,17606,2500
17607,17607,2500
17608,17608,1500
17609,17609,3000
17610,17610,3000
17611,17611,3000
17612,17612,500
17613,17613,2500
17614,17614,3000
17615,17615,500
17616,17616,3000
17617,17617,2000
17618,17618,3000
17619,17619,3000
17620,17620,3000
17621,17621,3000
17622,17622,3000
17623,17623,500
17624,17624,1000
17625,17625,1000
17626,17626,1000
17627,17627,2000
17628,17628,3000
17629,17629,3000
17630,17630,1000
17631,17631,500
17632,17632,3000
17633,17633,2000
17634,17634,3000
17635,17635,2000
17636,17636,1000
17637,17637,3000
17638,17638,2500
17639,17639,1000
17640,17640,1500
17641,17641,1500
17642,17642,1500
17643,17643,2000
17644,17644,3000
17645,17645,3000
17646,17646,3000
17647,17647,1500
17648,17648,3000
17649,17649,2000
17650,17650,3000
17651,17651,2000
17652,17652,3000
17653,17653,3000
17654,17654,3000
17655,17655,2000
17656,17656,1000
17657,17657,2000
17658,17658,500
17659,17659,2500
17660,17660,3000
17661,17661,3000
17662,17662,2000
17663,17663,1500
17664,17664,3000
17665,17665,2000
17666,17666,1000
17667,17667,1500
17668,17668,1000
17669,17669,3000
17670,17670,2000
17671,17671,2000
17672,17672,2000
17673,17673,1500
17674,17674,1000
17675,17675,1000
17676,17676,1500
17677,17677,1500
17678,17678,1000
17679,17679,3000
17680,17680,500
17681,17681,2500
17682,17682,3000
17683,17683,3000
17684,17684,1500
17685,17685,1500
17686,17686,500
17687,17687,3000
17688,17688,3000
17689,17689,2000
17690,17690,3000
17691,17691,2500
17692,17692,3000
17693,17693,2500
17694,17694,500
17695,17695,1000
17696,17696,2000
17697,17697,1000
17698,17698,3000
17699,17699,3000
17700,17700,3000
17701,17701,1500
17702,17702,3000
17703,17703,1500
17704,17704,3000
17705,17705,500
17706,17706,3000
17707,17707,2000
17708,17708,3000
17709,17709,3000
17710,17710,1000
17711,17711,3000
17712,17712,1500
17713,17713,3000
17714,17714,2500
17715,17715,3000
17716,17716,1000
17717,17717,2000
17718,17718,1500
17719,17719,1000
17720,17720,2500
17721,17721,3000
17722,17722,3000
17723,17723,500
17724,17724,1500
17725,17725,1500
17726,17726,1500
17727,17727,3000
17728,17728,3000
17729,17729,3000
17730,17730,1500
17731,17731,3000
17732,17732,3000
17733,17733,500
17734,17734,2500
17735,17735,500
17736,17736,3000
17737,17737,3000
17738,17738,2500
17739,17739,1500
17740,17740,1500
17741,17741,3000
17742,17742,3000
17743,17743,1500
17744,17744,1500
17745,17745,2500
17746,17746,1500
17747,17747,2000
17748,17748,3000
17749,17749,3000
17750,17750,1500
17751,17751,1000
17752,17752,2000
17753,17753,3000
17754,17754,3000
17755,17755,2000
17756,17756,3000
17757,17757,3000
17758,17758,3000
17759,17759,1000
17760,17760,1000
17761,17761,3000
17762,17762,2500
17763,17763,3000
17764,17764,1500
17765,17765,3000
17766,17766,500
17767,17767,2000
17768,17768,1500
17769,17769,1500
17770,17770,3000
17771,17771,2500
17772,17772,3000
17773,17773,3000
17774,17774,3000
17775,17775,2000
17776,17776,500
17777,17777,3000
17778,17778,3000
17779,17779,500
17780,17780,3000
17781,17781,1500
17782,17782,500
17783,17783,1500
17784,17784,3000
17785,17785,500
17786,17786,1500
17787,17787,1500
17788,17788,500
17789,17789,3000
17790,17790,1000
17791,17791,2500
17792,17792,500
17793,17793,3000
17794,17794,2000
17795,17795,3000
17796,17796,2000
17797,17797,500
17798,17798,3000
17799,17799,3000
17800,17800,500
17801,17801,2000
17802,17802,1500
17803,17803,3000
17804,17804,3000
17805,17805,3000
17806,17806,500
17807,17807,2500
17808,17808,2500
17809,17809,1500
17810,17810,2000
17811,17811,1500
17812,17812,2500
17813,17813,3000
17814,17814,3000
17815,17815,2000
17816,17816,500
17817,17817,3000
17818,17818,3000
17819,17819,3000
17820,17820,1500
17821,17821,1500
17822,17822,3000
17823,17823,1500
17824,17824,2500
17825,17825,3000
17826,17826,1000
17827,17827,2500
17828,17828,3000
17829,17829,3000
17830,17830,500
17831,17831,500
17832,17832,500
17833,17833,500
17834,17834,1000
17835,17835,2500
17836,17836,2500
17837,17837,3000
17838,17838,3000
17839,17839,1500
17840,17840,2500
17841,17841,1000
17842,17842,2000
17843,17843,1000
17844,17844,500
17845,17845,3000
17846,17846,1500
17847,17847,1000
17848,17848,2000
17849,17849,3000
17850,17850,3000
17851,17851,1500
17852,17852,1500
17853,17853,2500
17854,17854,1000
17855,17855,3000
17856,17856,500
17857,17857,2000
17858,17858,1000
17859,17859,1000
17860,17860,3000
17861,17861,1000
17862,17862,3000
17863,17863,2500
17864,17864,2500
17865,17865,500
17866,17866,1500
17867,17867,1500
17868,17868,500
17869,17869,3000
17870,17870,1500
17871,17871,3000
17872,17872,3000
17873,17873,1000
17874,17874,1500
17875,17875,1500
17876,17876,2500
17877,17877,2500
17878,17878,1000
17879,17879,3000
17880,17880,2000
17881,17881,3000
17882,17882,3000
17883,17883,3000
17884,17884,500
17885,17885,3000
17886,17886,3000
17887,17887,500
17888,17888,1500
17889,17889,3000
17890,17890,3000
17891,17891,2500
17892,17892,500
17893,17893,3000
17894,17894,3000
17895,17895,3000
17896,17896,3000
17897,17897,3000
17898,17898,1500
17899,17899,1000
17900,17900,1500
17901,17901,1500
17902,17902,1000
17903,17903,1000
17904,17904,3000
17905,17905,1500
17906,17906,2000
17907,17907,500
17908,17908,2000
17909,17909,1000
17910,17910,1000
17911,17911,3000
17912,17912,500
17913,17913,1500
17914,17914,1500
17915,17915,3000
17916,17916,3000
17917,17917,1500
17918,17918,3000
17919,17919,1500
17920,17920,2500
17921,17921,500
17922,17922,1500
17923,17923,1500
17924,17924,3000
17925,17925,1500
17926,17926,2000
17927,17927,500
17928,17928,3000
17929,17929,3000
17930,17930,3000
17931,17931,3000
17932,17932,3000
17933,17933,2500
17934,17934,1500
17935,17935,3000
17936,17936,500
17937,17937,1000
17938,17938,3000
17939,17939,3000
17940,17940,3000
17941,17941,3000
17942,17942,1000
17943,17943,2500
17944,17944,1500
17945,17945,1500
17946,17946,2000
17947,17947,1500
17948,17948,2500
17949,17949,1500
17950,17950,1500
17951,17951,3000
17952,17952,500
17953,17953,1500
17954,17954,2000
17955,17955,1500
17956,17956,1000
17957,17957,1500
17958,17958,3000
17959,17959,2000
17960,17960,3000
17961,17961,1500
17962,17962,2000
17963,17963,1000
17964,17964,1500
17965,17965,1500
17966,17966,3000
17967,17967,1500
17968,17968,2000
17969,17969,1500
17970,17970,500
17971,17971,500
17972,17972,1000
17973,17973,1000
17974,17974,2500
17975,17975,3000
17976,17976,1500
17977,17977,2000
17978,17978,1500
17979,17979,500
17980,17980,3000
17981,17981,2500
17982,17982,1500
17983,17983,500
17984,17984,1500
17985,17985,1500
17986,17986,3000
17987,17987,1500
17988,17988,1500
17989,17989,3000
17990,17990,3000
17991,17991,2000
17992,17992,1500
17993,17993,1500
17994,17994,2500
17995,17995,3000
17996,17996,500
17997,17997,1500
17998,17998,2500
17999,17999,3000
18000,18000,3000
18001,18001,3000
18002,18002,1000
18003,18003,2000
18004,18004,2500
18005,18005,2500
18006,18006,2000
18007,18007,1500
18008,18008,3000
18009,18009,500
18010,18010,1000
18011,18011,2500
18012,18012,3000
18013,18013,1500
18014,18014,2000
18015,18015,2500
18016,18016,3000
18017,18017,1500
18018,18018,3000
18019,18019,2000
18020,18020,500
18021,18021,2000
18022,18022,2000
18023,18023,3000
18024,18024,3000
18025,18025,2000
18026,18026,2500
18027,18027,3000
18028,18028,2500
18029,18029,3000
18030,18030,3000
18031,18031,1500
18032,18032,1500
18033,18033,2000
18034,18034,1500
18035,18035,3000
18036,18036,500
18037,18037,2500
18038,18038,3000
18039,18039,1000
18040,18040,500
18041,18041,1500
18042,18042,1500
18043,18043,3000
18044,18044,2000
18045,18045,1500
18046,18046,1500
18047,18047,2000
18048,18048,1500
18049,18049,1500
18050,18050,3000
18051,18051,500
18052,18052,1500
18053,18053,3000
18054,18054,1000
18055,18055,2500
18056,18056,3000
18057,18057,1500
18058,18058,500
18059,18059,2500
18060,18060,3000
18061,18061,3000
18062,18062,3000
18063,18063,2500
18064,18064,2500
18065,18065,1000
18066,18066,3000
18067,18067,1500
18068,18068,3000
18069,18069,3000
18070,18070,3000
18071,18071,2000
18072,18072,2500
18073,18073,1500
18074,18074,3000
18075,18075,3000
18076,18076,500
18077,18077,2500
18078,18078,3000
18079,18079,2000
18080,18080,2000
18081,18081,3000
18082,18082,1500
18083,18083,2000
18084,18084,2500
18085,18085,2500
18086,18086,3000
18087,18087,1500
18088,18088,1500
18089,18089,1000
18090,18090,3000
18091,18091,3000
18092,18092,3000
18093,18093,3000
18094,18094,1500
18095,18095,1500
18096,18096,3000
18097,18097,1000
18098,18098,500
18099,18099,1000
18100,18100,1500
18101,18101,1500
18102,18102,1500
18103,18103,3000
18104,18104,500
18105,18105,3000
18106,18106,3000
18107,18107,1500
18108,18108,2000
18109,18109,2500
18110,18110,1000
18111,18111,1500
18112,18112,3000
18113,18113,1500
18114,18114,2000
18115,18115,2000
18116,18116,3000
18117,18117,2000
18118,18118,3000
18119,18119,500
18120,18120,3000
18121,18121,500
18122,18122,3000
18123,18123,3000
18124,18124,500
18125,18125,3000
18126,18126,1500
18127,18127,1500
18128,18128,1000
18129,18129,1500
18130,18130,3000
18131,18131,3000
18132,18132,1500
18133,18133,2000
18134,18134,1500
18135,18135,1500
18136,18136,3000
18137,18137,2000
18138,18138,1000
18139,18139,3000
18140,18140,3000
18141,18141,3000
18142,18142,3000
18143,18143,3000
18144,18144,1500
18145,18145,500
18146,18146,1500
18147,18147,2000
18148,18148,3000
18149,18149,1500
18150,18150,2000
18151,18151,2500
18152,18152,500
18153,18153,1500
18154,18154,1500
18155,18155,1500
18156,18156,3000
18157,18157,3000
18158,18158,3000
18159,18159,2500
18160,18160,3000
18161,18161,2500
18162,18162,3000
18163,18163,1500
18164,18164,500
18165,18165,1500
18166,18166,500
18167,18167,500
18168,18168,1500
18169,18169,2000
18170,18170,500
18171,18171,3000
18172,18172,1500
18173,18173,3000
18174,18174,3000
18175,18175,3000
18176,18176,1500
18177,18177,500
18178,18178,1500
18179,18179,3000
18180,18180,3000
18181,18181,2500
18182,18182,1000
18183,18183,3000
18184,18184,1500
18185,18185,2000
18186,18186,2500
18187,18187,3000
18188,18188,3000
18189,18189,1500
18190,18190,2500
18191,18191,1500
18192,18192,2000
18193,18193,1500
18194,18194,3000
18195,18195,3000
18196,18196,1000
18197,18197,1000
18198,18198,2000
18199,18199,3000
18200,18200,1500
18201,18201,1500
18202,18202,2000
18203,18203,3000
18204,18204,3000
18205,18205,1500
18206,18206,1500
18207,18207,1000
18208,18208,2000
18209,18209,3000
18210,18210,500
18211,18211,1000
18212,18212,500
18213,18213,1500
18214,18214,1500
18215,18215,1500
18216,18216,1500
18217,18217,3000
18218,18218,1500
18219,18219,3000
18220,18220,2500
18221,18221,1000
18222,18222,3000
18223,18223,1500
18224,18224,3000
18225,18225,3000
18226,18226,3000
18227,18227,2000
18228,18228,3000
18229,18229,3000
18230,18230,1500
18231,18231,3000
18232,18232,3000
18233,18233,2000
18234,18234,1500
18235,18235,1500
18236,18236,1000
18237,18237,2500
18238,18238,3000
18239,18239,500
18240,18240,500
18241,18241,3000
18242,18242,2500
18243,18243,500
18244,18244,2000
18245,18245,1500
18246,18246,500
18247,18247,500
18248,18248,3000
18249,18249,3000
18250,18250,2000
18251,18251,1500
18252,18252,2500
18253,18253,3000
18254,18254,3000
18255,18255,3000
18256,18256,1000
18257,18257,1500
18258,18258,2500
18259,18259,1500
18260,18260,1000
18261,18261,1000
18262,18262,3000
18263,18263,2500
18264,18264,3000
18265,18265,2500
18266,18266,1500
18267,18267,3000
18268,18268,3000
18269,18269,3000
18270,18270,3000
18271,18271,3000
18272,18272,1000
18273,18273,3000
18274,18274,1500
18275,18275,1500
18276,18276,2000
18277,18277,1500
18278,18278,1000
18279,18279,500
18280,18280,3000
18281,18281,1500
18282,18282,1500
18283,18283,3000
18284,18284,3000
18285,18285,3000
18286,18286,1000
18287,18287,1000
18288,18288,500
18289,18289,3000
18290,18290,1500
18291,18291,1500
18292,18292,1500
18293,18293,500
18294,18294,1000
18295,18295,3000
18296,18296,3000
18297,18297,1500
18298,18298,3000
18299,18299,1000
18300,18300,1000
18301,18301,1000
18302,18302,2500
18303,18303,3000
18304,18304,2500
18305,18305,2500
18306,18306,1000
18307,18307,2500
18308,18308,1500
18309,18309,2500
18310,18310,1500
18311,18311,1000
18312,18312,1500
18313,18313,1000
18314,18314,1000
18315,18315,2500
18316,18316,3000
18317,18317,3000
18318,18318,3000
18319,18319,1500
18320,18320,1500
18321,18321,1000
18322,18322,2000
18323,18323,1000
18324,18324,2000
18325,18325,3000
18326,18326,1500
18327,18327,3000
18328,18328,2000
18329,18329,3000
18330,18330,1500
18331,18331,3000
18332,18332,2500
18333,18333,3000
18334,18334,1000
18335,18335,1500
18336,18336,500
18337,18337,3000
18338,18338,1000
18339,18339,3000
18340,18340,2500
18341,18341,2000
18342,18342,3000
18343,18343,2000
18344,18344,2500
18345,18345,3000
18346,18346,1000
18347,18347,1000
18348,18348,2500
18349,18349,1500
18350,18350,2000
18351,18351,2500
18352,18352,2000
18353,18353,1500
18354,18354,2000
18355,18355,1500
18356,18356,3000
18357,18357,500
18358,18358,1000
18359,18359,3000
18360,18360,2500
18361,18361,3000
18362,18362,3000
18363,18363,1500
18364,18364,2000
18365,18365,3000
18366,18366,2000
18367,18367,3000
18368,18368,1500
18369,18369,2500
18370,18370,2000
18371,18371,1500
18372,18372,2000
18373,18373,2000
18374,18374,2500
18375,18375,3000
18376,18376,1500
18377,18377,500
18378,18378,2500
18379,18379,3000
18380,18380,1500
18381,18381,3000
18382,18382,3000
18383,18383,2500
18384,18384,2500
18385,18385,1500
18386,18386,3000
18387,18387,3000
18388,18388,1500
18389,18389,1000
18390,18390,2000
18391,18391,3000
18392,18392,2500
18393,18393,2000
18394,18394,1500
18395,18395,2500
18396,18396,3000
18397,18397,1500
18398,18398,2500
18399,18399,500
18400,18400,500
18401,18401,500
18402,18402,1500
18403,18403,3000
18404,18404,1500
18405,18405,3000
18406,18406,3000
18407,18407,3000
18408,18408,3000
18409,18409,2000
18410,18410,3000
18411,18411,3000
18412,18412,1500
18413,18413,3000
18414,18414,1500
18415,18415,500
18416,18416,3000
18417,18417,2000
18418,18418,2000
18419,18419,1500
18420,18420,3000
18421,18421,1500
18422,18422,1500
18423,18423,3000
18424,18424,3000
18425,18425,1500
18426,18426,3000
18427,18427,3000
18428,18428,2500
18429,18429,3000
18430,18430,3000
18431,18431,3000
18432,18432,2000
18433,18433,2000
18434,18434,1000
18435,18435,2500
18436,18436,2500
18437,18437,3000
18438,18438,2500
18439,18439,3000
18440,18440,2000
18441,18441,1000
18442,18442,2000
18443,18443,500
18444,18444,3000
18445,18445,2500
18446,18446,3000
18447,18447,1500
18448,18448,3000
18449,18449,3000
18450,18450,500
18451,18451,1500
18452,18452,3000
18453,18453,3000
18454,18454,1500
18455,18455,2500
18456,18456,3000
18457,18457,3000
18458,18458,3000
18459,18459,500
18460,18460,500
18461,18461,2000
18462,18462,1500
18463,18463,1500
18464,18464,3000
18465,18465,2500
18466,18466,1500
18467,18467,3000
18468,18468,3000
18469,18469,1000
18470,18470,1500
18471,18471,2500
18472,18472,2000
18473,18473,2000
18474,18474,1000
18475,18475,1500
18476,18476,3000
18477,18477,1000
18478,18478,1500
18479,18479,500
18480,18480,3000
18481,18481,1500
18482,18482,3000
18483,18483,3000
18484,18484,500
18485,18485,2500
18486,18486,3000
18487,18487,2500
18488,18488,500
18489,18489,500
18490,18490,2500
18491,18491,500
18492,18492,1000
18493,18493,2000
18494,18494,2000
18495,18495,2500
18496,18496,3000
18497,18497,3000
18498,18498,1500
18499,18499,3000
18500,18500,3000
18501,18501,3000
18502,18502,2000
18503,18503,1000
18504,18504,3000
18505,18505,1500
18506,18506,1500
18507,18507,1500
18508,18508,1500
18509,18509,3000
18510,18510,3000
18511,18511,2500
18512,18512,3000
18513,18513,3000
18514,18514,1500
18515,18515,3000
18516,18516,3000
18517,18517,1500
18518,18518,1000
18519,18519,2500
18520,18520,1500
18521,18521,1000
18522,18522,3000
18523,18523,1000
18524,18524,3000
18525,18525,500
18526,18526,1500
18527,18527,500
18528,18528,3000
18529,18529,2500
18530,18530,2500
18531,18531,3000
18532,18532,1500
18533,18533,3000
18534,18534,1500
18535,18535,3000
18536,18536,1500
18537,18537,1500
18538,18538,2500
18539,18539,1000
18540,18540,1500
18541,18541,1500
18542,18542,2500
18543,18543,3000
18544,18544,1000
18545,18545,1000
18546,18546,2000
18547,18547,500
18548,18548,2500
18549,18549,2000
18550,18550,1500
18551,18551,2000
18552,18552,1000
18553,18553,3000
18554,18554,1500
18555,18555,3000
18556,18556,1500
18557,18557,1000
18558,18558,3000
18559,18559,2500
18560,18560,2500
18561,18561,1500
18562,18562,3000
18563,18563,1500
18564,18564,1500
18565,18565,3000
18566,18566,2000
18567,18567,1500
18568,18568,1000
18569,18569,500
18570,18570,1000
18571,18571,3000
18572,18572,500
18573,18573,1000
18574,18574,1500
18575,18575,500
18576,18576,3000
18577,18577,3000
18578,18578,1000
18579,18579,1000
18580,18580,500
18581,18581,1500
18582,18582,1500
18583,18583,3000
18584,18584,3000
18585,18585,1500
18586,18586,3000
18587,18587,3000
18588,18588,3000
18589,18589,500
18590,18590,500
18591,18591,1000
18592,18592,1500
18593,18593,1000
18594,18594,2500
18595,18595,3000
18596,18596,1500
18597,18597,1500
18598,18598,2500
18599,18599,3000
18600,18600,1000
18601,18601,3000
18602,18602,2000
18603,18603,1500
18604,18604,1500
18605,18605,2500
18606,18606,2000
18607,18607,1500
18608,18608,1500
18609,18609,2500
18610,18610,1000
18611,18611,3000
18612,18612,2500
18613,18613,2000
18614,18614,1500
18615,18615,2500
18616,18616,3000
18617,18617,3000
18618,18618,3000
18619,18619,2000
18620,18620,2000
18621,18621,2500
18622,18622,3000
18623,18623,1500
18624,18624,1000
18625,18625,2000
18626,18626,1500
18627,18627,2500
18628,18628,2500
18629,18629,500
18630,18630,2500
18631,18631,1000
18632,18632,3000
18633,18633,1000
18634,18634,3000
18635,18635,1500
18636,18636,1500
18637,18637,500
18638,18638,2000
18639,18639,2000
18640,18640,2500
18641,18641,2000
18642,18642,500
18643,18643,3000
18644,18644,3000
18645,18645,2500
18646,18646,1000
18647,18647,3000
18648,18648,1000
18649,18649,3000
18650,18650,2000
18651,18651,1500
18652,18652,1500
18653,18653,500
18654,18654,3000
18655,18655,2000
18656,18656,1500
18657,18657,3000
18658,18658,500
18659,18659,2000
18660,18660,1500
18661,18661,1500
18662,18662,1500
18663,18663,1000
18664,18664,1000
18665,18665,1000
18666,18666,3000
18667,18667,3000
18668,18668,500
18669,18669,3000
18670,18670,2500
18671,18671,3000
18672,18672,1500
18673,18673,3000
18674,18674,2500
18675,18675,3000
18676,18676,500
18677,18677,2500
18678,18678,3000
18679,18679,1500
18680,18680,1000
18681,18681,1000
18682,18682,3000
18683,18683,1500
18684,18684,3000
18685,18685,2000
18686,18686,3000
18687,18687,500
18688,18688,3000
18689,18689,2000
18690,18690,1500
18691,18691,3000
18692,18692,2500
18693,18693,1500
18694,18694,3000
18695,18695,3000
18696,18696,2500
18697,18697,1500
18698,18698,1500
18699,18699,500
18700,18700,500
18701,18701,1000
18702,18702,2000
18703,18703,1500
18704,18704,500
18705,18705,3000
18706,18706,1000
18707,18707,1000
18708,18708,3000
18709,18709,1500
18710,18710,1500
18711,18711,1500
18712,18712,2000
18713,18713,3000
18714,18714,3000
18715,18715,2000
18716,18716,3000
18717,18717,3000
18718,18718,2500
18719,18719,500
18720,18720,3000
18721,18721,3000
18722,18722,500
18723,18723,2000
18724,18724,1000
18725,18725,3000
18726,18726,1500
18727,18727,3000
18728,18728,1500
18729,18729,1500
18730,18730,3000
18731,18731,3000
18732,18732,1500
18733,18733,2500
18734,18734,500
18735,18735,500
18736,18736,1000
18737,18737,3000
18738,18738,500
18739,18739,500
18740,18740,1000
18741,18741,3000
18742,18742,3000
18743,18743,3000
18744,18744,500
18745,18745,3000
18746,18746,3000
18747,18747,2000
18748,18748,2500
18749,18749,3000
18750,18750,1500
18751,18751,1500
18752,18752,1000
18753,18753,3000
18754,18754,3000
18755,18755,1500
18756,18756,2000
18757,18757,500
18758,18758,3000
18759,18759,2500
18760,18760,1000
18761,18761,1000
18762,18762,2000
18763,18763,2000
18764,18764,1000
18765,18765,2500
18766,18766,500
18767,18767,1000
18768,18768,3000
18769,18769,2500
18770,18770,3000
18771,18771,1500
18772,18772,2500
18773,18773,1500
18774,18774,500
18775,18775,500
18776,18776,2000
18777,18777,2500
18778,18778,1500
18779,18779,3000
18780,18780,500
18781,18781,500
18782,18782,500
18783,18783,3000
18784,18784,1000
18785,18785,3000
18786,18786,2500
18787,18787,3000
18788,18788,3000
18789,18789,3000
18790,18790,2000
18791,18791,1000
18792,18792,3000
18793,18793,2000
18794,18794,1500
18795,18795,1000
18796,18796,3000
18797,18797,2500
18798,18798,3000
18799,18799,1500
18800,18800,2500
18801,18801,3000
18802,18802,3000
18803,18803,2500
18804,18804,2000
18805,18805,1000
18806,18806,1500
18807,18807,3000
18808,18808,3000
18809,18809,2500
18810,18810,3000
18811,18811,500
18812,18812,1000
18813,18813,3000
18814,18814,3000
18815,18815,1500
18816,18816,1000
18817,18817,2000
18818,18818,1500
18819,18819,1000
18820,18820,2000
18821,18821,3000
18822,18822,1500
18823,18823,3000
18824,18824,3000
18825,18825,3000
18826,18826,3000
18827,18827,3000
18828,18828,3000
18829,18829,3000
18830,18830,3000
18831,18831,2500
18832,18832,2000
18833,18833,2500
18834,18834,1500
18835,18835,2000
18836,18836,2000
18837,18837,3000
18838,18838,1500
18839,18839,3000
18840,18840,1500
18841,18841,1000
18842,18842,3000
18843,18843,2500
18844,18844,1500
18845,18845,1500
18846,18846,3000
18847,18847,2000
18848,18848,2500
18849,18849,1500
18850,18850,1000
18851,18851,1000
18852,18852,3000
18853,18853,2500
18854,18854,3000
18855,18855,3000
18856,18856,500
18857,18857,1500
18858,18858,3000
18859,18859,3000
18860,18860,3000
18861,18861,3000
18862,18862,1500
18863,18863,3000
18864,18864,3000
18865,18865,3000
18866,18866,3000
18867,18867,3000
18868,18868,3000
18869,18869,3000
18870,18870,3000
18871,18871,500
18872,18872,2000
18873,18873,3000
18874,18874,3000
18875,18875,3000
18876,18876,1500
18877,18877,2500
18878,18878,3000
18879,18879,3000
18880,18880,3000
18881,18881,1500
18882,18882,1500
18883,18883,1500
18884,18884,1500
18885,18885,2500
18886,18886,2000
18887,18887,500
18888,18888,2500
18889,18889,1500
18890,18890,3000
18891,18891,500
18892,18892,3000
18893,18893,3000
18894,18894,1500
18895,18895,1500
18896,18896,3000
18897,18897,1500
18898,18898,1000
18899,18899,3000
18900,18900,2500
18901,18901,2000
18902,18902,3000
18903,18903,1500
18904,18904,1500
18905,18905,3000
18906,18906,3000
18907,18907,2500
18908,18908,1500
18909,18909,3000
18910,18910,3000
18911,18911,1500
18912,18912,3000
18913,18913,3000
18914,18914,2000
18915,18915,1500
18916,18916,1500
18917,18917,1500
18918,18918,1000
18919,18919,3000
18920,18920,3000
18921,18921,3000
18922,18922,2000
18923,18923,2000
18924,18924,2000
18925,18925,1000
18926,18926,500
18927,18927,1000
18928,18928,500
18929,18929,1000
18930,18930,3000
18931,18931,1500
18932,18932,3000
18933,18933,3000
18934,18934,500
18935,18935,2500
18936,18936,2000
18937,18937,3000
18938,18938,3000
18939,18939,1500
18940,18940,1500
18941,18941,500
18942,18942,3000
18943,18943,3000
18944,18944,1000
18945,18945,1500
18946,18946,3000
18947,18947,1500
18948,18948,1500
18949,18949,2500
18950,18950,2500
18951,18951,1000
18952,18952,3000
18953,18953,1500
18954,18954,3000
18955,18955,3000
18956,18956,1000
18957,18957,1500
18958,18958,2500
18959,18959,3000
18960,18960,3000
18961,18961,1500
18962,18962,3000
18963,18963,3000
18964,18964,2500
18965,18965,2000
18966,18966,1500
18967,18967,3000
18968,18968,1000
18969,18969,1500
18970,18970,1000
18971,18971,3000
18972,18972,500
18973,18973,3000
18974,18974,500
18975,18975,3000
18976,18976,1500
18977,18977,3000
18978,18978,3000
18979,18979,2000
18980,18980,2000
18981,18981,3000
18982,18982,2500
18983,18983,3000
18984,18984,2500
18985,18985,3000
18986,18986,3000
18987,18987,2000
18988,18988,3000
18989,18989,3000
18990,18990,1500
18991,18991,3000
18992,18992,1500
18993,18993,500
18994,18994,1500
18995,18995,2000
18996,18996,1500
18997,18997,3000
18998,18998,3000
18999,18999,3000
19000,19000,1500
19001,19001,500
19002,19002,3000
19003,19003,2500
19004,19004,500
19005,19005,500
19006,19006,2000
19007,19007,2500
19008,19008,2500
19009,19009,2000
19010,19010,1000
19011,19011,1500
19012,19012,2000
19013,19013,1500
19014,19014,3000
19015,19015,3000
19016,19016,3000
19017,19017,2000
19018,19018,3000
19019,19019,3000
19020,19020,2000
19021,19021,1500
19022,19022,1500
19023,19023,2500
19024,19024,1500
19025,19025,2000
19026,19026,1000
19027,19027,3000
19028,19028,2500
19029,19029,1000
19030,19030,2500
19031,19031,1000
19032,19032,3000
19033,19033,3000
19034,19034,3000
19035,19035,2000
19036,19036,1500
19037,19037,2000
19038,19038,2500
19039,19039,3000
19040,19040,3000
19041,19041,1000
19042,19042,3000
19043,19043,3000
19044,19044,3000
19045,19045,1000
19046,19046,3000
19047,19047,3000
19048,19048,3000
19049,19049,1000
19050,19050,3000
19051,19051,3000
19052,19052,3000
19053,19053,3000
19054,19054,3000
19055,19055,1500
19056,19056,1500
19057,19057,3000
19058,19058,1000
19059,19059,3000
19060,19060,1500
19061,19061,1500
19062,19062,2500
19063,19063,2500
19064,19064,1000
19065,19065,3000
19066,19066,500
19067,19067,500
19068,19068,2500
19069,19069,1000
19070,19070,2000
19071,19071,2500
19072,19072,2000
19073,19073,1500
19074,19074,500
19075,19075,3000
19076,19076,500
19077,19077,3000
19078,19078,2000
19079,19079,3000
19080,19080,3000
19081,19081,3000
19082,19082,2500
19083,19083,1000
19084,19084,1500
19085,19085,1500
19086,19086,1500
19087,19087,2500
19088,19088,3000
19089,19089,500
19090,19090,3000
19091,19091,1500
19092,19092,2500
19093,19093,3000
19094,19094,1000
19095,19095,3000
19096,19096,1500
19097,19097,3000
19098,19098,2000
19099,19099,3000
19100,19100,3000
19101,19101,500
19102,19102,3000
19103,19103,2000
19104,19104,1500
19105,19105,500
19106,19106,1500
19107,19107,3000
19108,19108,1500
19109,19109,2500
19110,19110,2000
19111,19111,1500
19112,19112,1500
19113,19113,1500
19114,19114,3000
19115,19115,500
19116,19116,2500
19117,19117,500
19118,19118,3000
19119,19119,3000
19120,19120,2500
19121,19121,1500
19122,19122,500
19123,19123,3000
19124,19124,2500
19125,19125,2500
19126,19126,2000
19127,19127,1500
19128,19128,2000
19129,19129,1000
19130,19130,1000
19131,19131,1500
19132,19132,1500
19133,19133,1500
19134,19134,2000
19135,19135,2500
19136,19136,3000
19137,19137,1500
19138,19138,1500
19139,19139,3000
19140,19140,1500
19141,19141,3000
19142,19142,1000
19143,19143,500
19144,19144,3000
19145,19145,1000
19146,19146,3000
19147,19147,3000
19148,19148,3000
19149,19149,1500
19150,19150,3000
19151,19151,1500
19152,19152,1500
19153,19153,2500
19154,19154,2000
19155,19155,1000
19156,19156,500
19157,19157,3000
19158,19158,500
19159,19159,1500
19160,19160,1500
19161,19161,2500
19162,19162,1500
19163,19163,2500
19164,19164,1000
19165,19165,3000
19166,19166,2500
19167,19167,3000
19168,19168,1500
19169,19169,3000
19170,19170,3000
19171,19171,3000
19172,19172,2000
19173,19173,2000
19174,19174,3000
19175,19175,3000
19176,19176,1500
19177,19177,2500
19178,19178,2000
19179,19179,1500
19180,19180,3000
19181,19181,500
19182,19182,500
19183,19183,3000
19184,19184,1500
19185,19185,3000
19186,19186,3000
19187,19187,1000
19188,19188,3000
19189,19189,1500
19190,19190,3000
19191,19191,3000
19192,19192,2500
19193,19193,2000
19194,19194,1500
19195,19195,1000
19196,19196,1000
19197,19197,1500
19198,19198,1000
19199,19199,2000
19200,19200,3000
19201,19201,2000
19202,19202,3000
19203,19203,3000
19204,19204,3000
19205,19205,3000
19206,19206,2000
19207,19207,500
19208,19208,500
19209,19209,3000
19210,19210,1500
19211,19211,3000
19212,19212,3000
19213,19213,3000
19214,19214,2000
19215,19215,1500
19216,19216,1500
19217,19217,3000
19218,19218,3000
19219,19219,2000
19220,19220,2500
19221,19221,3000
19222,19222,3000
19223,19223,3000
19224,19224,3000
19225,19225,1500
19226,19226,2000
19227,19227,1500
19228,19228,3000
19229,19229,500
19230,19230,3000
19231,19231,1500
19232,19232,3000
19233,19233,1500
19234,19234,3000
19235,19235,1500
19236,19236,500
19237,19237,3000
19238,19238,3000
19239,19239,2000
19240,19240,3000
19241,19241,3000
19242,19242,3000
19243,19243,3000
19244,19244,3000
19245,19245,1500
19246,19246,2000
19247,19247,2500
19248,19248,3000
19249,19249,2500
19250,19250,3000
19251,19251,3000
19252,19252,3000
19253,19253,2000
19254,19254,3000
19255,19255,3000
19256,19256,2000
19257,19257,500
19258,19258,3000
19259,19259,1000
19260,19260,3000
19261,19261,1000
19262,19262,2500
19263,19263,3000
19264,19264,3000
19265,19265,3000
19266,19266,500
19267,19267,1500
19268,19268,500
19269,19269,2500
19270,19270,500
19271,19271,3000
19272,19272,500
19273,19273,1000
19274,19274,1500
19275,19275,2000
19276,19276,1500
19277,19277,2000
19278,19278,2500
19279,19279,2500
19280,19280,1500
19281,19281,500
19282,19282,1000
19283,19283,2000
19284,19284,3000
19285,19285,3000
19286,19286,1500
19287,19287,3000
19288,19288,1000
19289,19289,2500
19290,19290,3000
19291,19291,1000
19292,19292,3000
19293,19293,2500
19294,19294,2000
19295,19295,3000
19296,19296,1500
19297,19297,1500
19298,19298,3000
19299,19299,2000
19300,19300,500
19301,19301,1500
19302,19302,1500
19303,19303,3000
19304,19304,1500
19305,19305,1500
19306,19306,3000
19307,19307,1500
19308,19308,1500
19309,19309,500
19310,19310,1000
19311,19311,3000
19312,19312,1500
19313,19313,2500
19314,19314,3000
19315,19315,1500
19316,19316,3000
19317,19317,1500
19318,19318,3000
19319,19319,3000
19320,19320,3000
19321,19321,3000
19322,19322,3000
19323,19323,500
19324,19324,500
19325,19325,1500
19326,19326,2000
19327,19327,3000
19328,19328,2000
19329,19329,500
19330,19330,3000
19331,19331,3000
19332,19332,1500
19333,19333,2500
19334,19334,3000
19335,19335,500
19336,19336,1500
19337,19337,3000
19338,19338,1500
19339,19339,3000
19340,19340,3000
19341,19341,1500
19342,19342,2500
19343,19343,3000
19344,19344,2000
19345,19345,2500
19346,19346,2000
19347,19347,2000
19348,19348,2000
19349,19349,3000
19350,19350,1000
19351,19351,3000
19352,19352,500
19353,19353,2500
19354,19354,2500
19355,19355,3000
19356,19356,500
19357,19357,1500
19358,19358,3000
19359,19359,1000
19360,19360,2500
19361,19361,3000
19362,19362,500
19363,19363,1500
19364,19364,2000
19365,19365,2000
19366,19366,1000
19367,19367,3000
19368,19368,1000
19369,19369,1500
19370,19370,2000
19371,19371,3000
19372,19372,3000
19373,19373,3000
19374,19374,2500
19375,19375,500
19376,19376,3000
19377,19377,1500
19378,19378,1500
19379,19379,3000
19380,19380,2500
19381,19381,1000
19382,19382,3000
19383,19383,1500
19384,19384,2000
19385,19385,1000
19386,19386,3000
19387,19387,3000
19388,19388,1000
19389,19389,1500
19390,19390,3000
19391,19391,2000
19392,19392,3000
19393,19393,3000
19394,19394,1000
19395,19395,3000
19396,19396,3000
19397,19397,3000
19398,19398,2000
19399,19399,1500
19400,19400,1500
19401,19401,2000
19402,19402,3000
19403,19403,3000
19404,19404,2500
19405,19405,3000
19406,19406,3000
19407,19407,2000
19408,19408,3000
19409,19409,1000
19410,19410,3000
19411,19411,2500
19412,19412,1500
19413,19413,3000
19414,19414,2000
19415,19415,500
19416,19416,2000
19417,19417,1500
19418,19418,1500
19419,19419,2500
19420,19420,2000
19421,19421,1500
19422,19422,2000
19423,19423,3000
19424,19424,1500
19425,19425,3000
19426,19426,3000
19427,19427,500
19428,19428,3000
19429,19429,3000
19430,19430,1500
19431,19431,500
19432,19432,2500
19433,19433,3000
19434,19434,500
19435,19435,1000
19436,19436,1500
19437,19437,500
19438,19438,500
19439,19439,1500
19440,19440,3000
19441,19441,500
19442,19442,3000
19443,19443,1500
19444,19444,2500
19445,19445,500
19446,19446,2500
19447,19447,3000
19448,19448,3000
19449,19449,500
19450,19450,1000
19451,19451,2000
19452,19452,2000
19453,19453,500
19454,19454,3000
19455,19455,2000
19456,19456,1500
19457,19457,3000
19458,19458,1500
19459,19459,1500
19460,19460,2000
19461,19461,2000
19462,19462,500
19463,19463,3000
19464,19464,1500
19465,19465,500
19466,19466,3000
19467,19467,1500
19468,19468,3000
19469,19469,3000
19470,19470,1000
19471,19471,3000
19472,19472,500
19473,19473,2500
19474,19474,1500
19475,19475,2000
19476,19476,3000
19477,19477,3000
19478,19478,2500
19479,19479,3000
19480,19480,2500
19481,19481,2500
19482,19482,2500
19483,19483,1500
19484,19484,500
19485,19485,2000
19486,19486,3000
19487,19487,2000
19488,19488,500
19489,19489,500
19490,19490,1500
19491,19491,3000
19492,19492,2000
19493,19493,2500
19494,19494,1000
19495,19495,1500
19496,19496,3000
19497,19497,1500
19498,19498,1500
19499,19499,500
19500,19500,1500
19501,19501,1500
19502,19502,1500
19503,19503,3000
19504,19504,1000
19505,19505,1000
19506,19506,1500
19507,19507,500
19508,19508,500
19509,19509,3000
19510,19510,500
19511,19511,3000
19512,19512,3000
19513,19513,3000
19514,19514,2500
19515,19515,2500
19516,19516,1500
19517,19517,3000
19518,19518,3000
19519,19519,1500
19520,19520,3000
19521,19521,2000
19522,19522,500
19523,19523,3000
19524,19524,1000
19525,19525,500
19526,19526,3000
19527,19527,3000
19528,19528,1000
19529,19529,1000
19530,19530,2500
19531,19531,1500
19532,19532,3000
19533,19533,2500
19534,19534,3000
19535,19535,1500
19536,19536,3000
19537,19537,2000
19538,19538,3000
19539,19539,3000
19540,19540,3000
19541,19541,1500
19542,19542,1500
19543,19543,3000
19544,19544,2000
19545,19545,2500
19546,19546,3000
19547,19547,1000
19548,19548,2500
19549,19549,3000
19550,19550,3000
19551,19551,3000
19552,19552,500
19553,19553,1000
19554,19554,3000
19555,19555,3000
19556,19556,3000
19557,19557,2000
19558,19558,1500
19559,19559,3000
19560,19560,1500
19561,19561,3000
19562,19562,2500
19563,19563,3000
19564,19564,1000
19565,19565,3000
19566,19566,1500
19567,19567,3000
19568,19568,3000
19569,19569,3000
19570,19570,3000
19571,19571,1000
19572,19572,3000
19573,19573,500
19574,19574,2500
19575,19575,2500
19576,19576,3000
19577,19577,3000
19578,19578,2500
19579,19579,2500
19580,19580,1500
19581,19581,500
19582,19582,1000
19583,19583,3000
19584,19584,2500
19585,19585,500
19586,19586,1500
19587,19587,3000
19588,19588,2000
19589,19589,500
19590,19590,3000
19591,19591,2000
19592,19592,2000
19593,19593,1500
19594,19594,2000
19595,19595,500
19596,19596,500
19597,19597,3000
19598,19598,1500
19599,19599,1500
19600,19600,1000
19601,19601,3000
19602,19602,3000
19603,19603,1500
19604,19604,1500
19605,19605,1000
19606,19606,1500
19607,19607,3000
19608,19608,3000
19609,19609,500
19610,19610,2000
19611,19611,2500
19612,19612,1500
19613,19613,1000
19614,19614,1000
19615,19615,1500
19616,19616,500
19617,19617,2000
19618,19618,3000
19619,19619,3000
19620,19620,3000
19621,19621,1000
19622,19622,1500
19623,19623,1500
19624,19624,1500
19625,19625,2000
19626,19626,2500
19627,19627,2500
19628,19628,500
19629,19629,3000
19630,19630,1000
19631,19631,1500
19632,19632,2000
19633,19633,2000
19634,19634,3000
19635,19635,500
19636,19636,3000
19637,19637,3000
19638,19638,500
19639,19639,3000
19640,19640,3000
19641,19641,500
19642,19642,3000
19643,19643,1000
19644,19644,1500
19645,19645,1500
19646,19646,1500
19647,19647,3000
19648,19648,1500
19649,19649,2500
19650,19650,3000
19651,19651,2000
19652,19652,1500
19653,19653,3000
19654,19654,1500
19655,19655,3000
19656,19656,1000
19657,19657,2000
19658,19658,500
19659,19659,2000
19660,19660,1000
19661,19661,1500
19662,19662,500
19663,19663,2000
19664,19664,2500
19665,19665,1500
19666,19666,1000
19667,19667,3000
19668,19668,1500
19669,19669,1000
19670,19670,1500
19671,19671,1500
19672,19672,500
19673,19673,1000
19674,19674,3000
19675,19675,1000
19676,19676,2500
19677,19677,3000
19678,19678,3000
19679,19679,500
19680,19680,2000
19681,19681,3000
19682,19682,500
19683,19683,3000
19684,19684,3000
19685,19685,500
19686,19686,2000
19687,19687,500
19688,19688,3000
19689,19689,3000
19690,19690,1500
19691,19691,3000
19692,19692,500
19693,19693,1500
19694,19694,1500
19695,19695,3000
19696,19696,3000
19697,19697,3000
19698,19698,3000
19699,19699,2500
19700,19700,3000
19701,19701,3000
19702,19702,1000
19703,19703,2000
19704,19704,3000
19705,19705,3000
19706,19706,1000
19707,19707,2500
19708,19708,1500
19709,19709,1500
19710,19710,1500
19711,19711,1000
19712,19712,1500
19713,19713,2000
19714,19714,1500
19715,19715,1500
19716,19716,2000
19717,19717,1500
19718,19718,1000
19719,19719,2500
19720,19720,500
19721,19721,1500
19722,19722,1000
19723,19723,1500
19724,19724,3000
19725,19725,500
19726,19726,2000
19727,19727,1000
19728,19728,1000
19729,19729,2500
19730,19730,3000
19731,19731,1500
19732,19732,2000
19733,19733,2500
19734,19734,1500
19735,19735,3000
19736,19736,3000
19737,19737,500
19738,19738,1500
19739,19739,500
19740,19740,500
19741,19741,1500
19742,19742,1500
19743,19743,1500
19744,19744,3000
19745,19745,2500
19746,19746,3000
19747,19747,1500
19748,19748,3000
19749,19749,1500
19750,19750,2000
19751,19751,3000
19752,19752,1000
19753,19753,500
19754,19754,2500
19755,19755,3000
19756,19756,1500
19757,19757,3000
19758,19758,3000
19759,19759,3000
19760,19760,1500
19761,19761,1500
19762,19762,2000
19763,19763,1500
19764,19764,1500
19765,19765,500
19766,19766,2000
19767,19767,2500
19768,19768,1500
19769,19769,2000
19770,19770,1500
19771,19771,500
19772,19772,3000
19773,19773,1500
19774,19774,1000
19775,19775,1000
19776,19776,500
19777,19777,500
19778,19778,3000
19779,19779,3000
19780,19780,500
19781,19781,2500
19782,19782,1500
19783,19783,2500
19784,19784,3000
19785,19785,3000
19786,19786,2000
19787,19787,500
19788,19788,500
19789,19789,2000
19790,19790,2500
19791,19791,500
19792,19792,2000
19793,19793,1500
19794,19794,2000
19795,19795,3000
19796,19796,3000
19797,19797,2500
19798,19798,3000
19799,19799,2000
19800,19800,3000
19801,19801,2500
19802,19802,1000
19803,19803,3000
19804,19804,2000
19805,19805,3000
19806,19806,1000
19807,19807,3000
19808,19808,1000
19809,19809,2000
19810,19810,3000
19811,19811,3000
19812,19812,3000
19813,19813,1500
19814,19814,3000
19815,19815,1500
19816,19816,1000
19817,19817,3000
19818,19818,3000
19819,19819,500
19820,19820,500
19821,19821,3000
19822,19822,2000
19823,19823,2500
19824,19824,3000
19825,19825,3000
19826,19826,1500
19827,19827,3000
19828,19828,2000
19829,19829,1500
19830,19830,1500
19831,19831,1500
19832,19832,3000
19833,19833,500
19834,19834,3000
19835,19835,1000
19836,19836,500
19837,19837,3000
19838,19838,2000
19839,19839,2500
19840,19840,1500
19841,19841,3000
19842,19842,500
19843,19843,500
19844,19844,1000
19845,19845,500
19846,19846,1000
19847,19847,1500
19848,19848,2000
19849,19849,1500
19850,19850,3000
19851,19851,2000
19852,19852,1500
19853,19853,3000
19854,19854,2000
19855,19855,2000
19856,19856,3000
19857,19857,2000
19858,19858,2000
19859,19859,3000
19860,19860,3000
19861,19861,2500
19862,19862,1500
19863,19863,1500
19864,19864,3000
19865,19865,2000
19866,19866,3000
19867,19867,2500
19868,19868,1000
19869,19869,1000
19870,19870,3000
19871,19871,2000
19872,19872,1000
19873,19873,2500
19874,19874,3000
19875,19875,1500
19876,19876,3000
19877,19877,1000
19878,19878,3000
19879,19879,2000
19880,19880,500
19881,19881,3000
19882,19882,2000
19883,19883,2000
19884,19884,1500
19885,19885,3000
19886,19886,2500
19887,19887,2500
19888,19888,2500
19889,19889,2500
19890,19890,1000
19891,19891,3000
19892,19892,1500
19893,19893,2000
19894,19894,3000
19895,19895,1000
19896,19896,500
19897,19897,1500
19898,19898,1000
19899,19899,3000
19900,19900,2500
19901,19901,3000
19902,19902,1500
19903,19903,1500
19904,19904,1500
19905,19905,1000
19906,19906,1000
19907,19907,1000
19908,19908,3000
19909,19909,3000
19910,19910,3000
19911,19911,3000
19912,19912,1500
19913,19913,1500
19914,19914,500
19915,19915,500
19916,19916,3000
19917,19917,500
19918,19918,3000
19919,19919,3000
19920,19920,3000
19921,19921,3000
19922,19922,500
19923,19923,1000
19924,19924,1500
19925,19925,1500
19926,19926,3000
19927,19927,3000
19928,19928,1500
19929,19929,1500
19930,19930,1500
19931,19931,1500
19932,19932,500
19933,19933,3000
19934,19934,2000
19935,19935,3000
19936,19936,3000
19937,19937,3000
19938,19938,3000
19939,19939,3000
19940,19940,1500
19941,19941,1000
19942,19942,2000
19943,19943,3000
19944,19944,3000
19945,19945,500
19946,19946,3000
19947,19947,500
19948,19948,1500
19949,19949,500
19950,19950,3000
19951,19951,2500
19952,19952,500
19953,19953,1500
19954,19954,1500
19955,19955,3000
19956,19956,1500
19957,19957,2000
19958,19958,2000
19959,19959,3000
19960,19960,3000
19961,19961,1500
19962,19962,3000
19963,19963,1500
19964,19964,2000
19965,19965,3000
19966,19966,3000
19967,19967,2000
19968,19968,500
19969,19969,2000
19970,19970,3000
19971,19971,3000
19972,19972,500
19973,19973,1000
19974,19974,1500
19975,19975,2500
19976,19976,2500
19977,19977,3000
19978,19978,3000
19979,19979,3000
19980,19980,1500
19981,19981,2000
19982,19982,2500
19983,19983,1500
19984,19984,2000
19985,19985,2500
19986,19986,1500
19987,19987,2000
19988,19988,1500
19989,19989,500
19990,19990,3000
19991,19991,500
19992,19992,2500
19993,19993,500
19994,19994,3000
19995,19995,500
19996,19996,2500
19997,19997,3000
19998,19998,1500
19999,19999,500
20000,20000,1000
20001,20001,3000
20002,20002,1500
20003,20003,3000
20004,20004,2500
20005,20005,3000
20006,20006,1500
20007,20007,2500
20008,20008,1500
20009,20009,3000
20010,20010,1500
20011,20011,3000
20012,20012,3000
20013,20013,3000
20014,20014,1500
20015,20015,3000
20016,20016,3000
20017,20017,1000
20018,20018,3000
20019,20019,3000
20020,20020,2500
20021,20021,2000
20022,20022,3000
20023,20023,1000
20024,20024,3000
20025,20025,1500
20026,20026,1500
20027,20027,2500
20028,20028,2000
20029,20029,1500
20030,20030,2500
20031,20031,2500
20032,20032,1500
20033,20033,1500
20034,20034,3000
20035,20035,1500
20036,20036,3000
20037,20037,2000
20038,20038,1500
20039,20039,2000
20040,20040,3000
20041,20041,2500
20042,20042,2500
20043,20043,500
20044,20044,1500
20045,20045,500
20046,20046,1500
20047,20047,2500
20048,20048,1000
20049,20049,3000
20050,20050,2500
20051,20051,3000
20052,20052,3000
20053,20053,1500
20054,20054,1500
20055,20055,3000
20056,20056,500
20057,20057,1500
20058,20058,500
20059,20059,2500
20060,20060,3000
20061,20061,1500
20062,20062,500
20063,20063,1500
20064,20064,3000
20065,20065,1000
20066,20066,1500
20067,20067,1000
20068,20068,1500
20069,20069,1500
20070,20070,1500
20071,20071,1000
20072,20072,1500
20073,20073,3000
20074,20074,1500
20075,20075,3000
20076,20076,2500
20077,20077,3000
20078,20078,1000
20079,20079,500
20080,20080,1000
20081,20081,1000
20082,20082,3000
20083,20083,2000
20084,20084,3000
20085,20085,1500
20086,20086,3000
20087,20087,1500
20088,20088,2500
20089,20089,1500
20090,20090,1000
20091,20091,2000
20092,20092,1500
20093,20093,1500
20094,20094,3000
20095,20095,1500
20096,20096,3000
20097,20097,2500
20098,20098,3000
20099,20099,3000
20100,20100,500
20101,20101,3000
20102,20102,3000
20103,20103,1500
20104,20104,2000
20105,20105,2500
20106,20106,2000
20107,20107,3000
20108,20108,3000
20109,20109,1500
20110,20110,3000
20111,20111,1000
20112,20112,1500
20113,20113,1500
20114,20114,1500
20115,20115,3000
20116,20116,1500
20117,20117,500
20118,20118,1000
20119,20119,3000
20120,20120,2000
20121,20121,1500
20122,20122,1500
20123,20123,1500
20124,20124,3000
20125,20125,3000
20126,20126,2000
20127,20127,2000
20128,20128,2500
20129,20129,1500
20130,20130,1500
20131,20131,1000
20132,20132,3000
20133,20133,3000
20134,20134,2000
20135,20135,2500
20136,20136,3000
20137,20137,3000
20138,20138,3000
20139,20139,2000
20140,20140,3000
20141,20141,3000
20142,20142,3000
20143,20143,3000
20144,20144,1500
20145,20145,1500
20146,20146,3000
20147,20147,3000
20148,20148,2000
20149,20149,1500
20150,20150,3000
20151,20151,3000
20152,20152,1500
20153,20153,2500
20154,20154,3000
20155,20155,1500
20156,20156,3000
20157,20157,1000
20158,20158,1000
20159,20159,3000
20160,20160,3000
20161,20161,3000
20162,20162,1500
20163,20163,3000
20164,20164,500
20165,20165,1500
20166,20166,500
20167,20167,2500
20168,20168,3000
20169,20169,3000
20170,20170,3000
20171,20171,2000
20172,20172,2000
20173,20173,500
20174,20174,500
20175,20175,3000
20176,20176,2500
20177,20177,3000
20178,20178,3000
20179,20179,3000
20180,20180,3000
20181,20181,3000
20182,20182,1500
20183,20183,1500
20184,20184,2500
20185,20185,3000
20186,20186,1500
20187,20187,3000
20188,20188,2000
20189,20189,500
20190,20190,1500
20191,20191,1500
20192,20192,2500
20193,20193,3000
20194,20194,3000
20195,20195,1000
20196,20196,1000
20197,20197,1000
20198,20198,1500
20199,20199,3000
20200,20200,2500
20201,20201,500
20202,20202,3000
20203,20203,3000
20204,20204,3000
20205,20205,3000
20206,20206,3000
20207,20207,500
20208,20208,3000
20209,20209,2500
20210,20210,500
20211,20211,2500
20212,20212,2000
20213,20213,500
20214,20214,1500
20215,20215,1500
20216,20216,1000
20217,20217,2500
20218,20218,3000
20219,20219,1000
20220,20220,1500
20221,20221,3000
20222,20222,2000
20223,20223,1000
20224,20224,3000
20225,20225,1500
20226,20226,2500
20227,20227,500
20228,20228,2000
20229,20229,3000
20230,20230,1500
20231,20231,3000
20232,20232,2500
20233,20233,1000
20234,20234,1500
20235,20235,1000
20236,20236,1000
20237,20237,2500
20238,20238,1500
20239,20239,1500
20240,20240,1000
20241,20241,1000
20242,20242,500
20243,20243,3000
20244,20244,500
20245,20245,2500
20246,20246,2000
20247,20247,2000
20248,20248,3000
20249,20249,3000
20250,20250,1500
20251,20251,3000
20252,20252,2000
20253,20253,3000
20254,20254,3000
20255,20255,1500
20256,20256,500
20257,20257,1500
20258,20258,1500
20259,20259,1000
20260,20260,1500
20261,20261,1500
20262,20262,1500
20263,20263,1500
20264,20264,1500
20265,20265,1500
20266,20266,2500
20267,20267,2000
20268,20268,3000
20269,20269,1500
20270,20270,3000
20271,20271,3000
20272,20272,3000
20273,20273,1500
20274,20274,2500
20275,20275,3000
20276,20276,1500
20277,20277,2000
20278,20278,3000
20279,20279,3000
20280,20280,1500
20281,20281,2000
20282,20282,2000
20283,20283,3000
20284,20284,1500
20285,20285,1500
20286,20286,1500
20287,20287,1500
20288,20288,1500
20289,20289,3000
20290,20290,3000
20291,20291,1500
20292,20292,2500
20293,20293,500
20294,20294,3000
20295,20295,1500
20296,20296,3000
20297,20297,3000
20298,20298,2500
20299,20299,2000
20300,20300,3000
20301,20301,1500
20302,20302,2000
20303,20303,500
20304,20304,1500
20305,20305,3000
20306,20306,3000
20307,20307,500
20308,20308,3000
20309,20309,1500
20310,20310,3000
20311,20311,2000
20312,20312,3000
20313,20313,1500
20314,20314,1500
20315,20315,2000
20316,20316,3000
20317,20317,1500
20318,20318,1500
20319,20319,3000
20320,20320,1000
20321,20321,1500
20322,20322,2000
20323,20323,1000
20324,20324,1500
20325,20325,3000
20326,20326,500
20327,20327,3000
20328,20328,2500
20329,20329,2000
20330,20330,3000
20331,20331,1500
20332,20332,3000
20333,20333,500
20334,20334,2500
20335,20335,2000
20336,20336,3000
20337,20337,3000
20338,20338,2500
20339,20339,3000
20340,20340,1500
20341,20341,3000
20342,20342,500
20343,20343,2500
20344,20344,1500
20345,20345,3000
20346,20346,1500
20347,20347,3000
20348,20348,3000
20349,20349,1000
20350,20350,500
20351,20351,1000
20352,20352,1500
20353,20353,3000
20354,20354,2000
20355,20355,3000
20356,20356,500
20357,20357,500
20358,20358,3000
20359,20359,3000
20360,20360,2000
20361,20361,500
20362,20362,3000
20363,20363,1000
20364,20364,1000
20365,20365,2000
20366,20366,2000
20367,20367,3000
20368,20368,500
20369,20369,3000
20370,20370,2500
20371,20371,3000
20372,20372,2000
20373,20373,1000
20374,20374,2000
20375,20375,2500
20376,20376,3000
20377,20377,2000
20378,20378,3000
20379,20379,500
20380,20380,3000
20381,20381,1500
20382,20382,3000
20383,20383,3000
20384,20384,3000
20385,20385,500
20386,20386,3000
20387,20387,1500
20388,20388,3000
20389,20389,3000
20390,20390,3000
20391,20391,3000
20392,20392,1000
20393,20393,2000
20394,20394,1500
20395,20395,500
20396,20396,2500
20397,20397,1000
20398,20398,3000
20399,20399,3000
20400,20400,1000
20401,20401,3000
20402,20402,2000
20403,20403,2500
20404,20404,500
20405,20405,3000
20406,20406,3000
20407,20407,500
20408,20408,1500
20409,20409,3000
20410,20410,1500
20411,20411,500
20412,20412,500
20413,20413,1500
20414,20414,2500
20415,20415,1500
20416,20416,2500
20417,20417,3000
20418,20418,500
20419,20419,1500
20420,20420,2500
20421,20421,2500
20422,20422,3000
20423,20423,1500
20424,20424,2000
20425,20425,3000
20426,20426,500
20427,20427,3000
20428,20428,1000
20429,20429,500
20430,20430,3000
20431,20431,1500
20432,20432,2000
20433,20433,3000
20434,20434,2500
20435,20435,3000
20436,20436,3000
20437,20437,1000
20438,20438,3000
20439,20439,3000
20440,20440,500
20441,20441,3000
20442,20442,3000
20443,20443,500
20444,20444,1500
20445,20445,1500
20446,20446,1500
20447,20447,1500
20448,20448,1000
20449,20449,500
20450,20450,3000
20451,20451,3000
20452,20452,3000
20453,20453,500
20454,20454,2500
20455,20455,3000
20456,20456,500
20457,20457,1500
20458,20458,1000
20459,20459,500
20460,20460,2500
20461,20461,3000
20462,20462,2000
20463,20463,2500
20464,20464,1500
20465,20465,2500
20466,20466,3000
20467,20467,3000
20468,20468,3000
20469,20469,2000
20470,20470,1500
20471,20471,1500
20472,20472,3000
20473,20473,1500
20474,20474,1000
20475,20475,3000
20476,20476,2000
20477,20477,3000
20478,20478,2000
20479,20479,2500
20480,20480,1000
20481,20481,2500
20482,20482,1500
20483,20483,1500
20484,20484,500
20485,20485,3000
20486,20486,2500
20487,20487,3000
20488,20488,1000
20489,20489,500
20490,20490,1000
20491,20491,1000
20492,20492,3000
20493,20493,1500
20494,20494,1500
20495,20495,2500
20496,20496,3000
20497,20497,3000
20498,20498,500
20499,20499,1500
20500,20500,2000
20501,20501,3000
20502,20502,1500
20503,20503,3000
20504,20504,1500
20505,20505,1000
20506,20506,1500
20507,20507,2500
20508,20508,500
20509,20509,3000
20510,20510,2000
20511,20511,1000
20512,20512,3000
20513,20513,1500
20514,20514,2000
20515,20515,500
20516,20516,1000
20517,20517,3000
20518,20518,3000
20519,20519,2500
20520,20520,1500
20521,20521,1500
20522,20522,3000
20523,20523,2000
20524,20524,3000
20525,20525,500
20526,20526,3000
20527,20527,2500
20528,20528,500
20529,20529,2500
20530,20530,3000
20531,20531,500
20532,20532,1000
20533,20533,3000
20534,20534,2000
20535,20535,3000
20536,20536,3000
20537,20537,2500
20538,20538,1500
20539,20539,1500
20540,20540,3000
20541,20541,3000
20542,20542,500
20543,20543,1500
20544,20544,1500
20545,20545,3000
20546,20546,1000
20547,20547,1500
20548,20548,2500
20549,20549,500
20550,20550,3000
20551,20551,1500
20552,20552,2000
20553,20553,2000
20554,20554,1500
20555,20555,2000
20556,20556,2500
20557,20557,2500
20558,20558,3000
20559,20559,1000
20560,20560,1500
20561,20561,1500
20562,20562,2500
20563,20563,500
20564,20564,1000
20565,20565,3000
20566,20566,1500
20567,20567,3000
20568,20568,1000
20569,20569,2000
20570,20570,500
20571,20571,2000
20572,20572,3000
20573,20573,3000
20574,20574,3000
20575,20575,3000
20576,20576,2500
20577,20577,3000
20578,20578,1500
20579,20579,2500
20580,20580,1500
20581,20581,500
20582,20582,2500
20583,20583,3000
20584,20584,2000
20585,20585,1500
20586,20586,500
20587,20587,3000
20588,20588,500
20589,20589,3000
20590,20590,2500
20591,20591,2500
20592,20592,500
20593,20593,1500
20594,20594,500
20595,20595,1500
20596,20596,1500
20597,20597,2000
20598,20598,3000
20599,20599,3000
20600,20600,3000
20601,20601,3000
20602,20602,500
20603,20603,1500
20604,20604,3000
20605,20605,3000
20606,20606,3000
20607,20607,2000
20608,20608,2500
20609,20609,1500
20610,20610,2000
20611,20611,2000
20612,20612,2000
20613,20613,3000
20614,20614,1500
20615,20615,3000
20616,20616,1500
20617,20617,500
20618,20618,3000
20619,20619,500
20620,20620,2000
20621,20621,3000
20622,20622,3000
20623,20623,3000
20624,20624,1500
20625,20625,1000
20626,20626,1500
20627,20627,3000
20628,20628,3000
20629,20629,3000
20630,20630,3000
20631,20631,1000
20632,20632,3000
20633,20633,3000
20634,20634,1500
20635,20635,3000
20636,20636,3000
20637,20637,3000
20638,20638,3000
20639,20639,3000
20640,20640,2000
20641,20641,3000
20642,20642,3000
20643,20643,500
20644,20644,3000
20645,20645,2500
20646,20646,2000
20647,20647,1500
20648,20648,1500
20649,20649,3000
20650,20650,2500
20651,20651,3000
20652,20652,2500
20653,20653,3000
20654,20654,2000
20655,20655,3000
20656,20656,1500
20657,20657,1500
20658,20658,1000
20659,20659,3000
20660,20660,1500
20661,20661,2000
20662,20662,2000
20663,20663,1500
20664,20664,3000
20665,20665,2000
20666,20666,1500
20667,20667,2500
20668,20668,2500
20669,20669,3000
20670,20670,2000
20671,20671,1500
20672,20672,2500
20673,20673,3000
20674,20674,3000
20675,20675,1500
20676,20676,3000
20677,20677,1500
20678,20678,2500
20679,20679,1500
20680,20680,3000
20681,20681,1500
20682,20682,3000
20683,20683,3000
20684,20684,3000
20685,20685,3000
20686,20686,3000
20687,20687,3000
20688,20688,2500
20689,20689,3000
20690,20690,2500
20691,20691,3000
20692,20692,3000
20693,20693,3000
20694,20694,3000
20695,20695,1000
20696,20696,500
20697,20697,1000
20698,20698,2000
20699,20699,1000
20700,20700,2500
20701,20701,3000
20702,20702,3000
20703,20703,3000
20704,20704,3000
20705,20705,2500
20706,20706,3000
20707,20707,2500
20708,20708,500
20709,20709,3000
20710,20710,2500
20711,20711,3000
20712,20712,3000
20713,20713,3000
20714,20714,500
20715,20715,3000
20716,20716,3000
20717,20717,3000
20718,20718,1500
20719,20719,3000
20720,20720,3000
20721,20721,1000
20722,20722,2500
20723,20723,500
20724,20724,3000
20725,20725,2500
20726,20726,3000
20727,20727,3000
20728,20728,2500
20729,20729,3000
20730,20730,1000
20731,20731,1500
20732,20732,1500
20733,20733,1500
20734,20734,3000
20735,20735,1000
20736,20736,500
20737,20737,3000
20738,20738,3000
20739,20739,3000
20740,20740,3000
20741,20741,1500
20742,20742,1500
20743,20743,500
20744,20744,3000
20745,20745,500
20746,20746,3000
20747,20747,1500
20748,20748,1000
20749,20749,1500
20750,20750,500
20751,20751,1500
20752,20752,3000
20753,20753,3000
20754,20754,1500
20755,20755,2500
20756,20756,2000
20757,20757,1500
20758,20758,1000
20759,20759,2500
20760,20760,1500
20761,20761,1000
20762,20762,3000
20763,20763,3000
20764,20764,1000
20765,20765,1500
20766,20766,3000
20767,20767,3000
20768,20768,1500
20769,20769,3000
20770,20770,3000
20771,20771,3000
20772,20772,2500
20773,20773,1000
20774,20774,2500
20775,20775,1000
20776,20776,500
20777,20777,3000
20778,20778,3000
20779,20779,3000
20780,20780,3000
20781,20781,3000
20782,20782,2500
20783,20783,3000
20784,20784,2000
20785,20785,3000
20786,20786,1500
20787,20787,2500
20788,20788,1500
20789,20789,1500
20790,20790,3000
20791,20791,3000
20792,20792,2000
20793,20793,500
20794,20794,1500
20795,20795,2500
20796,20796,1500
20797,20797,3000
20798,20798,1000
20799,20799,3000
20800,20800,500
20801,20801,1500
20802,20802,2000
20803,20803,3000
20804,20804,1000
20805,20805,2000
20806,20806,500
20807,20807,3000
20808,20808,3000
20809,20809,1500
20810,20810,1500
20811,20811,2000
20812,20812,500
20813,20813,1500
20814,20814,3000
20815,20815,500
20816,20816,1500
20817,20817,3000
20818,20818,1500
20819,20819,500
20820,20820,2500
20821,20821,3000
20822,20822,1500
20823,20823,1500
20824,20824,1500
20825,20825,1000
20826,20826,2500
20827,20827,1500
20828,20828,1500
20829,20829,1000
20830,20830,3000
20831,20831,1500
20832,20832,2500
20833,20833,3000
20834,20834,3000
20835,20835,1000
20836,20836,3000
20837,20837,500
20838,20838,3000
20839,20839,2000
20840,20840,1500
20841,20841,3000
20842,20842,1500
20843,20843,3000
20844,20844,3000
20845,20845,2500
20846,20846,1000
20847,20847,3000
20848,20848,2000
20849,20849,3000
20850,20850,3000
20851,20851,3000
20852,20852,1000
20853,20853,3000
20854,20854,1500
20855,20855,3000
20856,20856,3000
20857,20857,3000
20858,20858,3000
20859,20859,2500
20860,20860,1500
20861,20861,1000
20862,20862,3000
20863,20863,1500
20864,20864,3000
20865,20865,1500
20866,20866,2000
20867,20867,1500
20868,20868,2000
20869,20869,3000
20870,20870,3000
20871,20871,1500
20872,20872,1500
20873,20873,500
20874,20874,1000
20875,20875,2000
20876,20876,1500
20877,20877,3000
20878,20878,1500
20879,20879,1000
20880,20880,3000
20881,20881,1000
20882,20882,500
20883,20883,500
20884,20884,2000
20885,20885,2500
20886,20886,3000
20887,20887,3000
20888,20888,2500
20889,20889,3000
20890,20890,3000
20891,20891,2500
20892,20892,500
20893,20893,2500
20894,20894,500
20895,20895,1000
20896,20896,3000
20897,20897,1000
20898,20898,1000
20899,20899,2500
20900,20900,1500
20901,20901,3000
20902,20902,2500
20903,20903,2000
20904,20904,500
20905,20905,1500
20906,20906,1500
20907,20907,500
20908,20908,2000
20909,20909,1500
20910,20910,500
20911,20911,2000
20912,20912,1000
20913,20913,1000
20914,20914,2000
20915,20915,1500
20916,20916,2000
20917,20917,1500
20918,20918,2000
20919,20919,500
20920,20920,3000
20921,20921,1500
20922,20922,1500
20923,20923,1500
20924,20924,2000
20925,20925,500
20926,20926,500
20927,20927,3000
20928,20928,500
20929,20929,3000
20930,20930,3000
20931,20931,500
20932,20932,2500
20933,20933,1500
20934,20934,1500
20935,20935,3000
20936,20936,3000
20937,20937,3000
20938,20938,3000
20939,20939,1500
20940,20940,2500
20941,20941,500
20942,20942,1500
20943,20943,500
20944,20944,2000
20945,20945,2000
20946,20946,3000
20947,20947,3000
20948,20948,2000
20949,20949,3000
20950,20950,2000
20951,20951,1500
20952,20952,1500
20953,20953,3000
20954,20954,2500
20955,20955,2500
20956,20956,2000
20957,20957,3000
20958,20958,3000
20959,20959,3000
20960,20960,3000
20961,20961,1000
20962,20962,1500
20963,20963,2500
20964,20964,500
20965,20965,1500
20966,20966,3000
20967,20967,1500
20968,20968,2500
20969,20969,3000
20970,20970,2500
20971,20971,3000
20972,20972,1500
20973,20973,2000
20974,20974,500
20975,20975,3000
20976,20976,2000
20977,20977,500
20978,20978,1000
20979,20979,2500
20980,20980,1500
20981,20981,2500
20982,20982,2500
20983,20983,2500
20984,20984,3000
20985,20985,2000
20986,20986,500
20987,20987,2000
20988,20988,1500
20989,20989,500
20990,20990,1000
20991,20991,3000
20992,20992,500
20993,20993,3000
20994,20994,2500
20995,20995,3000
20996,20996,3000
20997,20997,1000
20998,20998,1500
20999,20999,2500
21000,21000,1500
21001,21001,3000
21002,21002,1500
21003,21003,3000
21004,21004,2500
21005,21005,1500
21006,21006,3000
21007,21007,3000
21008,21008,1500
21009,21009,3000
21010,21010,3000
21011,21011,2000
21012,21012,1000
21013,21013,2000
21014,21014,3000
21015,21015,3000
21016,21016,2000
21017,21017,2500
21018,21018,3000
21019,21019,1500
21020,21020,1000
21021,21021,1000
21022,21022,500
21023,21023,3000
21024,21024,3000
21025,21025,1500
21026,21026,1500
21027,21027,2000
21028,21028,2500
21029,21029,3000
21030,21030,3000
21031,21031,1000
21032,21032,2500
21033,21033,2500
21034,21034,1500
21035,21035,1000
21036,21036,3000
21037,21037,1000
21038,21038,1500
21039,21039,3000
21040,21040,500
21041,21041,1500
21042,21042,3000
21043,21043,1500
21044,21044,1500
21045,21045,3000
21046,21046,2000
21047,21047,2500
21048,21048,1000
21049,21049,3000
21050,21050,1500
21051,21051,3000
21052,21052,2000
21053,21053,1000
21054,21054,1500
21055,21055,3000
21056,21056,1500
21057,21057,3000
21058,21058,1500
21059,21059,1500
21060,21060,2500
21061,21061,1500
21062,21062,2500
21063,21063,2000
21064,21064,2000
21065,21065,2500
21066,21066,1000
21067,21067,1000
21068,21068,1000
21069,21069,2500
21070,21070,1000
21071,21071,3000
21072,21072,1500
21073,21073,2000
21074,21074,1500
21075,21075,3000
21076,21076,2000
21077,21077,2000
21078,21078,1000
21079,21079,3000
21080,21080,1500
21081,21081,3000
21082,21082,1500
21083,21083,3000
21084,21084,3000
21085,21085,3000
21086,21086,500
21087,21087,1000
21088,21088,3000
21089,21089,3000
21090,21090,1500
21091,21091,500
21092,21092,3000
21093,21093,2500
21094,21094,3000
21095,21095,1000
21096,21096,3000
21097,21097,1000
21098,21098,1500
21099,21099,3000
21100,21100,1500
21101,21101,1500
21102,21102,3000
21103,21103,3000
21104,21104,1000
21105,21105,3000
21106,21106,1500
21107,21107,3000
21108,21108,1000
21109,21109,2000
21110,21110,1500
21111,21111,2000
21112,21112,1500
21113,21113,2000
21114,21114,1000
21115,21115,3000
21116,21116,2500
21117,21117,2500
21118,21118,3000
21119,21119,2500
21120,21120,1000
21121,21121,3000
21122,21122,1500
21123,21123,1500
21124,21124,1500
21125,21125,3000
21126,21126,3000
21127,21127,1500
21128,21128,2500
21129,21129,3000
21130,21130,1500
21131,21131,1000
21132,21132,500
21133,21133,1500
21134,21134,2500
21135,21135,3000
21136,21136,1000
21137,21137,2500
21138,21138,1500
21139,21139,2000
21140,21140,2500
21141,21141,1500
21142,21142,2000
21143,21143,500
21144,21144,2500
21145,21145,2000
21146,21146,2500
21147,21147,1500
21148,21148,1500
21149,21149,3000
21150,21150,500
21151,21151,1500
21152,21152,2500
21153,21153,1500
21154,21154,500
21155,21155,3000
21156,21156,3000
21157,21157,1500
21158,21158,2500
21159,21159,2000
21160,21160,3000
21161,21161,1500
21162,21162,3000
21163,21163,500
21164,21164,1500
21165,21165,3000
21166,21166,1500
21167,21167,3000
21168,21168,1500
21169,21169,1500
21170,21170,3000
21171,21171,3000
21172,21172,500
21173,21173,3000
21174,21174,1000
21175,21175,3000
21176,21176,1000
21177,21177,1500
21178,21178,2000
21179,21179,500
21180,21180,2500
21181,21181,1500
21182,21182,2000
21183,21183,1500
21184,21184,3000
21185,21185,500
21186,21186,3000
21187,21187,2000
21188,21188,3000
21189,21189,1500
21190,21190,2000
21191,21191,3000
21192,21192,1500
21193,21193,1500
21194,21194,1500
21195,21195,3000
21196,21196,3000
21197,21197,2000
21198,21198,1500
21199,21199,500
21200,21200,3000
21201,21201,3000
21202,21202,1000
21203,21203,2500
21204,21204,3000
21205,21205,500
21206,21206,3000
21207,21207,1500
21208,21208,3000
21209,21209,1500
21210,21210,1500
21211,21211,3000
21212,21212,2000
21213,21213,2500
21214,21214,2000
21215,21215,1000
21216,21216,2500
21217,21217,500
21218,21218,3000
21219,21219,1000
21220,21220,3000
21221,21221,1500
21222,21222,1500
21223,21223,1500
21224,21224,500
21225,21225,2000
21226,21226,500
21227,21227,1000
21228,21228,1500
21229,21229,1500
21230,21230,3000
21231,21231,500
21232,21232,2000
21233,21233,2500
21234,21234,1000
21235,21235,3000
21236,21236,3000
21237,21237,3000
21238,21238,1500
21239,21239,2000
21240,21240,1500
21241,21241,1500
21242,21242,3000
21243,21243,3000
21244,21244,1500
21245,21245,2000
21246,21246,1000
21247,21247,2500
21248,21248,3000
21249,21249,3000
21250,21250,2500
21251,21251,3000
21252,21252,1000
21253,21253,3000
21254,21254,2500
21255,21255,2000
21256,21256,2500
21257,21257,1000
21258,21258,3000
21259,21259,2000
21260,21260,3000
21261,21261,3000
21262,21262,1000
21263,21263,1500
21264,21264,3000
21265,21265,1500
21266,21266,3000
21267,21267,1500
21268,21268,2000
21269,21269,3000
21270,21270,3000
21271,21271,1500
21272,21272,3000
21273,21273,500
21274,21274,1500
21275,21275,1500
21276,21276,2000
21277,21277,2500
21278,21278,2000
21279,21279,1500
21280,21280,1000
21281,21281,1500
21282,21282,3000
21283,21283,3000
21284,21284,2000
21285,21285,3000
21286,21286,1500
21287,21287,1000
21288,21288,3000
21289,21289,1500
21290,21290,3000
21291,21291,2000
21292,21292,500
21293,21293,3000
21294,21294,2500
21295,21295,500
21296,21296,3000
21297,21297,3000
21298,21298,1500
21299,21299,500
21300,21300,3000
21301,21301,1500
21302,21302,1500
21303,21303,500
21304,21304,1500
21305,21305,3000
21306,21306,1500
21307,21307,3000
21308,21308,1000
21309,21309,2000
21310,21310,1500
21311,21311,1500
21312,21312,2000
21313,21313,2500
21314,21314,3000
21315,21315,3000
21316,21316,1000
21317,21317,1000
21318,21318,3000
21319,21319,3000
21320,21320,3000
21321,21321,1500
21322,21322,3000
21323,21323,1500
21324,21324,1500
21325,21325,3000
21326,21326,1000
21327,21327,500
21328,21328,1500
21329,21329,500
21330,21330,2500
21331,21331,3000
21332,21332,1500
21333,21333,1500
21334,21334,3000
21335,21335,500
21336,21336,2500
21337,21337,2500
21338,21338,2000
21339,21339,2000
21340,21340,3000
21341,21341,500
21342,21342,500
21343,21343,500
21344,21344,1500
21345,21345,2000
21346,21346,3000
21347,21347,3000
21348,21348,2500
21349,21349,1500
21350,21350,1000
21351,21351,3000
21352,21352,1000
21353,21353,1000
21354,21354,3000
21355,21355,3000
21356,21356,3000
21357,21357,500
21358,21358,3000
21359,21359,1500
21360,21360,1500
21361,21361,3000
21362,21362,2000
21363,21363,1500
21364,21364,1000
21365,21365,3000
21366,21366,500
21367,21367,3000
21368,21368,1500
21369,21369,500
21370,21370,1500
21371,21371,2000
21372,21372,3000
21373,21373,500
21374,21374,1000
21375,21375,2500
21376,21376,3000
21377,21377,1500
21378,21378,1000
21379,21379,1500
21380,21380,3000
21381,21381,1500
21382,21382,3000
21383,21383,500
21384,21384,1500
21385,21385,500
21386,21386,2500
21387,21387,1500
21388,21388,2000
21389,21389,3000
21390,21390,2000
21391,21391,3000
21392,21392,1500
21393,21393,3000
21394,21394,3000
21395,21395,1500
21396,21396,1000
21397,21397,1500
21398,21398,3000
21399,21399,500
21400,21400,1000
21401,21401,3000
21402,21402,1500
21403,21403,3000
21404,21404,1500
21405,21405,3000
21406,21406,2500
21407,21407,1500
21408,21408,2000
21409,21409,3000
21410,21410,1500
21411,21411,1500
21412,21412,2000
21413,21413,2500
21414,21414,1500
21415,21415,3000
21416,21416,500
21417,21417,3000
21418,21418,2000
21419,21419,2000
21420,21420,1500
21421,21421,3000
21422,21422,2000
21423,21423,500
21424,21424,2500
21425,21425,1000
21426,21426,1500
21427,21427,1500
21428,21428,2500
21429,21429,2000
21430,21430,3000
21431,21431,3000
21432,21432,3000
21433,21433,2500
21434,21434,2000
21435,21435,500
21436,21436,3000
21437,21437,500
21438,21438,1000
21439,21439,3000
21440,21440,3000
21441,21441,3000
21442,21442,3000
21443,21443,1500
21444,21444,500
21445,21445,500
21446,21446,500
21447,21447,2500
21448,21448,1000
21449,21449,3000
21450,21450,1500
21451,21451,3000
21452,21452,2500
21453,21453,3000
21454,21454,3000
21455,21455,3000
21456,21456,2000
21457,21457,1500
21458,21458,3000
21459,21459,500
21460,21460,1000
21461,21461,500
21462,21462,2500
21463,21463,2000
21464,21464,3000
21465,21465,1500
21466,21466,3000
21467,21467,1500
21468,21468,500
21469,21469,1500
21470,21470,2000
21471,21471,1000
21472,21472,3000
21473,21473,1000
21474,21474,3000
21475,21475,3000
21476,21476,2000
21477,21477,2500
21478,21478,1000
21479,21479,1000
21480,21480,3000
21481,21481,3000
21482,21482,3000
21483,21483,500
21484,21484,1000
21485,21485,3000
21486,21486,1500
21487,21487,3000
21488,21488,3000
21489,21489,3000
21490,21490,3000
21491,21491,2000
21492,21492,1000
21493,21493,3000
21494,21494,3000
21495,21495,1000
21496,21496,3000
21497,21497,1500
21498,21498,3000
21499,21499,2500
21500,21500,2500
21501,21501,3000
21502,21502,500
21503,21503,3000
21504,21504,1500
21505,21505,1500
21506,21506,1500
21507,21507,1500
21508,21508,3000
21509,21509,3000
21510,21510,1500
21511,21511,1500
21512,21512,3000
21513,21513,3000
21514,21514,3000
21515,21515,500
21516,21516,1500
21517,21517,500
21518,21518,2500
21519,21519,3000
21520,21520,2000
21521,21521,1500
21522,21522,1000
21523,21523,2000
21524,21524,3000
21525,21525,3000
21526,21526,3000
21527,21527,1000
21528,21528,1000
21529,21529,3000
21530,21530,3000
21531,21531,500
21532,21532,3000
21533,21533,1000
21534,21534,1500
21535,21535,3000
21536,21536,3000
21537,21537,3000
21538,21538,1500
21539,21539,1000
21540,21540,2000
21541,21541,2500
21542,21542,500
21543,21543,3000
21544,21544,1500
21545,21545,1500
21546,21546,1000
21547,21547,3000
21548,21548,3000
21549,21549,2500
21550,21550,2500
21551,21551,1500
21552,21552,1000
21553,21553,1500
21554,21554,3000
21555,21555,3000
21556,21556,500
21557,21557,3000
21558,21558,1000
21559,21559,500
21560,21560,3000
21561,21561,2500
21562,21562,1500
21563,21563,2500
21564,21564,3000
21565,21565,3000
21566,21566,2000
21567,21567,500
21568,21568,1500
21569,21569,3000
21570,21570,1500
21571,21571,3000
21572,21572,2000
21573,21573,2000
21574,21574,3000
21575,21575,2000
21576,21576,1500
21577,21577,1500
21578,21578,1500
21579,21579,500
21580,21580,1500
21581,21581,1500
21582,21582,1000
21583,21583,3000
21584,21584,2500
21585,21585,1500
21586,21586,2000
21587,21587,3000
21588,21588,1500
21589,21589,3000
21590,21590,500
21591,21591,2000
21592,21592,3000
21593,21593,500
21594,21594,3000
21595,21595,3000
21596,21596,1000
21597,21597,500
21598,21598,3000
21599,21599,3000
21600,21600,1000
21601,21601,2500
21602,21602,3000
21603,21603,1500
21604,21604,500
21605,21605,3000
21606,21606,500
21607,21607,1000
21608,21608,2500
21609,21609,3000
21610,21610,2000
21611,21611,2500
21612,21612,3000
21613,21613,3000
21614,21614,2000
21615,21615,2000
21616,21616,3000
21617,21617,1500
21618,21618,3000
21619,21619,2500
21620,21620,3000
21621,21621,2500
21622,21622,2000
21623,21623,3000
21624,21624,1000
21625,21625,1500
21626,21626,3000
21627,21627,2000
21628,21628,1500
21629,21629,2500
21630,21630,1500
21631,21631,1500
21632,21632,500
21633,21633,2500
21634,21634,3000
21635,21635,2500
21636,21636,2500
21637,21637,2500
21638,21638,2500
21639,21639,3000
21640,21640,3000
21641,21641,3000
21642,21642,2500
21643,21643,1500
21644,21644,1500
21645,21645,2000
21646,21646,1500
21647,21647,500
21648,21648,3000
21649,21649,2500
21650,21650,500
21651,21651,500
21652,21652,3000
21653,21653,1500
21654,21654,1500
21655,21655,2500
21656,21656,3000
21657,21657,500
21658,21658,2000
21659,21659,3000
21660,21660,1000
21661,21661,3000
21662,21662,1500
21663,21663,1500
21664,21664,500
21665,21665,1500
21666,21666,1500
21667,21667,3000
21668,21668,3000
21669,21669,1500
21670,21670,1500
21671,21671,500
21672,21672,1500
21673,21673,1500
21674,21674,1500
21675,21675,2500
21676,21676,1500
21677,21677,3000
21678,21678,500
21679,21679,3000
21680,21680,1500
21681,21681,1000
21682,21682,3000
21683,21683,2000
21684,21684,1000
21685,21685,1500
21686,21686,1000
21687,21687,500
21688,21688,500
21689,21689,500
21690,21690,3000
21691,21691,2000
21692,21692,2000
21693,21693,2500
21694,21694,2500
21695,21695,3000
21696,21696,1000
21697,21697,3000
21698,21698,1500
21699,21699,1500
21700,21700,1500
21701,21701,2000
21702,21702,2500
21703,21703,3000
21704,21704,1500
21705,21705,1500
21706,21706,1000
21707,21707,3000
21708,21708,1500
21709,21709,3000
21710,21710,1500
21711,21711,500
21712,21712,2500
21713,21713,3000
21714,21714,1500
21715,21715,3000
21716,21716,1000
21717,21717,1500
21718,21718,1000
21719,21719,500
21720,21720,3000
21721,21721,1000
21722,21722,3000
21723,21723,2500
21724,21724,3000
21725,21725,500
21726,21726,1500
21727,21727,3000
21728,21728,2500
21729,21729,2000
21730,21730,500
21731,21731,1500
21732,21732,3000
21733,21733,2500
21734,21734,2000
21735,21735,1000
21736,21736,2500
21737,21737,500
21738,21738,2500
21739,21739,500
21740,21740,1000
21741,21741,2000
21742,21742,1500
21743,21743,3000
21744,21744,1500
21745,21745,1500
21746,21746,500
21747,21747,3000
21748,21748,1500
21749,21749,1000
21750,21750,1500
21751,21751,3000
21752,21752,500
21753,21753,500
21754,21754,1000
21755,21755,2000
21756,21756,2500
21757,21757,3000
21758,21758,2000
21759,21759,3000
21760,21760,3000
21761,21761,1500
21762,21762,1500
21763,21763,3000
21764,21764,500
21765,21765,3000
21766,21766,3000
21767,21767,1500
21768,21768,2500
21769,21769,3000
21770,21770,2000
21771,21771,2000
21772,21772,3000
21773,21773,1000
21774,21774,1000
21775,21775,3000
21776,21776,3000
21777,21777,1500
21778,21778,500
21779,21779,2000
21780,21780,3000
21781,21781,1000
21782,21782,2500
21783,21783,3000
21784,21784,1500
21785,21785,1000
21786,21786,3000
21787,21787,3000
21788,21788,1500
21789,21789,2000
21790,21790,2000
21791,21791,1500
21792,21792,3000
21793,21793,2500
21794,21794,500
21795,21795,500
21796,21796,1000
21797,21797,1500
21798,21798,3000
21799,21799,3000
21800,21800,2000
21801,21801,3000
21802,21802,3000
21803,21803,3000
21804,21804,1500
21805,21805,500
21806,21806,3000
21807,21807,3000
21808,21808,2500
21809,21809,3000
21810,21810,1000
21811,21811,3000
21812,21812,3000
21813,21813,2000
21814,21814,1000
21815,21815,2000
21816,21816,1500
21817,21817,1500
21818,21818,3000
21819,21819,1000
21820,21820,3000
21821,21821,3000
21822,21822,1500
21823,21823,2500
21824,21824,1500
21825,21825,2500
21826,21826,500
21827,21827,3000
21828,21828,500
21829,21829,1000
21830,21830,1500
21831,21831,2500
21832,21832,3000
21833,21833,500
21834,21834,1500
21835,21835,1000
21836,21836,2500
21837,21837,3000
21838,21838,3000
21839,21839,500
21840,21840,2000
21841,21841,2000
21842,21842,1500
21843,21843,2500
21844,21844,2500
21845,21845,2500
21846,21846,3000
21847,21847,3000
21848,21848,500
21849,21849,500
21850,21850,1500
21851,21851,2500
21852,21852,500
21853,21853,3000
21854,21854,1500
21855,21855,1500
21856,21856,3000
21857,21857,3000
21858,21858,2500
21859,21859,1500
21860,21860,1500
21861,21861,3000
21862,21862,1500
21863,21863,3000
21864,21864,1000
21865,21865,1000
21866,21866,3000
21867,21867,2000
21868,21868,1000
21869,21869,1000
21870,21870,3000
21871,21871,1500
21872,21872,3000
21873,21873,1500
21874,21874,2000
21875,21875,1000
21876,21876,3000
21877,21877,2000
21878,21878,2000
21879,21879,500
21880,21880,2500
21881,21881,1000
21882,21882,3000
21883,21883,3000
21884,21884,1500
21885,21885,1000
21886,21886,3000
21887,21887,2000
21888,21888,3000
21889,21889,2500
21890,21890,500
21891,21891,1500
21892,21892,1000
21893,21893,3000
21894,21894,2500
21895,21895,1500
21896,21896,1500
21897,21897,3000
21898,21898,2000
21899,21899,3000
21900,21900,2000
21901,21901,2000
21902,21902,3000
21903,21903,2000
21904,21904,2000
21905,21905,2000
21906,21906,2500
21907,21907,3000
21908,21908,3000
21909,21909,3000
21910,21910,1000
21911,21911,2500
21912,21912,2000
21913,21913,500
21914,21914,1500
21915,21915,2000
21916,21916,1500
21917,21917,500
21918,21918,500
21919,21919,1500
21920,21920,1500
21921,21921,2000
21922,21922,1000
21923,21923,1500
21924,21924,2500
21925,21925,1000
21926,21926,3000
21927,21927,1000
21928,21928,3000
21929,21929,2000
21930,21930,1000
21931,21931,2500
21932,21932,500
21933,21933,3000
21934,21934,3000
21935,21935,3000
21936,21936,3000
21937,21937,1500
21938,21938,2500
21939,21939,3000
21940,21940,3000
21941,21941,1500
21942,21942,1000
21943,21943,3000
21944,21944,2500
21945,21945,1500
21946,21946,3000
21947,21947,3000
21948,21948,1500
21949,21949,3000
21950,21950,1000
21951,21951,3000
21952,21952,3000
21953,21953,3000
21954,21954,3000
21955,21955,3000
21956,21956,3000
21957,21957,1500
21958,21958,3000
21959,21959,2500
21960,21960,3000
21961,21961,2500
21962,21962,1500
21963,21963,2000
21964,21964,3000
21965,21965,3000
21966,21966,2500
21967,21967,2000
21968,21968,1500
21969,21969,3000
21970,21970,2000
21971,21971,3000
21972,21972,1500
21973,21973,500
21974,21974,2000
21975,21975,1000
21976,21976,1500
21977,21977,1500
21978,21978,2000
21979,21979,3000
21980,21980,2000
21981,21981,1500
21982,21982,3000
21983,21983,3000
21984,21984,1500
21985,21985,3000
21986,21986,2000
21987,21987,2500
21988,21988,3000
21989,21989,3000
21990,21990,1500
21991,21991,2500
21992,21992,1500
21993,21993,2500
21994,21994,3000
21995,21995,500
21996,21996,500
21997,21997,2500
21998,21998,1500
21999,21999,1500
22000,22000,2500
22001,22001,1000
22002,22002,2500
22003,22003,2000
22004,22004,1000
22005,22005,2000
22006,22006,2000
22007,22007,3000
22008,22008,2000
22009,22009,1500
22010,22010,2000
22011,22011,3000
22012,22012,500
22013,22013,3000
22014,22014,2500
22015,22015,3000
22016,22016,1000
22017,22017,2000
22018,22018,1500
22019,22019,2000
22020,22020,1500
22021,22021,2000
22022,22022,3000
22023,22023,1500
22024,22024,500
22025,22025,500
22026,22026,3000
22027,22027,3000
22028,22028,1500
22029,22029,2000
22030,22030,3000
22031,22031,1500
22032,22032,3000
22033,22033,1500
22034,22034,3000
22035,22035,3000
22036,22036,3000
22037,22037,1000
22038,22038,3000
22039,22039,3000
22040,22040,1500
22041,22041,3000
22042,22042,1500
22043,22043,2500
22044,22044,2000
22045,22045,1500
22046,22046,500
22047,22047,1000
22048,22048,3000
22049,22049,3000
22050,22050,1000
22051,22051,3000
22052,22052,1000
22053,22053,3000
22054,22054,2500
22055,22055,2500
22056,22056,1500
22057,22057,2000
22058,22058,2000
22059,22059,1000
22060,22060,3000
22061,22061,3000
22062,22062,1500
22063,22063,1000
22064,22064,3000
22065,22065,1500
22066,22066,2500
22067,22067,1500
22068,22068,2000
22069,22069,1500
22070,22070,3000
22071,22071,2500
22072,22072,3000
22073,22073,3000
22074,22074,1500
22075,22075,3000
22076,22076,1000
22077,22077,1000
22078,22078,1000
22079,22079,1000
22080,22080,3000
22081,22081,500
22082,22082,3000
22083,22083,500
22084,22084,1000
22085,22085,3000
22086,22086,1000
22087,22087,1500
22088,22088,3000
22089,22089,3000
22090,22090,3000
22091,22091,2500
22092,22092,3000
22093,22093,3000
22094,22094,3000
22095,22095,2000
22096,22096,3000
22097,22097,1000
22098,22098,2000
22099,22099,2000
22100,22100,500
22101,22101,1500
22102,22102,2000
22103,22103,3000
22104,22104,1500
22105,22105,2000
22106,22106,2000
22107,22107,3000
22108,22108,1500
22109,22109,500
22110,22110,3000
22111,22111,2000
22112,22112,1500
22113,22113,1500
22114,22114,2500
22115,22115,500
22116,22116,500
22117,22117,3000
22118,22118,1500
22119,22119,500
22120,22120,3000
22121,22121,1000
22122,22122,1000
22123,22123,1500
22124,22124,2000
22125,22125,3000
22126,22126,500
22127,22127,2500
22128,22128,1500
22129,22129,1500
22130,22130,2000
22131,22131,1500
22132,22132,3000
22133,22133,3000
22134,22134,2000
22135,22135,500
22136,22136,3000
22137,22137,3000
22138,22138,500
22139,22139,1500
22140,22140,3000
22141,22141,1500
22142,22142,1000
22143,22143,3000
22144,22144,3000
22145,22145,3000
22146,22146,500
22147,22147,3000
22148,22148,3000
22149,22149,1000
22150,22150,1500
22151,22151,1000
22152,22152,2000
22153,22153,2500
22154,22154,1000
22155,22155,2500
22156,22156,1000
22157,22157,500
22158,22158,1500
22159,22159,3000
22160,22160,1000
22161,22161,1000
22162,22162,1500
22163,22163,2000
22164,22164,3000
22165,22165,3000
22166,22166,3000
22167,22167,3000
22168,22168,1500
22169,22169,2000
22170,22170,3000
22171,22171,2000
22172,22172,3000
22173,22173,1500
22174,22174,2500
22175,22175,1500
22176,22176,2000
22177,22177,1500
22178,22178,3000
22179,22179,500
22180,22180,1500
22181,22181,2500
22182,22182,2500
22183,22183,3000
22184,22184,2500
22185,22185,3000
22186,22186,1000
22187,22187,1500
22188,22188,3000
22189,22189,2500
22190,22190,3000
22191,22191,3000
22192,22192,3000
22193,22193,1500
22194,22194,3000
22195,22195,1000
22196,22196,1000
22197,22197,2000
22198,22198,1000
22199,22199,500
22200,22200,3000
22201,22201,2500
22202,22202,1500
22203,22203,500
22204,22204,500
22205,22205,1000
22206,22206,3000
22207,22207,1500
22208,22208,3000
22209,22209,3000
22210,22210,1000
22211,22211,3000
22212,22212,3000
22213,22213,2000
22214,22214,1000
22215,22215,1000
22216,22216,2500
22217,22217,1000
22218,22218,3000
22219,22219,500
22220,22220,1000
22221,22221,500
22222,22222,1000
22223,22223,1500
22224,22224,500
22225,22225,1500
22226,22226,3000
22227,22227,2000
22228,22228,1500
22229,22229,3000
22230,22230,2500
22231,22231,1500
22232,22232,2000
22233,22233,500
22234,22234,3000
22235,22235,2000
22236,22236,2500
22237,22237,2500
22238,22238,3000
22239,22239,2500
22240,22240,3000
22241,22241,2000
22242,22242,3000
22243,22243,2500
22244,22244,3000
22245,22245,500
22246,22246,3000
22247,22247,500
22248,22248,1000
22249,22249,1500
22250,22250,500
22251,22251,500
22252,22252,2000
22253,22253,1500
22254,22254,3000
22255,22255,2500
22256,22256,3000
22257,22257,1000
22258,22258,500
22259,22259,1500
22260,22260,3000
22261,22261,500
22262,22262,2500
22263,22263,3000
22264,22264,3000
22265,22265,3000
22266,22266,3000
22267,22267,1500
22268,22268,3000
22269,22269,2500
22270,22270,2000
22271,22271,1500
22272,22272,1500
22273,22273,3000
22274,22274,1000
22275,22275,1500
22276,22276,2000
22277,22277,2000
22278,22278,1500
22279,22279,1000
22280,22280,1500
22281,22281,1500
22282,22282,3000
22283,22283,1500
22284,22284,3000
22285,22285,1500
22286,22286,1500
22287,22287,1500
22288,22288,1000
22289,22289,2500
22290,22290,1500
22291,22291,3000
22292,22292,3000
22293,22293,3000
22294,22294,3000
22295,22295,2000
22296,22296,500
22297,22297,3000
22298,22298,2500
22299,22299,1500
22300,22300,3000
22301,22301,1000
22302,22302,500
22303,22303,3000
22304,22304,2500
22305,22305,3000
22306,22306,3000
22307,22307,3000
22308,22308,3000
22309,22309,2500
22310,22310,1500
22311,22311,1000
22312,22312,2500
22313,22313,2000
22314,22314,1000
22315,22315,1500
22316,22316,1500
22317,22317,2500
22318,22318,1000
22319,22319,3000
22320,22320,500
22321,22321,2500
22322,22322,1000
22323,22323,1500
22324,22324,1500
22325,22325,1500
22326,22326,500
22327,22327,2500
22328,22328,3000
22329,22329,3000
22330,22330,3000
22331,22331,1500
22332,22332,3000
22333,22333,2000
22334,22334,1000
22335,22335,3000
22336,22336,1500
22337,22337,2500
22338,22338,2000
22339,22339,1500
22340,22340,3000
22341,22341,1500
22342,22342,3000
22343,22343,3000
22344,22344,1000
22345,22345,3000
22346,22346,3000
22347,22347,1000
22348,22348,3000
22349,22349,500
22350,22350,1500
22351,22351,3000
22352,22352,1000
22353,22353,1000
22354,22354,1500
22355,22355,2000
22356,22356,1500
22357,22357,2000
22358,22358,1500
22359,22359,3000
22360,22360,3000
22361,22361,2500
22362,22362,2500
22363,22363,2000
22364,22364,3000
22365,22365,2500
22366,22366,3000
22367,22367,3000
22368,22368,2500
22369,22369,1000
22370,22370,3000
22371,22371,3000
22372,22372,3000
22373,22373,2500
22374,22374,1500
22375,22375,2500
22376,22376,1500
22377,22377,1500
22378,22378,3000
22379,22379,1500
22380,22380,2000
22381,22381,2500
22382,22382,2500
22383,22383,2000
22384,22384,2000
22385,22385,2000
22386,22386,3000
22387,22387,1000
22388,22388,3000
22389,22389,1000
22390,22390,1000
22391,22391,1500
22392,22392,3000
22393,22393,3000
22394,22394,1000
22395,22395,3000
22396,22396,3000
22397,22397,3000
22398,22398,1500
22399,22399,1000
22400,22400,1500
22401,22401,1500
22402,22402,500
22403,22403,3000
22404,22404,1500
22405,22405,1000
22406,22406,2000
22407,22407,500
22408,22408,500
22409,22409,1500
22410,22410,3000
22411,22411,2500
22412,22412,500
22413,22413,500
22414,22414,2000
22415,22415,500
22416,22416,3000
22417,22417,1500
22418,22418,3000
22419,22419,1500
22420,22420,3000
22421,22421,1000
22422,22422,1000
22423,22423,2500
22424,22424,1000
22425,22425,3000
22426,22426,1500
22427,22427,2500
22428,22428,1000
22429,22429,3000
22430,22430,1500
22431,22431,1500
22432,22432,3000
22433,22433,3000
22434,22434,3000
22435,22435,2500
22436,22436,1500
22437,22437,500
22438,22438,2500
22439,22439,2500
22440,22440,500
22441,22441,500
22442,22442,3000
22443,22443,500
22444,22444,1500
22445,22445,2000
22446,22446,1500
22447,22447,3000
22448,22448,3000
22449,22449,1500
22450,22450,3000
22451,22451,2500
22452,22452,3000
22453,22453,3000
22454,22454,500
22455,22455,1500
22456,22456,1500
22457,22457,3000
22458,22458,500
22459,22459,500
22460,22460,1500
22461,22461,3000
22462,22462,1500
22463,22463,1500
22464,22464,1500
22465,22465,500
22466,22466,3000
22467,22467,3000
22468,22468,3000
22469,22469,1500
22470,22470,1500
22471,22471,1500
22472,22472,3000
22473,22473,3000
22474,22474,1500
22475,22475,2500
22476,22476,2500
22477,22477,3000
22478,22478,2000
22479,22479,3000
22480,22480,3000
22481,22481,3000
22482,22482,3000
22483,22483,3000
22484,22484,3000
22485,22485,3000
22486,22486,3000
22487,22487,2000
22488,22488,2500
22489,22489,3000
22490,22490,1000
22491,22491,3000
22492,22492,500
22493,22493,1500
22494,22494,3000
22495,22495,2500
22496,22496,1500
22497,22497,500
22498,22498,2500
22499,22499,3000
22500,22500,2000
22501,22501,3000
22502,22502,3000
22503,22503,2000
22504,22504,3000
22505,22505,1500
22506,22506,3000
22507,22507,500
22508,22508,500
22509,22509,1500
22510,22510,1500
22511,22511,500
22512,22512,500
22513,22513,3000
22514,22514,3000
22515,22515,3000
22516,22516,3000
22517,22517,3000
22518,22518,2500
22519,22519,3000
22520,22520,1500
22521,22521,2000
22522,22522,1500
22523,22523,3000
22524,22524,2500
22525,22525,1500
22526,22526,3000
22527,22527,2000
22528,22528,1500
22529,22529,3000
22530,22530,2000
22531,22531,3000
22532,22532,3000
22533,22533,3000
22534,22534,3000
22535,22535,3000
22536,22536,3000
22537,22537,500
22538,22538,2000
22539,22539,2000
22540,22540,3000
22541,22541,500
22542,22542,500
22543,22543,3000
22544,22544,1500
22545,22545,500
22546,22546,500
22547,22547,500
22548,22548,1000
22549,22549,1000
22550,22550,2500
22551,22551,3000
22552,22552,500
22553,22553,3000
22554,22554,3000
22555,22555,500
22556,22556,3000
22557,22557,1500
22558,22558,3000
22559,22559,2000
22560,22560,1500
22561,22561,1000
22562,22562,1500
22563,22563,3000
22564,22564,3000
22565,22565,2000
22566,22566,3000
22567,22567,3000
22568,22568,500
22569,22569,1000
22570,22570,500
22571,22571,3000
22572,22572,1500
22573,22573,2500
22574,22574,1500
22575,22575,2000
22576,22576,3000
22577,22577,2000
22578,22578,500
22579,22579,1500
22580,22580,1500
22581,22581,3000
22582,22582,2000
22583,22583,3000
22584,22584,1000
22585,22585,1500
22586,22586,1500
22587,22587,500
22588,22588,3000
22589,22589,3000
22590,22590,500
22591,22591,1000
22592,22592,3000
22593,22593,2500
22594,22594,1500
22595,22595,3000
22596,22596,3000
22597,22597,3000
22598,22598,3000
22599,22599,2000
22600,22600,1500
22601,22601,2000
22602,22602,3000
22603,22603,2000
22604,22604,3000
22605,22605,1500
22606,22606,1500
22607,22607,1500
22608,22608,1500
22609,22609,500
22610,22610,2500
22611,22611,500
22612,22612,3000
22613,22613,2500
22614,22614,2000
22615,22615,3000
22616,22616,2500
22617,22617,1500
22618,22618,3000
22619,22619,1000
22620,22620,1500
22621,22621,3000
22622,22622,1500
22623,22623,3000
22624,22624,1500
22625,22625,3000
22626,22626,500
22627,22627,500
22628,22628,2500
22629,22629,2000
22630,22630,3000
22631,22631,2000
22632,22632,1500
22633,22633,500
22634,22634,500
22635,22635,2500
22636,22636,1500
22637,22637,3000
22638,22638,1500
22639,22639,2000
22640,22640,500
22641,22641,2500
22642,22642,2000
22643,22643,2500
22644,22644,500
22645,22645,2500
22646,22646,3000
22647,22647,1000
22648,22648,3000
22649,22649,500
22650,22650,1500
22651,22651,2500
22652,22652,2500
22653,22653,3000
22654,22654,1500
22655,22655,2500
22656,22656,1500
22657,22657,3000
22658,22658,3000
22659,22659,2000
22660,22660,3000
22661,22661,1000
22662,22662,3000
22663,22663,1500
22664,22664,3000
22665,22665,3000
22666,22666,3000
22667,22667,1500
22668,22668,1500
22669,22669,3000
22670,22670,3000
22671,22671,3000
22672,22672,3000
22673,22673,2000
22674,22674,1500
22675,22675,3000
22676,22676,1500
22677,22677,1500
22678,22678,3000
22679,22679,1500
22680,22680,3000
22681,22681,500
22682,22682,1500
22683,22683,3000
22684,22684,1000
22685,22685,3000
22686,22686,2500
22687,22687,1500
22688,22688,1500
22689,22689,1500
22690,22690,2500
22691,22691,1500
22692,22692,500
22693,22693,1500
22694,22694,3000
22695,22695,3000
22696,22696,1500
22697,22697,1500
22698,22698,3000
22699,22699,3000
22700,22700,1500
22701,22701,3000
22702,22702,1500
22703,22703,3000
22704,22704,3000
22705,22705,3000
22706,22706,2500
22707,22707,3000
22708,22708,1500
22709,22709,500
22710,22710,3000
22711,22711,3000
22712,22712,1500
22713,22713,1000
22714,22714,2500
22715,22715,2500
22716,22716,3000
22717,22717,2000
22718,22718,1500
22719,22719,1500
22720,22720,500
22721,22721,2500
22722,22722,500
22723,22723,1000
22724,22724,1000
22725,22725,500
22726,22726,1500
22727,22727,500
22728,22728,1000
22729,22729,1000
22730,22730,3000
22731,22731,3000
22732,22732,3000
22733,22733,3000
22734,22734,1500
22735,22735,1500
22736,22736,2000
22737,22737,1500
22738,22738,3000
22739,22739,500
22740,22740,2500
22741,22741,1500
22742,22742,2000
22743,22743,1000
22744,22744,2000
22745,22745,2500
22746,22746,500
22747,22747,3000
22748,22748,2000
22749,22749,500
22750,22750,1000
22751,22751,1500
22752,22752,3000
22753,22753,2000
22754,22754,1000
22755,22755,2000
22756,22756,3000
22757,22757,1000
22758,22758,3000
22759,22759,3000
22760,22760,3000
22761,22761,3000
22762,22762,2500
22763,22763,3000
22764,22764,3000
22765,22765,500
22766,22766,3000
22767,22767,500
22768,22768,2500
22769,22769,3000
22770,22770,1500
22771,22771,500
22772,22772,1500
22773,22773,500
22774,22774,500
22775,22775,1000
22776,22776,1000
22777,22777,2000
22778,22778,2000
22779,22779,1500
22780,22780,500
22781,22781,1000
22782,22782,1500
22783,22783,2000
22784,22784,2000
22785,22785,3000
22786,22786,1000
22787,22787,2500
22788,22788,3000
22789,22789,1500
22790,22790,3000
22791,22791,1500
22792,22792,1500
22793,22793,2500
22794,22794,2500
22795,22795,1000
22796,22796,3000
22797,22797,3000
22798,22798,2500
22799,22799,3000
22800,22800,3000
22801,22801,500
22802,22802,2500
22803,22803,3000
22804,22804,3000
22805,22805,3000
22806,22806,2500
22807,22807,500
22808,22808,3000
22809,22809,3000
22810,22810,2500
22811,22811,500
22812,22812,3000
22813,22813,3000
22814,22814,3000
22815,22815,3000
22816,22816,2500
22817,22817,3000
22818,22818,3000
22819,22819,1500
22820,22820,1000
22821,22821,500
22822,22822,3000
22823,22823,3000
22824,22824,2500
22825,22825,3000
22826,22826,1500
22827,22827,1500
22828,22828,3000
22829,22829,2500
22830,22830,2500
22831,22831,3000
22832,22832,1000
22833,22833,1500
22834,22834,1500
22835,22835,1500
22836,22836,3000
22837,22837,3000
22838,22838,500
22839,22839,1500
22840,22840,2500
22841,22841,3000
22842,22842,3000
22843,22843,3000
22844,22844,1500
22845,22845,2000
22846,22846,2500
22847,22847,1500
22848,22848,2500
22849,22849,2000
22850,22850,500
22851,22851,3000
22852,22852,3000
22853,22853,3000
22854,22854,3000
22855,22855,1500
22856,22856,3000
22857,22857,1500
22858,22858,1000
22859,22859,500
22860,22860,3000
22861,22861,500
22862,22862,3000
22863,22863,1500
22864,22864,3000
22865,22865,1000
22866,22866,3000
22867,22867,3000
22868,22868,1500
22869,22869,1000
22870,22870,2000
22871,22871,2000
22872,22872,3000
22873,22873,3000
22874,22874,3000
22875,22875,3000
22876,22876,1000
22877,22877,1000
22878,22878,3000
22879,22879,3000
22880,22880,2500
22881,22881,1500
22882,22882,1000
22883,22883,2000
22884,22884,1000
22885,22885,1500
22886,22886,3000
22887,22887,3000
22888,22888,2000
22889,22889,3000
22890,22890,2000
22891,22891,500
22892,22892,1500
22893,22893,500
22894,22894,3000
22895,22895,3000
22896,22896,3000
22897,22897,3000
22898,22898,3000
22899,22899,500
22900,22900,1500
22901,22901,3000
22902,22902,3000
22903,22903,1500
22904,22904,3000
22905,22905,2000
22906,22906,3000
22907,22907,1000
22908,22908,2500
22909,22909,3000
22910,22910,1000
22911,22911,1500
22912,22912,1000
22913,22913,3000
22914,22914,1500
22915,22915,3000
22916,22916,2500
22917,22917,2500
22918,22918,2500
22919,22919,2500
22920,22920,3000
22921,22921,2000
22922,22922,3000
22923,22923,2500
22924,22924,1500
22925,22925,2500
22926,22926,2000
22927,22927,1500
22928,22928,1000
22929,22929,3000
22930,22930,2500
22931,22931,1000
22932,22932,1500
22933,22933,3000
22934,22934,3000
22935,22935,500
22936,22936,3000
22937,22937,1500
22938,22938,1000
22939,22939,3000
22940,22940,1000
22941,22941,500
22942,22942,1500
22943,22943,500
22944,22944,2000
22945,22945,3000
22946,22946,500
22947,22947,1500
22948,22948,2500
22949,22949,500
22950,22950,3000
22951,22951,3000
22952,22952,1500
22953,22953,2000
22954,22954,3000
22955,22955,1500
22956,22956,3000
22957,22957,2500
22958,22958,3000
22959,22959,1000
22960,22960,1500
22961,22961,1000
22962,22962,1500
22963,22963,1000
22964,22964,2500
22965,22965,500
22966,22966,3000
22967,22967,3000
22968,22968,2000
22969,22969,2000
22970,22970,2000
22971,22971,1500
22972,22972,2000
22973,22973,3000
22974,22974,2500
22975,22975,3000
22976,22976,1500
22977,22977,3000
22978,22978,2500
22979,22979,500
22980,22980,500
22981,22981,2500
22982,22982,1000
22983,22983,2000
22984,22984,3000
22985,22985,1500
22986,22986,1500
22987,22987,3000
22988,22988,3000
22989,22989,1500
22990,22990,2000
22991,22991,3000
22992,22992,500
22993,22993,3000
22994,22994,3000
22995,22995,1500
22996,22996,1500
22997,22997,2500
22998,22998,500
22999,22999,3000
23000,23000,1500
23001,23001,1000
23002,23002,2500
23003,23003,3000
23004,23004,2500
23005,23005,2000
23006,23006,3000
23007,23007,1000
23008,23008,3000
23009,23009,1500
23010,23010,3000
23011,23011,2000
23012,23012,3000
23013,23013,2500
23014,23014,1000
23015,23015,1500
23016,23016,1500
23017,23017,1500
23018,23018,1000
23019,23019,3000
23020,23020,1500
23021,23021,1500
23022,23022,3000
23023,23023,3000
23024,23024,3000
23025,23025,2000
23026,23026,3000
23027,23027,1000
23028,23028,2000
23029,23029,3000
23030,23030,1500
23031,23031,2000
23032,23032,500
23033,23033,3000
23034,23034,1500
23035,23035,1000
23036,23036,2500
23037,23037,500
23038,23038,1500
23039,23039,3000
23040,23040,500
23041,23041,3000
23042,23042,2000
23043,23043,3000
23044,23044,3000
23045,23045,3000
23046,23046,3000
23047,23047,3000
23048,23048,2000
23049,23049,1500
23050,23050,2500
23051,23051,3000
23052,23052,500
23053,23053,3000
23054,23054,2000
23055,23055,2500
23056,23056,1500
23057,23057,3000
23058,23058,3000
23059,23059,3000
23060,23060,3000
23061,23061,3000
23062,23062,1000
23063,23063,3000
23064,23064,2500
23065,23065,500
23066,23066,3000
23067,23067,3000
23068,23068,2500
23069,23069,3000
23070,23070,1000
23071,23071,3000
23072,23072,3000
23073,23073,1500
23074,23074,500
23075,23075,2000
23076,23076,2000
23077,23077,1500
23078,23078,1000
23079,23079,2000
23080,23080,500
23081,23081,1500
23082,23082,1000
23083,23083,3000
23084,23084,1500
23085,23085,3000
23086,23086,2000
23087,23087,2000
23088,23088,2000
23089,23089,3000
23090,23090,1500
23091,23091,1500
23092,23092,1500
23093,23093,2000
23094,23094,3000
23095,23095,2500
23096,23096,1000
23097,23097,1000
23098,23098,2500
23099,23099,3000
23100,23100,500
23101,23101,2500
23102,23102,1500
23103,23103,1500
23104,23104,2000
23105,23105,3000
23106,23106,2500
23107,23107,2500
23108,23108,3000
23109,23109,500
23110,23110,3000
23111,23111,1500
23112,23112,3000
23113,23113,1500
23114,23114,2500
23115,23115,1500
23116,23116,1500
23117,23117,2500
23118,23118,3000
23119,23119,1000
23120,23120,3000
23121,23121,500
23122,23122,2500
23123,23123,3000
23124,23124,1500
23125,23125,2000
23126,23126,2500
23127,23127,1500
23128,23128,3000
23129,23129,1000
23130,23130,1500
23131,23131,1500
23132,23132,1000
23133,23133,1500
23134,23134,1500
23135,23135,3000
23136,23136,1500
23137,23137,1500
23138,23138,1500
23139,23139,2500
23140,23140,500
23141,23141,1000
23142,23142,500
23143,23143,3000
23144,23144,500
23145,23145,2500
23146,23146,3000
23147,23147,3000
23148,23148,2500
23149,23149,3000
23150,23150,3000
23151,23151,1000
23152,23152,3000
23153,23153,3000
23154,23154,3000
23155,23155,2500
23156,23156,2500
23157,23157,2500
23158,23158,1000
23159,23159,2000
23160,23160,2000
23161,23161,500
23162,23162,3000
23163,23163,3000
23164,23164,1500
23165,23165,2000
23166,23166,2000
23167,23167,1000
23168,23168,3000
23169,23169,1500
23170,23170,3000
23171,23171,3000
23172,23172,1500
23173,23173,3000
23174,23174,500
23175,23175,500
23176,23176,3000
23177,23177,3000
23178,23178,1000
23179,23179,500
23180,23180,3000
23181,23181,1000
23182,23182,3000
23183,23183,2500
23184,23184,3000
23185,23185,500
23186,23186,1500
23187,23187,3000
23188,23188,500
23189,23189,3000
23190,23190,2500
23191,23191,500
23192,23192,3000
23193,23193,3000
23194,23194,2500
23195,23195,1500
23196,23196,500
23197,23197,2500
23198,23198,3000
23199,23199,1500
23200,23200,3000
23201,23201,3000
23202,23202,2000
23203,23203,3000
23204,23204,1000
23205,23205,1500
23206,23206,2000
23207,23207,2500
23208,23208,1500
23209,23209,1000
23210,23210,1000
23211,23211,1000
23212,23212,500
23213,23213,1000
23214,23214,2500
23215,23215,1500
23216,23216,3000
23217,23217,3000
23218,23218,2000
23219,23219,2000
23220,23220,500
23221,23221,1500
23222,23222,1000
23223,23223,2500
23224,23224,500
23225,23225,2000
23226,23226,500
23227,23227,3000
23228,23228,2000
23229,23229,500
23230,23230,500
23231,23231,3000
23232,23232,2000
23233,23233,2500
23234,23234,1000
23235,23235,3000
23236,23236,3000
23237,23237,3000
23238,23238,1000
23239,23239,3000
23240,23240,3000
23241,23241,3000
23242,23242,3000
23243,23243,2500
23244,23244,1500
23245,23245,3000
23246,23246,3000
23247,23247,3000
23248,23248,1000
23249,23249,3000
23250,23250,1500
23251,23251,500
23252,23252,1500
23253,23253,1000
23254,23254,3000
23255,23255,2500
23256,23256,3000
23257,23257,3000
23258,23258,2500
23259,23259,2000
23260,23260,3000
23261,23261,2000
23262,23262,3000
23263,23263,1500
23264,23264,2000
23265,23265,2000
23266,23266,3000
23267,23267,2500
23268,23268,1000
23269,23269,1500
23270,23270,3000
23271,23271,1500
23272,23272,500
23273,23273,3000
23274,23274,1500
23275,23275,3000
23276,23276,1500
23277,23277,500
23278,23278,2500
23279,23279,1500
23280,23280,1500
23281,23281,1000
23282,23282,1000
23283,23283,3000
23284,23284,3000
23285,23285,3000
23286,23286,500
23287,23287,1500
23288,23288,3000
23289,23289,3000
23290,23290,500
23291,23291,1500
23292,23292,3000
23293,23293,3000
23294,23294,500
23295,23295,500
23296,23296,1500
23297,23297,2500
23298,23298,3000
23299,23299,3000
23300,23300,1500
23301,23301,1500
23302,23302,2000
23303,23303,1500
23304,23304,2000
23305,23305,1500
23306,23306,2000
23307,23307,1500
23308,23308,3000
23309,23309,1000
23310,23310,3000
23311,23311,1500
23312,23312,3000
23313,23313,500
23314,23314,2000
23315,23315,3000
23316,23316,1500
23317,23317,1500
23318,23318,3000
23319,23319,2500
23320,23320,3000
23321,23321,2000
23322,23322,500
23323,23323,3000
23324,23324,3000
23325,23325,1500
23326,23326,3000
23327,23327,2000
23328,23328,2000
23329,23329,2500
23330,23330,1500
23331,23331,1500
23332,23332,500
23333,23333,1500
23334,23334,1000
23335,23335,2500
23336,23336,2500
23337,23337,2500
23338,23338,2000
23339,23339,1000
23340,23340,1500
23341,23341,3000
23342,23342,1500
23343,23343,2000
23344,23344,3000
23345,23345,3000
23346,23346,2500
23347,23347,2000
23348,23348,2000
23349,23349,1500
23350,23350,3000
23351,23351,1500
23352,23352,1500
23353,23353,1500
23354,23354,2000
23355,23355,2000
23356,23356,500
23357,23357,3000
23358,23358,1000
23359,23359,3000
23360,23360,3000
23361,23361,500
23362,23362,3000
23363,23363,1500
23364,23364,2000
23365,23365,1000
23366,23366,2000
23367,23367,3000
23368,23368,2000
23369,23369,3000
23370,23370,1500
23371,23371,2000
23372,23372,2000
23373,23373,1500
23374,23374,3000
23375,23375,3000
23376,23376,2500
23377,23377,500
23378,23378,500
23379,23379,1500
23380,23380,3000
23381,23381,3000
23382,23382,2000
23383,23383,500
23384,23384,1000
23385,23385,2500
23386,23386,3000
23387,23387,1500
23388,23388,1500
23389,23389,2000
23390,23390,1500
23391,23391,2500
23392,23392,1000
23393,23393,3000
23394,23394,1500
23395,23395,3000
23396,23396,1500
23397,23397,3000
23398,23398,3000
23399,23399,1500
23400,23400,1500
23401,23401,3000
23402,23402,1500
23403,23403,2500
23404,23404,1000
23405,23405,3000
23406,23406,3000
23407,23407,1500
23408,23408,1500
23409,23409,2000
23410,23410,500
23411,23411,3000
23412,23412,500
23413,23413,2500
23414,23414,1500
23415,23415,1000
23416,23416,1500
23417,23417,2500
23418,23418,500
23419,23419,1500
23420,23420,500
23421,23421,1000
23422,23422,3000
23423,23423,2000
23424,23424,500
23425,23425,2500
23426,23426,3000
23427,23427,1500
23428,23428,500
23429,23429,1500
23430,23430,1500
23431,23431,500
23432,23432,3000
23433,23433,500
23434,23434,3000
23435,23435,3000
23436,23436,500
23437,23437,500
23438,23438,1000
23439,23439,2500
23440,23440,3000
23441,23441,2500
23442,23442,500
23443,23443,3000
23444,23444,3000
23445,23445,3000
23446,23446,1500
23447,23447,1500
23448,23448,3000
23449,23449,1000
23450,23450,2500
23451,23451,2500
23452,23452,2000
23453,23453,3000
23454,23454,1500
23455,23455,1000
23456,23456,2500
23457,23457,1500
23458,23458,1500
23459,23459,1500
23460,23460,2500
23461,23461,3000
23462,23462,3000
23463,23463,3000
23464,23464,1500
23465,23465,3000
23466,23466,1500
23467,23467,1500
23468,23468,2500
23469,23469,2000
23470,23470,1500
23471,23471,2500
23472,23472,1000
23473,23473,2500
23474,23474,3000
23475,23475,1500
23476,23476,1500
23477,23477,3000
23478,23478,3000
23479,23479,1500
23480,23480,3000
23481,23481,3000
23482,23482,1500
23483,23483,2500
23484,23484,1000
23485,23485,3000
23486,23486,2000
23487,23487,2500
23488,23488,1500
23489,23489,2000
23490,23490,2000
23491,23491,2000
23492,23492,3000
23493,23493,3000
23494,23494,3000
23495,23495,1500
23496,23496,3000
23497,23497,2500
23498,23498,1500
23499,23499,1000
23500,23500,3000
23501,23501,1500
23502,23502,3000
23503,23503,500
23504,23504,3000
23505,23505,3000
23506,23506,3000
23507,23507,1000
23508,23508,3000
23509,23509,2000
23510,23510,3000
23511,23511,1000
23512,23512,2500
23513,23513,500
23514,23514,500
23515,23515,3000
23516,23516,3000
23517,23517,1500
23518,23518,2000
23519,23519,3000
23520,23520,1000
23521,23521,1500
23522,23522,3000
23523,23523,1000
23524,23524,1500
23525,23525,1000
23526,23526,1500
23527,23527,500
23528,23528,3000
23529,23529,1000
23530,23530,2500
23531,23531,3000
23532,23532,1000
23533,23533,1000
23534,23534,1500
23535,23535,1500
23536,23536,3000
23537,23537,2000
23538,23538,3000
23539,23539,3000
23540,23540,1000
23541,23541,3000
23542,23542,3000
23543,23543,1500
23544,23544,3000
23545,23545,2500
23546,23546,1000
23547,23547,3000
23548,23548,3000
23549,23549,2500
23550,23550,1000
23551,23551,3000
23552,23552,1500
23553,23553,2500
23554,23554,1500
23555,23555,1500
23556,23556,2500
23557,23557,2500
23558,23558,1500
23559,23559,3000
23560,23560,2500
23561,23561,3000
23562,23562,3000
23563,23563,3000
23564,23564,2500
23565,23565,2000
23566,23566,1500
23567,23567,2000
23568,23568,500
23569,23569,3000
23570,23570,500
23571,23571,500
23572,23572,1500
23573,23573,500
23574,23574,2500
23575,23575,2000
23576,23576,1000
23577,23577,3000
23578,23578,3000
23579,23579,1000
23580,23580,3000
23581,23581,1500
23582,23582,3000
23583,23583,500
23584,23584,2500
23585,23585,3000
23586,23586,3000
23587,23587,2000
23588,23588,1500
23589,23589,1500
23590,23590,2000
23591,23591,3000
23592,23592,2500
23593,23593,2500
23594,23594,2000
23595,23595,1000
23596,23596,1500
23597,23597,1000
23598,23598,500
23599,23599,3000
23600,23600,1000
23601,23601,1000
23602,23602,2000
23603,23603,3000
23604,23604,2500
23605,23605,2000
23606,23606,1500
23607,23607,1500
23608,23608,3000
23609,23609,2500
23610,23610,1000
23611,23611,1000
23612,23612,2500
23613,23613,1500
23614,23614,500
23615,23615,1000
23616,23616,3000
23617,23617,1500
23618,23618,2500
23619,23619,3000
23620,23620,2500
23621,23621,500
23622,23622,1500
23623,23623,3000
23624,23624,1500
23625,23625,1000
23626,23626,2500
23627,23627,3000
23628,23628,3000
23629,23629,1500
23630,23630,1000
23631,23631,2500
23632,23632,1500
23633,23633,1500
23634,23634,1000
23635,23635,1500
23636,23636,2000
23637,23637,1500
23638,23638,2000
23639,23639,3000
23640,23640,1000
23641,23641,1500
23642,23642,1500
23643,23643,3000
23644,23644,1500
23645,23645,3000
23646,23646,1500
23647,23647,1000
23648,23648,1000
23649,23649,3000
23650,23650,2500
23651,23651,1500
23652,23652,2000
23653,23653,2000
23654,23654,3000
23655,23655,3000
23656,23656,500
23657,23657,3000
23658,23658,1500
23659,23659,1500
23660,23660,1500
23661,23661,1000
23662,23662,3000
23663,23663,1500
23664,23664,1000
23665,23665,2000
23666,23666,1000
23667,23667,3000
23668,23668,1500
23669,23669,3000
23670,23670,500
23671,23671,1500
23672,23672,2500
23673,23673,500
23674,23674,1500
23675,23675,1500
23676,23676,1500
23677,23677,500
23678,23678,1500
23679,23679,500
23680,23680,3000
23681,23681,2000
23682,23682,2000
23683,23683,1500
23684,23684,1000
23685,23685,1500
23686,23686,500
23687,23687,2500
23688,23688,1500
23689,23689,3000
23690,23690,3000
23691,23691,3000
23692,23692,3000
23693,23693,3000
23694,23694,1000
23695,23695,3000
23696,23696,2000
23697,23697,3000
23698,23698,3000
23699,23699,3000
23700,23700,3000
23701,23701,2500
23702,23702,3000
23703,23703,1000
23704,23704,2000
23705,23705,1500
23706,23706,3000
23707,23707,1500
23708,23708,3000
23709,23709,500
23710,23710,3000
23711,23711,1500
23712,23712,1000
23713,23713,2500
23714,23714,1000
23715,23715,1000
23716,23716,2500
23717,23717,3000
23718,23718,3000
23719,23719,500
23720,23720,3000
23721,23721,3000
23722,23722,2500
23723,23723,1500
23724,23724,3000
23725,23725,500
23726,23726,2000
23727,23727,500
23728,23728,3000
23729,23729,2000
23730,23730,1500
23731,23731,3000
23732,23732,2500
23733,23733,1000
23734,23734,2500
23735,23735,1500
23736,23736,1500
23737,23737,1500
23738,23738,2500
23739,23739,3000
23740,23740,1500
23741,23741,1500
23742,23742,2500
23743,23743,500
23744,23744,2500
23745,23745,1000
23746,23746,3000
23747,23747,1000
23748,23748,500
23749,23749,1000
23750,23750,500
23751,23751,1000
23752,23752,3000
23753,23753,1000
23754,23754,1500
23755,23755,500
23756,23756,2500
23757,23757,3000
23758,23758,3000
23759,23759,3000
23760,23760,3000
23761,23761,1000
23762,23762,3000
23763,23763,2000
23764,23764,500
23765,23765,3000
23766,23766,2500
23767,23767,1500
23768,23768,3000
23769,23769,2500
23770,23770,1500
23771,23771,1500
23772,23772,2500
23773,23773,500
23774,23774,3000
23775,23775,3000
23776,23776,1000
23777,23777,1500
23778,23778,3000
23779,23779,3000
23780,23780,1500
23781,23781,1000
23782,23782,2500
23783,23783,3000
23784,23784,3000
23785,23785,2500
23786,23786,500
23787,23787,3000
23788,23788,1500
23789,23789,3000
23790,23790,500
23791,23791,2000
23792,23792,2000
23793,23793,3000
23794,23794,500
23795,23795,3000
23796,23796,3000
23797,23797,3000
23798,23798,1500
23799,23799,2500
23800,23800,1500
23801,23801,1500
23802,23802,3000
23803,23803,1500
23804,23804,3000
23805,23805,2000
23806,23806,3000
23807,23807,2500
23808,23808,2500
23809,23809,1500
23810,23810,2500
23811,23811,500
23812,23812,2500
23813,23813,3000
23814,23814,1500
23815,23815,3000
23816,23816,1500
23817,23817,3000
23818,23818,3000
23819,23819,3000
23820,23820,1500
23821,23821,1500
23822,23822,1500
23823,23823,1500
23824,23824,500
23825,23825,3000
23826,23826,2500
23827,23827,2500
23828,23828,500
23829,23829,3000
23830,23830,3000
23831,23831,1500
23832,23832,1500
23833,23833,2500
23834,23834,1500
23835,23835,500
23836,23836,1000
23837,23837,1000
23838,23838,3000
23839,23839,3000
23840,23840,3000
23841,23841,3000
23842,23842,2500
23843,23843,3000
23844,23844,3000
23845,23845,2000
23846,23846,1500
23847,23847,500
23848,23848,1500
23849,23849,3000
23850,23850,1500
23851,23851,2000
23852,23852,1500
23853,23853,2500
23854,23854,1500
23855,23855,3000
23856,23856,3000
23857,23857,3000
23858,23858,2000
23859,23859,2500
23860,23860,500
23861,23861,1000
23862,23862,3000
23863,23863,3000
23864,23864,2000
23865,23865,3000
23866,23866,1500
23867,23867,2000
23868,23868,3000
23869,23869,3000
23870,23870,3000
23871,23871,3000
23872,23872,1500
23873,23873,500
23874,23874,1000
23875,23875,1500
23876,23876,1500
23877,23877,3000
23878,23878,3000
23879,23879,1000
23880,23880,2000
23881,23881,1500
23882,23882,3000
23883,23883,3000
23884,23884,500
23885,23885,3000
23886,23886,1500
23887,23887,1500
23888,23888,3000
23889,23889,1500
23890,23890,1500
23891,23891,500
23892,23892,3000
23893,23893,500
23894,23894,3000
23895,23895,3000
23896,23896,2500
23897,23897,1500
23898,23898,1000
23899,23899,500
23900,23900,3000
23901,23901,500
23902,23902,1500
23903,23903,3000
23904,23904,500
23905,23905,1500
23906,23906,3000
23907,23907,3000
23908,23908,3000
23909,23909,3000
23910,23910,500
23911,23911,1000
23912,23912,2000
23913,23913,1500
23914,23914,3000
23915,23915,1500
23916,23916,3000
23917,23917,3000
23918,23918,500
23919,23919,1500
23920,23920,3000
23921,23921,2000
23922,23922,3000
23923,23923,3000
23924,23924,1000
23925,23925,3000
23926,23926,500
23927,23927,1500
23928,23928,3000
23929,23929,3000
23930,23930,1500
23931,23931,3000
23932,23932,3000
23933,23933,3000
23934,23934,500
23935,23935,3000
23936,23936,3000
23937,23937,3000
23938,23938,3000
23939,23939,3000
23940,23940,3000
23941,23941,2500
23942,23942,500
23943,23943,3000
23944,23944,1500
23945,23945,1500
23946,23946,1500
23947,23947,2500
23948,23948,3000
23949,23949,2500
23950,23950,1000
23951,23951,3000
23952,23952,500
23953,23953,1500
23954,23954,1000
23955,23955,1000
23956,23956,1500
23957,23957,1500
23958,23958,3000
23959,23959,1500
23960,23960,3000
23961,23961,1500
23962,23962,500
23963,23963,2000
23964,23964,2500
23965,23965,2000
23966,23966,2500
23967,23967,1500
23968,23968,500
23969,23969,1000
23970,23970,3000
23971,23971,3000
23972,23972,2500
23973,23973,3000
23974,23974,2000
23975,23975,3000
23976,23976,2500
23977,23977,1000
23978,23978,3000
23979,23979,1500
23980,23980,1000
23981,23981,2000
23982,23982,500
23983,23983,2500
23984,23984,1000
23985,23985,1500
23986,23986,1500
23987,23987,2000
23988,23988,3000
23989,23989,500
23990,23990,3000
23991,23991,3000
23992,23992,3000
23993,23993,1000
23994,23994,2500
23995,23995,1500
23996,23996,3000
23997,23997,3000
23998,23998,2000
23999,23999,3000
24000,24000,2000
24001,24001,3000
24002,24002,1000
24003,24003,1000
24004,24004,1500
24005,24005,2000
24006,24006,1500
24007,24007,2000
24008,24008,2500
24009,24009,3000
24010,24010,3000
24011,24011,1500
24012,24012,1500
24013,24013,1000
24014,24014,2000
24015,24015,3000
24016,24016,3000
24017,24017,1000
24018,24018,3000
24019,24019,2500
24020,24020,1000
24021,24021,500
24022,24022,3000
24023,24023,2000
24024,24024,3000
24025,24025,2500
24026,24026,500
24027,24027,2000
24028,24028,1500
24029,24029,500
24030,24030,1500
24031,24031,1000
24032,24032,2000
24033,24033,3000
24034,24034,3000
24035,24035,3000
24036,24036,1500
24037,24037,3000
24038,24038,2500
24039,24039,500
24040,24040,2000
24041,24041,2000
24042,24042,3000
24043,24043,2500
24044,24044,3000
24045,24045,3000
24046,24046,1000
24047,24047,3000
24048,24048,1500
24049,24049,3000
24050,24050,2500
24051,24051,1500
24052,24052,1500
24053,24053,1500
24054,24054,1500
24055,24055,2500
24056,24056,3000
24057,24057,3000
24058,24058,2000
24059,24059,2000
24060,24060,1500
24061,24061,1500
24062,24062,3000
24063,24063,3000
24064,24064,1500
24065,24065,3000
24066,24066,1500
24067,24067,1500
24068,24068,3000
24069,24069,1000
24070,24070,2000
24071,24071,3000
24072,24072,500
24073,24073,500
24074,24074,500
24075,24075,1000
24076,24076,1000
24077,24077,1500
24078,24078,3000
24079,24079,3000
24080,24080,1500
24081,24081,3000
24082,24082,1500
24083,24083,3000
24084,24084,3000
24085,24085,3000
24086,24086,2000
24087,24087,3000
24088,24088,500
24089,24089,2500
24090,24090,3000
24091,24091,500
24092,24092,2500
24093,24093,500
24094,24094,3000
24095,24095,3000
24096,24096,2000
24097,24097,2000
24098,24098,3000
24099,24099,3000
24100,24100,2500
24101,24101,1500
24102,24102,3000
24103,24103,2000
24104,24104,3000
24105,24105,3000
24106,24106,3000
24107,24107,3000
24108,24108,1500
24109,24109,500
24110,24110,3000
24111,24111,3000
24112,24112,1500
24113,24113,1500
24114,24114,3000
24115,24115,500
24116,24116,2500
24117,24117,2000
24118,24118,2500
24119,24119,3000
24120,24120,1500
24121,24121,500
24122,24122,3000
24123,24123,1500
24124,24124,500
24125,24125,1500
24126,24126,500
24127,24127,1500
24128,24128,3000
24129,24129,3000
24130,24130,2000
24131,24131,3000
24132,24132,2000
24133,24133,3000
24134,24134,2000
24135,24135,1500
24136,24136,3000
24137,24137,1000
24138,24138,2500
24139,24139,2500
24140,24140,2500
24141,24141,3000
24142,24142,1500
24143,24143,500
24144,24144,3000
24145,24145,3000
24146,24146,2500
24147,24147,1500
24148,24148,2500
24149,24149,2500
24150,24150,1000
24151,24151,3000
24152,24152,1500
24153,24153,3000
24154,24154,3000
24155,24155,2500
24156,24156,2500
24157,24157,3000
24158,24158,1500
24159,24159,3000
24160,24160,1500
24161,24161,3000
24162,24162,1000
24163,24163,1500
24164,24164,2000
24165,24165,2000
24166,24166,2000
24167,24167,1500
24168,24168,500
24169,24169,3000
24170,24170,500
24171,24171,3000
24172,24172,1000
24173,24173,2000
24174,24174,3000
24175,24175,2500
24176,24176,3000
24177,24177,3000
24178,24178,1500
24179,24179,500
24180,24180,2500
24181,24181,2500
24182,24182,2000
24183,24183,2000
24184,24184,1000
24185,24185,2500
24186,24186,500
24187,24187,2500
24188,24188,500
24189,24189,1500
24190,24190,1000
24191,24191,3000
24192,24192,2000
24193,24193,1500
24194,24194,1500
24195,24195,3000
24196,24196,2500
24197,24197,2000
24198,24198,500
24199,24199,500
24200,24200,1500
24201,24201,2500
24202,24202,3000
24203,24203,3000
24204,24204,1000
24205,24205,3000
24206,24206,1500
24207,24207,2500
24208,24208,1500
24209,24209,3000
24210,24210,3000
24211,24211,1000
24212,24212,3000
24213,24213,2500
24214,24214,500
24215,24215,1500
24216,24216,2000
24217,24217,500
24218,24218,500
24219,24219,1000
24220,24220,2000
24221,24221,3000
24222,24222,500
24223,24223,500
24224,24224,3000
24225,24225,3000
24226,24226,500
24227,24227,3000
24228,24228,1000
24229,24229,3000
24230,24230,2000
24231,24231,500
24232,24232,1500
24233,24233,1500
24234,24234,1500
24235,24235,500
24236,24236,1500
24237,24237,1000
24238,24238,2500
24239,24239,1500
24240,24240,2500
24241,24241,1000
24242,24242,500
24243,24243,1500
24244,24244,500
24245,24245,1500
24246,24246,1000
24247,24247,1000
24248,24248,2500
24249,24249,3000
24250,24250,3000
24251,24251,3000
24252,24252,3000
24253,24253,3000
24254,24254,1500
24255,24255,2000
24256,24256,2000
24257,24257,1500
24258,24258,2000
24259,24259,1000
24260,24260,2500
24261,24261,1500
24262,24262,3000
24263,24263,3000
24264,24264,2000
24265,24265,500
24266,24266,3000
24267,24267,2000
24268,24268,2500
24269,24269,2500
24270,24270,3000
24271,24271,2500
24272,24272,1500
24273,24273,1500
24274,24274,1000
24275,24275,3000
24276,24276,2500
24277,24277,2500
24278,24278,3000
24279,24279,1000
24280,24280,1000
24281,24281,3000
24282,24282,3000
24283,24283,3000
24284,24284,2500
24285,24285,3000
24286,24286,2500
24287,24287,3000
24288,24288,3000
24289,24289,1500
24290,24290,1500
24291,24291,3000
24292,24292,3000
24293,24293,2000
24294,24294,2500
24295,24295,1000
24296,24296,1000
24297,24297,500
24298,24298,1500
24299,24299,1000
24300,24300,3000
24301,24301,1000
24302,24302,3000
24303,24303,2500
24304,24304,1000
24305,24305,1000
24306,24306,2000
24307,24307,3000
24308,24308,3000
24309,24309,1500
24310,24310,2000
24311,24311,3000
24312,24312,3000
24313,24313,1500
24314,24314,1000
24315,24315,1500
24316,24316,3000
24317,24317,500
24318,24318,2000
24319,24319,1500
24320,24320,1500
24321,24321,3000
24322,24322,1500
24323,24323,1500
24324,24324,2000
24325,24325,2500
24326,24326,1000
24327,24327,3000
24328,24328,2000
24329,24329,3000
24330,24330,2000
24331,24331,3000
24332,24332,3000
24333,24333,3000
24334,24334,500
24335,24335,3000
24336,24336,1500
24337,24337,3000
24338,24338,1500
24339,24339,3000
24340,24340,3000
24341,24341,500
24342,24342,1500
24343,24343,500
24344,24344,3000
24345,24345,1500
24346,24346,2000
24347,24347,500
24348,24348,500
24349,24349,3000
24350,24350,3000
24351,24351,2500
24352,24352,3000
24353,24353,500
24354,24354,1500
24355,24355,3000
24356,24356,1500
24357,24357,2000
24358,24358,3000
24359,24359,500
24360,24360,1500
24361,24361,3000
24362,24362,2500
24363,24363,500
24364,24364,1000
24365,24365,500
24366,24366,500
24367,24367,3000
24368,24368,1500
24369,24369,500
24370,24370,3000
24371,24371,1000
24372,24372,1500
24373,24373,3000
24374,24374,2500
24375,24375,3000
24376,24376,3000
24377,24377,3000
24378,24378,3000
24379,24379,3000
24380,24380,3000
24381,24381,1000
24382,24382,2500
24383,24383,1500
24384,24384,3000
24385,24385,2000
24386,24386,1500
24387,24387,3000
24388,24388,1500
24389,24389,1500
24390,24390,3000
24391,24391,2000
24392,24392,1500
24393,24393,2000
24394,24394,3000
24395,24395,2500
24396,24396,1000
24397,24397,3000
24398,24398,3000
24399,24399,3000
24400,24400,3000
24401,24401,1500
24402,24402,1000
24403,24403,3000
24404,24404,3000
24405,24405,2000
24406,24406,500
24407,24407,3000
24408,24408,3000
24409,24409,1000
24410,24410,3000
24411,24411,1500
24412,24412,3000
24413,24413,2000
24414,24414,1500
24415,24415,3000
24416,24416,500
24417,24417,3000
24418,24418,3000
24419,24419,3000
24420,24420,3000
24421,24421,3000
24422,24422,2000
24423,24423,2500
24424,24424,2000
24425,24425,1500
24426,24426,3000
24427,24427,2500
24428,24428,500
24429,24429,1000
24430,24430,1500
24431,24431,2000
24432,24432,2000
24433,24433,1500
24434,24434,2500
24435,24435,1500
24436,24436,3000
24437,24437,1000
24438,24438,2000
24439,24439,500
24440,24440,1000
24441,24441,500
24442,24442,2000
24443,24443,500
24444,24444,2000
24445,24445,3000
24446,24446,3000
24447,24447,1000
24448,24448,1500
24449,24449,3000
24450,24450,3000
24451,24451,1500
24452,24452,2500
24453,24453,1500
24454,24454,2000
24455,24455,3000
24456,24456,3000
24457,24457,3000
24458,24458,1500
24459,24459,2500
24460,24460,2000
24461,24461,3000
24462,24462,1500
24463,24463,3000
24464,24464,2000
24465,24465,1000
24466,24466,2000
24467,24467,2500
24468,24468,2000
24469,24469,3000
24470,24470,1500
24471,24471,2000
24472,24472,3000
24473,24473,3000
24474,24474,1000
24475,24475,3000
24476,24476,3000
24477,24477,3000
24478,24478,500
24479,24479,3000
24480,24480,1500
24481,24481,2000
24482,24482,3000
24483,24483,1500
24484,24484,3000
24485,24485,3000
24486,24486,1500
24487,24487,1500
24488,24488,1500
24489,24489,1000
24490,24490,1500
24491,24491,1000
24492,24492,2500
24493,24493,500
24494,24494,2000
24495,24495,3000
24496,24496,1500
24497,24497,3000
24498,24498,1500
24499,24499,3000
24500,24500,3000
24501,24501,1500
24502,24502,3000
24503,24503,1500
24504,24504,3000
24505,24505,1500
24506,24506,2000
24507,24507,3000
24508,24508,3000
24509,24509,1500
24510,24510,2500
24511,24511,1500
24512,24512,500
24513,24513,1500
24514,24514,1000
24515,24515,2500
24516,24516,1000
24517,24517,3000
24518,24518,3000
24519,24519,1500
24520,24520,1500
24521,24521,1000
24522,24522,2500
24523,24523,500
24524,24524,1500
24525,24525,2000
24526,24526,1500
24527,24527,3000
24528,24528,1000
24529,24529,1500
24530,24530,1500
24531,24531,3000
24532,24532,1500
24533,24533,2500
24534,24534,3000
24535,24535,3000
24536,24536,3000
24537,24537,3000
24538,24538,2000
24539,24539,500
24540,24540,500
24541,24541,3000
24542,24542,500
24543,24543,2000
24544,24544,1000
24545,24545,1000
24546,24546,1000
24547,24547,2000
24548,24548,1000
24549,24549,3000
24550,24550,2000
24551,24551,2000
24552,24552,3000
24553,24553,1500
24554,24554,500
24555,24555,2500
24556,24556,1000
24557,24557,1000
24558,24558,500
24559,24559,3000
24560,24560,3000
24561,24561,3000
24562,24562,500
24563,24563,2000
24564,24564,2000
24565,24565,2500
24566,24566,2500
24567,24567,1500
24568,24568,1500
24569,24569,2000
24570,24570,2500
24571,24571,2500
24572,24572,2500
24573,24573,500
24574,24574,3000
24575,24575,500
24576,24576,3000
24577,24577,3000
24578,24578,2500
24579,24579,3000
24580,24580,3000
24581,24581,1000
24582,24582,2000
24583,24583,1000
24584,24584,2500
24585,24585,1500
24586,24586,2000
24587,24587,1500
24588,24588,3000
24589,24589,1500
24590,24590,2500
24591,24591,1500
24592,24592,3000
24593,24593,3000
24594,24594,1500
24595,24595,500
24596,24596,500
24597,24597,3000
24598,24598,3000
24599,24599,3000
24600,24600,1500
24601,24601,3000
24602,24602,2500
24603,24603,1500
24604,24604,3000
24605,24605,2000
24606,24606,2500
24607,24607,1000
24608,24608,3000
24609,24609,2000
24610,24610,3000
24611,24611,500
24612,24612,1500
24613,24613,2500
24614,24614,1000
24615,24615,3000
24616,24616,3000
24617,24617,1000
24618,24618,3000
24619,24619,1500
24620,24620,3000
24621,24621,2500
24622,24622,3000
24623,24623,500
24624,24624,3000
24625,24625,1500
24626,24626,1000
24627,24627,3000
24628,24628,1000
24629,24629,1000
24630,24630,2000
24631,24631,1500
24632,24632,3000
24633,24633,2500
24634,24634,3000
24635,24635,3000
24636,24636,500
24637,24637,2500
24638,24638,1500
24639,24639,3000
24640,24640,3000
24641,24641,3000
24642,24642,2000
24643,24643,2500
24644,24644,3000
24645,24645,2000
24646,24646,3000
24647,24647,3000
24648,24648,500
24649,24649,3000
24650,24650,500
24651,24651,1500
24652,24652,3000
24653,24653,2000
24654,24654,2000
24655,24655,2500
24656,24656,3000
24657,24657,3000
24658,24658,2000
24659,24659,1500
24660,24660,500
24661,24661,1000
24662,24662,2500
24663,24663,2000
24664,24664,3000
24665,24665,2500
24666,24666,1500
24667,24667,3000
24668,24668,1500
24669,24669,3000
24670,24670,1000
24671,24671,1500
24672,24672,1500
24673,24673,2000
24674,24674,2000
24675,24675,1500
24676,24676,3000
24677,24677,3000
24678,24678,3000
24679,24679,2500
24680,24680,1500
24681,24681,1500
24682,24682,1000
24683,24683,2500
24684,24684,2500
24685,24685,1000
24686,24686,1500
24687,24687,3000
24688,24688,1500
24689,24689,2000
24690,24690,1500
24691,24691,3000
24692,24692,1500
24693,24693,2500
24694,24694,1500
24695,24695,500
24696,24696,3000
24697,24697,1000
24698,24698,1500
24699,24699,3000
24700,24700,1500
24701,24701,3000
24702,24702,1500
24703,24703,3000
24704,24704,2500
24705,24705,1500
24706,24706,1000
24707,24707,3000
24708,24708,2000
24709,24709,3000
24710,24710,2000
24711,24711,3000
24712,24712,2500
24713,24713,3000
24714,24714,1500
24715,24715,3000
24716,24716,2500
24717,24717,2000
24718,24718,500
24719,24719,3000
24720,24720,3000
24721,24721,1500
24722,24722,1000
24723,24723,1500
24724,24724,3000
24725,24725,3000
24726,24726,1500
24727,24727,3000
24728,24728,500
24729,24729,2500
24730,24730,3000
24731,24731,3000
24732,24732,3000
24733,24733,2000
24734,24734,1000
24735,24735,1000
24736,24736,2000
24737,24737,2000
24738,24738,2500
24739,24739,500
24740,24740,1500
24741,24741,3000
24742,24742,3000
24743,24743,1500
24744,24744,3000
24745,24745,1500
24746,24746,3000
24747,24747,3000
24748,24748,3000
24749,24749,500
24750,24750,1500
24751,24751,1500
24752,24752,2500
24753,24753,500
24754,24754,3000
24755,24755,500
24756,24756,2000
24757,24757,3000
24758,24758,1500
24759,24759,2500
24760,24760,3000
24761,24761,2000
24762,24762,1000
24763,24763,3000
24764,24764,3000
24765,24765,2000
24766,24766,2000
24767,24767,1500
24768,24768,1500
24769,24769,500
24770,24770,3000
24771,24771,2500
24772,24772,1000
24773,24773,500
24774,24774,1500
24775,24775,1500
24776,24776,2000
24777,24777,3000
24778,24778,500
24779,24779,3000
24780,24780,1000
24781,24781,3000
24782,24782,3000
24783,24783,3000
24784,24784,1000
24785,24785,1500
24786,24786,3000
24787,24787,1000
24788,24788,2500
24789,24789,1500
24790,24790,1500
24791,24791,3000
24792,24792,3000
24793,24793,3000
24794,24794,3000
24795,24795,1000
24796,24796,3000
24797,24797,1500
24798,24798,1000
24799,24799,3000
24800,24800,2500
24801,24801,3000
24802,24802,1500
24803,24803,2000
24804,24804,500
24805,24805,2000
24806,24806,3000
24807,24807,3000
24808,24808,1500
24809,24809,1500
24810,24810,3000
24811,24811,1500
24812,24812,3000
24813,24813,1500
24814,24814,3000
24815,24815,1000
24816,24816,3000
24817,24817,1500
24818,24818,500
24819,24819,2000
24820,24820,1500
24821,24821,2000
24822,24822,3000
24823,24823,1000
24824,24824,2500
24825,24825,1000
24826,24826,500
24827,24827,3000
24828,24828,2500
24829,24829,3000
24830,24830,3000
24831,24831,3000
24832,24832,1500
24833,24833,1500
24834,24834,3000
24835,24835,1000
24836,24836,3000
24837,24837,500
24838,24838,2000
24839,24839,2000
24840,24840,3000
24841,24841,2500
24842,24842,3000
24843,24843,3000
24844,24844,500
24845,24845,2000
24846,24846,1500
24847,24847,1500
24848,24848,500
24849,24849,3000
24850,24850,2000
24851,24851,3000
24852,24852,3000
24853,24853,1500
24854,24854,1000
24855,24855,2000
24856,24856,2000
24857,24857,1000
24858,24858,3000
24859,24859,3000
24860,24860,1000
24861,24861,1500
24862,24862,1000
24863,24863,3000
24864,24864,2000
24865,24865,500
24866,24866,2500
24867,24867,3000
24868,24868,1000
24869,24869,1000
24870,24870,3000
24871,24871,1500
24872,24872,1500
24873,24873,1500
24874,24874,2000
24875,24875,3000
24876,24876,3000
24877,24877,3000
24878,24878,3000
24879,24879,3000
24880,24880,3000
24881,24881,2500
24882,24882,2000
24883,24883,500
24884,24884,3000
24885,24885,1500
24886,24886,2500
24887,24887,3000
24888,24888,500
24889,24889,1500
24890,24890,3000
24891,24891,2500
24892,24892,1500
24893,24893,1000
24894,24894,2000
24895,24895,1500
24896,24896,2000
24897,24897,2000
24898,24898,500
24899,24899,500
24900,24900,3000
24901,24901,500
24902,24902,1000
24903,24903,3000
24904,24904,2500
24905,24905,500
24906,24906,3000
24907,24907,500
24908,24908,1500
24909,24909,500
24910,24910,1000
24911,24911,1500
24912,24912,3000
24913,24913,1500
24914,24914,2000
24915,24915,1500
24916,24916,3000
24917,24917,3000
24918,24918,2000
24919,24919,3000
24920,24920,2500
24921,24921,3000
24922,24922,3000
24923,24923,1500
24924,24924,3000
24925,24925,2000
24926,24926,500
24927,24927,1000
24928,24928,2000
24929,24929,2000
24930,24930,3000
24931,24931,3000
24932,24932,1500
24933,24933,500
24934,24934,1000
24935,24935,1000
24936,24936,2500
24937,24937,1000
24938,24938,500
24939,24939,3000
24940,24940,1000
24941,24941,1000
24942,24942,2500
24943,24943,1000
24944,24944,1000
24945,24945,3000
24946,24946,3000
24947,24947,1500
24948,24948,2000
24949,24949,3000
24950,24950,1500
24951,24951,1000
24952,24952,3000
24953,24953,1500
24954,24954,1500
24955,24955,2000
24956,24956,1500
24957,24957,1000
24958,24958,1500
24959,24959,500
24960,24960,3000
24961,24961,1500
24962,24962,500
24963,24963,1000
24964,24964,1000
24965,24965,1000
24966,24966,1000
24967,24967,3000
24968,24968,3000
24969,24969,1000
24970,24970,500
24971,24971,2000
24972,24972,1500
24973,24973,3000
24974,24974,2500
24975,24975,500
24976,24976,1000
24977,24977,3000
24978,24978,3000
24979,24979,2500
24980,24980,2000
24981,24981,2500
24982,24982,2000
24983,24983,3000
24984,24984,2000
24985,24985,1500
24986,24986,1500
24987,24987,3000
24988,24988,500
24989,24989,3000
24990,24990,3000
24991,24991,1500
24992,24992,3000
24993,24993,1500
24994,24994,3000
24995,24995,1000
24996,24996,3000
24997,24997,1500
24998,24998,1000
24999,24999,1000
25000,25000,3000
25001,25001,3000
25002,25002,3000
25003,25003,2500
25004,25004,1000
25005,25005,1000
25006,25006,3000
25007,25007,3000
25008,25008,500
25009,25009,3000
25010,25010,3000
25011,25011,3000
25012,25012,1500
25013,25013,3000
25014,25014,1500
25015,25015,2500
25016,25016,500
25017,25017,3000
25018,25018,1500
25019,25019,1000
25020,25020,1500
25021,25021,1500
25022,25022,1000
25023,25023,1000
25024,25024,1000
25025,25025,3000
25026,25026,3000
25027,25027,3000
25028,25028,1000
25029,25029,2000
25030,25030,1500
25031,25031,3000
25032,25032,2000
25033,25033,2500
25034,25034,3000
25035,25035,1500
25036,25036,2000
25037,25037,2000
25038,25038,3000
25039,25039,2500
25040,25040,3000
25041,25041,3000
25042,25042,1000
25043,25043,1000
25044,25044,1000
25045,25045,1000
25046,25046,1000
25047,25047,1500
25048,25048,3000
25049,25049,3000
25050,25050,1500
25051,25051,1500
25052,25052,1000
25053,25053,1000
25054,25054,1500
25055,25055,3000
25056,25056,1500
25057,25057,3000
25058,25058,1500
25059,25059,3000
25060,25060,1500
25061,25061,3000
25062,25062,1000
25063,25063,2500
25064,25064,2000
25065,25065,3000
25066,25066,3000
25067,25067,1000
25068,25068,1000
25069,25069,2500
25070,25070,2500
25071,25071,3000
25072,25072,2000
25073,25073,1000
25074,25074,3000
25075,25075,500
25076,25076,3000
25077,25077,1500
25078,25078,2500
25079,25079,2500
25080,25080,1500
25081,25081,1500
25082,25082,3000
25083,25083,500
25084,25084,2000
25085,25085,1500
25086,25086,2000
25087,25087,3000
25088,25088,500
25089,25089,1500
25090,25090,1500
25091,25091,3000
25092,25092,1500
25093,25093,3000
25094,25094,2500
25095,25095,2000
25096,25096,2500
25097,25097,3000
25098,25098,3000
25099,25099,500
25100,25100,2000
25101,25101,2500
25102,25102,500
25103,25103,2500
25104,25104,3000
25105,25105,500
25106,25106,1500
25107,25107,2000
25108,25108,2500
25109,25109,1000
25110,25110,1500
25111,25111,3000
25112,25112,1500
25113,25113,3000
25114,25114,1500
25115,25115,3000
25116,25116,3000
25117,25117,1500
25118,25118,2500
25119,25119,3000
25120,25120,1000
25121,25121,1500
25122,25122,3000
25123,25123,1000
25124,25124,2000
25125,25125,3000
25126,25126,3000
25127,25127,3000
25128,25128,2000
25129,25129,3000
25130,25130,1500
25131,25131,3000
25132,25132,1500
25133,25133,3000
25134,25134,1000
25135,25135,1000
25136,25136,3000
25137,25137,3000
25138,25138,3000
25139,25139,1500
25140,25140,3000
25141,25141,2000
25142,25142,1500
25143,25143,500
25144,25144,1500
25145,25145,2500
25146,25146,2000
25147,25147,3000
25148,25148,3000
25149,25149,1000
25150,25150,3000
25151,25151,3000
25152,25152,1500
25153,25153,2000
25154,25154,3000
25155,25155,1500
25156,25156,3000
25157,25157,1000
25158,25158,3000
25159,25159,1500
25160,25160,3000
25161,25161,3000
25162,25162,3000
25163,25163,2000
25164,25164,500
25165,25165,1500
25166,25166,3000
25167,25167,1500
25168,25168,2000
25169,25169,1500
25170,25170,2500
25171,25171,1500
25172,25172,500
25173,25173,1500
25174,25174,1000
25175,25175,1500
25176,25176,1500
25177,25177,2500
25178,25178,500
25179,25179,1500
25180,25180,500
25181,25181,1500
25182,25182,3000
25183,25183,2500
25184,25184,1500
25185,25185,1000
25186,25186,500
25187,25187,1500
25188,25188,2000
25189,25189,1500
25190,25190,3000
25191,25191,500
25192,25192,2000
25193,25193,3000
25194,25194,1500
25195,25195,2000
25196,25196,500
25197,25197,2000
25198,25198,3000
25199,25199,500
25200,25200,1500
25201,25201,500
25202,25202,1500
25203,25203,3000
25204,25204,1500
25205,25205,3000
25206,25206,3000
25207,25207,3000
25208,25208,2000
25209,25209,500
25210,25210,1500
25211,25211,1000
25212,25212,500
25213,25213,2500
25214,25214,1500
25215,25215,2000
25216,25216,3000
25217,25217,3000
25218,25218,1500
25219,25219,2000
25220,25220,1000
25221,25221,1500
25222,25222,2500
25223,25223,2500
25224,25224,1000
25225,25225,1500
25226,25226,1000
25227,25227,500
25228,25228,2500
25229,25229,1000
25230,25230,3000
25231,25231,2500
25232,25232,3000
25233,25233,1000
25234,25234,2500
25235,25235,1000
25236,25236,2500
25237,25237,1500
25238,25238,2500
25239,25239,2500
25240,25240,1000
25241,25241,1500
25242,25242,1000
25243,25243,2000
25244,25244,2000
25245,25245,2000
25246,25246,1500
25247,25247,3000
25248,25248,500
25249,25249,500
25250,25250,3000
25251,25251,2000
25252,25252,1500
25253,25253,2500
25254,25254,500
25255,25255,1500
25256,25256,1500
25257,25257,1500
25258,25258,2500
25259,25259,2000
25260,25260,1500
25261,25261,500
25262,25262,1500
25263,25263,1000
25264,25264,500
25265,25265,500
25266,25266,1500
25267,25267,2000
25268,25268,3000
25269,25269,3000
25270,25270,3000
25271,25271,500
25272,25272,1000
25273,25273,3000
25274,25274,500
25275,25275,1500
25276,25276,2000
25277,25277,3000
25278,25278,2000
25279,25279,1000
25280,25280,1000
25281,25281,1500
25282,25282,2000
25283,25283,2000
25284,25284,1000
25285,25285,1500
25286,25286,2000
25287,25287,3000
25288,25288,3000
25289,25289,1500
25290,25290,1500
25291,25291,1500
25292,25292,3000
25293,25293,3000
25294,25294,1500
25295,25295,2000
25296,25296,1000
25297,25297,1000
25298,25298,1000
25299,25299,1000
25300,25300,3000
25301,25301,1000
25302,25302,3000
25303,25303,3000
25304,25304,1500
25305,25305,1000
25306,25306,2500
25307,25307,2500
25308,25308,1500
25309,25309,3000
25310,25310,3000
25311,25311,1000
25312,25312,3000
25313,25313,3000
25314,25314,1500
25315,25315,2000
25316,25316,1500
25317,25317,500
25318,25318,1000
25319,25319,3000
25320,25320,3000
25321,25321,1500
25322,25322,3000
25323,25323,1500
25324,25324,3000
25325,25325,2000
25326,25326,2500
25327,25327,500
25328,25328,3000
25329,25329,1000
25330,25330,2000
25331,25331,1500
25332,25332,3000
25333,25333,2000
25334,25334,2500
25335,25335,3000
25336,25336,1000
25337,25337,3000
25338,25338,3000
25339,25339,1000
25340,25340,2500
25341,25341,1500
25342,25342,1500
25343,25343,2000
25344,25344,2500
25345,25345,500
25346,25346,2500
25347,25347,3000
25348,25348,1500
25349,25349,1500
25350,25350,1500
25351,25351,500
25352,25352,3000
25353,25353,500
25354,25354,3000
25355,25355,1000
25356,25356,3000
25357,25357,1000
25358,25358,1000
25359,25359,2000
25360,25360,1500
25361,25361,2500
25362,25362,2500
25363,25363,1000
25364,25364,1500
25365,25365,2000
25366,25366,2000
25367,25367,2500
25368,25368,3000
25369,25369,1500
25370,25370,2500
25371,25371,1000
25372,25372,3000
25373,25373,1500
25374,25374,1500
25375,25375,3000
25376,25376,1000
25377,25377,3000
25378,25378,1500
25379,25379,2000
25380,25380,1500
25381,25381,3000
25382,25382,1500
25383,25383,1500
25384,25384,1000
25385,25385,1500
25386,25386,3000
25387,25387,2500
25388,25388,3000
25389,25389,1000
25390,25390,3000
25391,25391,1500
25392,25392,500
25393,25393,1500
25394,25394,3000
25395,25395,500
25396,25396,3000
25397,25397,3000
25398,25398,3000
25399,25399,2500
25400,25400,3000
25401,25401,2500
25402,25402,3000
25403,25403,3000
25404,25404,1500
25405,25405,1500
25406,25406,3000
25407,25407,1000
25408,25408,1500
25409,25409,1000
25410,25410,1000
25411,25411,3000
25412,25412,500
25413,25413,2500
25414,25414,3000
25415,25415,500
25416,25416,2500
25417,25417,1000
25418,25418,1000
25419,25419,1500
25420,25420,3000
25421,25421,1000
25422,25422,1500
25423,25423,3000
25424,25424,3000
25425,25425,3000
25426,25426,500
25427,25427,3000
25428,25428,1500
25429,25429,2500
25430,25430,2500
25431,25431,3000
25432,25432,2500
25433,25433,1000
25434,25434,1500
25435,25435,2500
25436,25436,1500
25437,25437,500
25438,25438,3000
25439,25439,2500
25440,25440,3000
25441,25441,1500
25442,25442,3000
25443,25443,1500
25444,25444,1500
25445,25445,1500
25446,25446,2500
25447,25447,500
25448,25448,500
25449,25449,3000
25450,25450,1000
25451,25451,3000
25452,25452,2500
25453,25453,2500
25454,25454,1500
25455,25455,2500
25456,25456,2500
25457,25457,3000
25458,25458,3000
25459,25459,1500
25460,25460,3000
25461,25461,3000
25462,25462,3000
25463,25463,1500
25464,25464,1500
25465,25465,3000
25466,25466,3000
25467,25467,3000
25468,25468,1000
25469,25469,2500
25470,25470,3000
25471,25471,500
25472,25472,2500
25473,25473,1500
25474,25474,2500
25475,25475,3000
25476,25476,2500
25477,25477,3000
25478,25478,3000
25479,25479,1500
25480,25480,500
25481,25481,2500
25482,25482,3000
25483,25483,3000
25484,25484,1000
25485,25485,3000
25486,25486,3000
25487,25487,2500
25488,25488,1000
25489,25489,3000
25490,25490,3000
25491,25491,2000
25492,25492,2000
25493,25493,1500
25494,25494,3000
25495,25495,1500
25496,25496,1500
25497,25497,2000
25498,25498,1500
25499,25499,3000
25500,25500,500
25501,25501,1500
25502,25502,500
25503,25503,3000
25504,25504,3000
25505,25505,3000
25506,25506,2000
25507,25507,3000
25508,25508,1500
25509,25509,1500
25510,25510,3000
25511,25511,2000
25512,25512,1500
25513,25513,3000
25514,25514,500
25515,25515,500
25516,25516,3000
25517,25517,1500
25518,25518,2500
25519,25519,1500
25520,25520,3000
25521,25521,3000
25522,25522,2500
25523,25523,1500
25524,25524,1500
25525,25525,2500
25526,25526,1000
25527,25527,2500
25528,25528,2500
25529,25529,1500
25530,25530,3000
25531,25531,1500
25532,25532,3000
25533,25533,3000
25534,25534,1500
25535,25535,500
25536,25536,3000
25537,25537,1500
25538,25538,3000
25539,25539,2000
25540,25540,2500
25541,25541,3000
25542,25542,1000
25543,25543,3000
25544,25544,1000
25545,25545,2500
25546,25546,1500
25547,25547,500
25548,25548,1000
25549,25549,3000
25550,25550,2000
25551,25551,2000
25552,25552,3000
25553,25553,3000
25554,25554,3000
25555,25555,3000
25556,25556,3000
25557,25557,3000
25558,25558,1500
25559,25559,3000
25560,25560,2500
25561,25561,3000
25562,25562,1500
25563,25563,1000
25564,25564,3000
25565,25565,500
25566,25566,1500
25567,25567,1500
25568,25568,2000
25569,25569,2500
25570,25570,1500
25571,25571,3000
25572,25572,1000
25573,25573,3000
25574,25574,1000
25575,25575,3000
25576,25576,1500
25577,25577,2000
25578,25578,2000
25579,25579,3000
25580,25580,3000
25581,25581,2500
25582,25582,2000
25583,25583,1500
25584,25584,3000
25585,25585,1000
25586,25586,1500
25587,25587,1500
25588,25588,1500
25589,25589,2000
25590,25590,1500
25591,25591,3000
25592,25592,500
25593,25593,3000
25594,25594,1500
25595,25595,1500
25596,25596,1000
25597,25597,1500
25598,25598,3000
25599,25599,3000
25600,25600,1000
25601,25601,3000
25602,25602,2500
25603,25603,3000
25604,25604,3000
25605,25605,500
25606,25606,3000
25607,25607,1500
25608,25608,2500
25609,25609,1500
25610,25610,1500
25611,25611,2500
25612,25612,3000
25613,25613,2000
25614,25614,500
25615,25615,3000
25616,25616,2000
25617,25617,2500
25618,25618,3000
25619,25619,2000
25620,25620,3000
25621,25621,1000
25622,25622,1500
25623,25623,2500
25624,25624,500
25625,25625,2000
25626,25626,1500
25627,25627,3000
25628,25628,500
25629,25629,3000
25630,25630,3000
25631,25631,1500
25632,25632,3000
25633,25633,3000
25634,25634,3000
25635,25635,3000
25636,25636,2500
25637,25637,1500
25638,25638,1000
25639,25639,1000
25640,25640,1500
25641,25641,1000
25642,25642,1500
25643,25643,3000
25644,25644,3000
25645,25645,3000
25646,25646,2000
25647,25647,1000
25648,25648,1000
25649,25649,2000
25650,25650,2000
25651,25651,500
25652,25652,3000
25653,25653,2000
25654,25654,3000
25655,25655,1500
25656,25656,2000
25657,25657,1500
25658,25658,1000
25659,25659,500
25660,25660,1500
25661,25661,3000
25662,25662,3000
25663,25663,1500
25664,25664,3000
25665,25665,1500
25666,25666,2500
25667,25667,3000
25668,25668,1500
25669,25669,2000
25670,25670,1500
25671,25671,500
25672,25672,500
25673,25673,2000
25674,25674,2500
25675,25675,2000
25676,25676,2000
25677,25677,500
25678,25678,3000
25679,25679,3000
25680,25680,2000
25681,25681,1000
25682,25682,1500
25683,25683,3000
25684,25684,500
25685,25685,2500
25686,25686,500
25687,25687,1000
25688,25688,1500
25689,25689,2000
25690,25690,1500
25691,25691,500
25692,25692,2500
25693,25693,1500
25694,25694,3000
25695,25695,1500
25696,25696,3000
25697,25697,1500
25698,25698,3000
25699,25699,3000
25700,25700,1500
25701,25701,3000
25702,25702,2000
25703,25703,2500
25704,25704,500
25705,25705,1000
25706,25706,500
25707,25707,2500
25708,25708,3000
25709,25709,2500
25710,25710,3000
25711,25711,1500
25712,25712,3000
25713,25713,3000
25714,25714,500
25715,25715,2000
25716,25716,1000
25717,25717,2000
25718,25718,2000
25719,25719,2500
25720,25720,500
25721,25721,1500
25722,25722,3000
25723,25723,1500
25724,25724,1500
25725,25725,3000
25726,25726,2500
25727,25727,1000
25728,25728,2500
25729,25729,3000
25730,25730,1500
25731,25731,2500
25732,25732,1500
25733,25733,1500
25734,25734,1500
25735,25735,1000
25736,25736,1000
25737,25737,1500
25738,25738,2500
25739,25739,500
25740,25740,1500
25741,25741,3000
25742,25742,3000
25743,25743,3000
25744,25744,500
25745,25745,1500
25746,25746,1000
25747,25747,1500
25748,25748,3000
25749,25749,3000
25750,25750,1000
25751,25751,1000
25752,25752,3000
25753,25753,3000
25754,25754,1000
25755,25755,1000
25756,25756,3000
25757,25757,1500
25758,25758,1000
25759,25759,1500
25760,25760,1000
25761,25761,1500
25762,25762,1000
25763,25763,3000
25764,25764,2000
25765,25765,3000
25766,25766,3000
25767,25767,1000
25768,25768,1500
25769,25769,1500
25770,25770,3000
25771,25771,1000
25772,25772,1500
25773,25773,3000
25774,25774,1500
25775,25775,1500
25776,25776,2000
25777,25777,3000
25778,25778,3000
25779,25779,2000
25780,25780,2000
25781,25781,1000
25782,25782,3000
25783,25783,3000
25784,25784,3000
25785,25785,1500
25786,25786,2000
25787,25787,2000
25788,25788,500
25789,25789,2500
25790,25790,1500
25791,25791,3000
25792,25792,1500
25793,25793,500
25794,25794,500
25795,25795,1000
25796,25796,1500
25797,25797,2500
25798,25798,1000
25799,25799,3000
25800,25800,1000
25801,25801,1000
25802,25802,2500
25803,25803,500
25804,25804,3000
25805,25805,3000
25806,25806,1500
25807,25807,2500
25808,25808,1500
25809,25809,3000
25810,25810,1500
25811,25811,2500
25812,25812,2000
25813,25813,1500
25814,25814,2500
25815,25815,2500
25816,25816,1000
25817,25817,1000
25818,25818,3000
25819,25819,3000
25820,25820,2500
25821,25821,2000
25822,25822,1000
25823,25823,3000
25824,25824,1000
25825,25825,1500
25826,25826,3000
25827,25827,2500
25828,25828,2000
25829,25829,3000
25830,25830,2000
25831,25831,1000
25832,25832,1000
25833,25833,3000
25834,25834,500
25835,25835,1500
25836,25836,1500
25837,25837,1500
25838,25838,3000
25839,25839,2500
25840,25840,3000
25841,25841,500
25842,25842,2500
25843,25843,1000
25844,25844,3000
25845,25845,1500
25846,25846,1000
25847,25847,3000
25848,25848,1500
25849,25849,3000
25850,25850,1500
25851,25851,2500
25852,25852,3000
25853,25853,3000
25854,25854,500
25855,25855,500
25856,25856,1500
25857,25857,2000
25858,25858,500
25859,25859,3000
25860,25860,2000
25861,25861,2000
25862,25862,3000
25863,25863,1500
25864,25864,1000
25865,25865,1500
25866,25866,3000
25867,25867,2500
25868,25868,3000
25869,25869,3000
25870,25870,2000
25871,25871,3000
25872,25872,3000
25873,25873,2000
25874,25874,1500
25875,25875,2000
25876,25876,3000
25877,25877,2000
25878,25878,1500
25879,25879,1000
25880,25880,2000
25881,25881,1000
25882,25882,2000
25883,25883,3000
25884,25884,3000
25885,25885,3000
25886,25886,3000
25887,25887,3000
25888,25888,1000
25889,25889,500
25890,25890,3000
25891,25891,2500
25892,25892,1500
25893,25893,3000
25894,25894,1500
25895,25895,2500
25896,25896,3000
25897,25897,3000
25898,25898,3000
25899,25899,500
25900,25900,3000
25901,25901,3000
25902,25902,3000
25903,25903,500
25904,25904,3000
25905,25905,2000
25906,25906,3000
25907,25907,500
25908,25908,1500
25909,25909,1500
25910,25910,1500
25911,25911,2000
25912,25912,500
25913,25913,1500
25914,25914,1000
25915,25915,3000
25916,25916,500
25917,25917,1000
25918,25918,1500
25919,25919,1500
25920,25920,500
25921,25921,2000
25922,25922,1500
25923,25923,2000
25924,25924,2500
25925,25925,3000
25926,25926,1000
25927,25927,2500
25928,25928,3000
25929,25929,1000
25930,25930,2500
25931,25931,1000
25932,25932,500
25933,25933,1500
25934,25934,2500
25935,25935,2000
25936,25936,1500
25937,25937,3000
25938,25938,3000
25939,25939,1000
25940,25940,3000
25941,25941,3000
25942,25942,3000
25943,25943,3000
25944,25944,2500
25945,25945,3000
25946,25946,1500
25947,25947,1500
25948,25948,3000
25949,25949,3000
25950,25950,2000
25951,25951,1500
25952,25952,2500
25953,25953,1000
25954,25954,2500
25955,25955,3000
25956,25956,2000
25957,25957,3000
25958,25958,2500
25959,25959,1500
25960,25960,1000
25961,25961,2000
25962,25962,3000
25963,25963,1000
25964,25964,1500
25965,25965,1500
25966,25966,3000
25967,25967,3000
25968,25968,3000
25969,25969,1500
25970,25970,500
25971,25971,2000
25972,25972,3000
25973,25973,3000
25974,25974,1500
25975,25975,1000
25976,25976,1500
25977,25977,1500
25978,25978,2500
25979,25979,3000
25980,25980,2500
25981,25981,1500
25982,25982,1000
25983,25983,1500
25984,25984,1000
25985,25985,3000
25986,25986,2500
25987,25987,1000
25988,25988,3000
25989,25989,2500
25990,25990,1500
25991,25991,500
25992,25992,1000
25993,25993,3000
25994,25994,3000
25995,25995,1500
25996,25996,3000
25997,25997,2000
25998,25998,3000
25999,25999,500
26000,26000,3000
26001,26001,1000
26002,26002,3000
26003,26003,2500
26004,26004,2000
26005,26005,1000
26006,26006,3000
26007,26007,1500
26008,26008,1500
26009,26009,3000
26010,26010,1500
26011,26011,2000
26012,26012,1500
26013,26013,2000
26014,26014,2500
26015,26015,3000
26016,26016,1500
26017,26017,3000
26018,26018,2000
26019,26019,2500
26020,26020,500
26021,26021,3000
26022,26022,3000
26023,26023,1500
26024,26024,1000
26025,26025,1500
26026,26026,1500
26027,26027,3000
26028,26028,3000
26029,26029,3000
26030,26030,3000
26031,26031,3000
26032,26032,1500
26033,26033,1500
26034,26034,3000
26035,26035,2000
26036,26036,2500
26037,26037,1000
26038,26038,500
26039,26039,3000
26040,26040,1000
26041,26041,3000
26042,26042,2500
26043,26043,2000
26044,26044,1500
26045,26045,3000
26046,26046,3000
26047,26047,1500
26048,26048,500
26049,26049,500
26050,26050,1500
26051,26051,1500
26052,26052,1000
26053,26053,500
26054,26054,500
26055,26055,3000
26056,26056,2500
26057,26057,2500
26058,26058,2500
26059,26059,2500
26060,26060,1500
26061,26061,2000
26062,26062,2000
26063,26063,500
26064,26064,3000
26065,26065,1000
26066,26066,3000
26067,26067,2000
26068,26068,3000
26069,26069,3000
26070,26070,1500
26071,26071,2000
26072,26072,3000
26073,26073,2500
26074,26074,3000
26075,26075,1000
26076,26076,1000
26077,26077,3000
26078,26078,1500
26079,26079,3000
26080,26080,3000
26081,26081,2000
26082,26082,3000
26083,26083,1000
26084,26084,1000
26085,26085,1500
26086,26086,3000
26087,26087,500
26088,26088,3000
26089,26089,1500
26090,26090,2000
26091,26091,3000
26092,26092,2500
26093,26093,500
26094,26094,1500
26095,26095,1500
26096,26096,3000
26097,26097,2000
26098,26098,3000
26099,26099,1000
26100,26100,1500
26101,26101,2500
26102,26102,2000
26103,26103,2500
26104,26104,1000
26105,26105,2500
26106,26106,1000
26107,26107,3000
26108,26108,3000
26109,26109,2500
26110,26110,3000
26111,26111,500
26112,26112,3000
26113,26113,3000
26114,26114,1500
26115,26115,500
26116,26116,3000
26117,26117,2000
26118,26118,1500
26119,26119,2000
26120,26120,1500
26121,26121,2500
26122,26122,2000
26123,26123,500
26124,26124,2500
26125,26125,1500
26126,26126,3000
26127,26127,500
26128,26128,3000
26129,26129,2000
26130,26130,3000
26131,26131,500
26132,26132,2000
26133,26133,3000
26134,26134,1500
26135,26135,3000
26136,26136,500
26137,26137,3000
26138,26138,3000
26139,26139,3000
26140,26140,2500
26141,26141,1000
26142,26142,3000
26143,26143,1500
26144,26144,1000
26145,26145,500
26146,26146,1500
26147,26147,500
26148,26148,500
26149,26149,3000
26150,26150,3000
26151,26151,1500
26152,26152,1500
26153,26153,1500
26154,26154,3000
26155,26155,1500
26156,26156,1500
26157,26157,1000
26158,26158,2000
26159,26159,2000
26160,26160,1000
26161,26161,3000
26162,26162,3000
26163,26163,500
26164,26164,3000
26165,26165,1000
26166,26166,500
26167,26167,500
26168,26168,1000
26169,26169,1500
26170,26170,1000
26171,26171,1000
26172,26172,2500
26173,26173,1500
26174,26174,3000
26175,26175,1000
26176,26176,500
26177,26177,1500
26178,26178,3000
26179,26179,1500
26180,26180,1500
26181,26181,3000
26182,26182,1000
26183,26183,1500
26184,26184,3000
26185,26185,1000
26186,26186,1500
26187,26187,1500
26188,26188,1500
26189,26189,3000
26190,26190,3000
26191,26191,1000
26192,26192,3000
26193,26193,1000
26194,26194,1500
26195,26195,1000
26196,26196,1000
26197,26197,1500
26198,26198,3000
26199,26199,2000
26200,26200,3000
26201,26201,500
26202,26202,3000
26203,26203,3000
26204,26204,1500
26205,26205,500
26206,26206,1000
26207,26207,3000
26208,26208,1500
26209,26209,500
26210,26210,1500
26211,26211,1000
26212,26212,1500
26213,26213,3000
26214,26214,2500
26215,26215,1500
26216,26216,3000
26217,26217,1500
26218,26218,1000
26219,26219,3000
26220,26220,3000
26221,26221,3000
26222,26222,2000
26223,26223,3000
26224,26224,1000
26225,26225,2500
26226,26226,500
26227,26227,500
26228,26228,3000
26229,26229,3000
26230,26230,500
26231,26231,1500
26232,26232,3000
26233,26233,3000
26234,26234,3000
26235,26235,1500
26236,26236,1500
26237,26237,500
26238,26238,1000
26239,26239,2000
26240,26240,3000
26241,26241,500
26242,26242,3000
26243,26243,2500
26244,26244,3000
26245,26245,1500
26246,26246,2000
26247,26247,500
26248,26248,500
26249,26249,1500
26250,26250,1500
26251,26251,3000
26252,26252,3000
26253,26253,500
26254,26254,2000
26255,26255,2000
26256,26256,3000
26257,26257,3000
26258,26258,1000
26259,26259,2000
26260,26260,3000
26261,26261,1500
26262,26262,3000
26263,26263,2000
26264,26264,500
26265,26265,1500
26266,26266,3000
26267,26267,1000
26268,26268,2500
26269,26269,1000
26270,26270,1500
26271,26271,2000
26272,26272,3000
26273,26273,1500
26274,26274,1000
26275,26275,3000
26276,26276,3000
26277,26277,2000
26278,26278,1500
26279,26279,3000
26280,26280,500
26281,26281,2000
26282,26282,500
26283,26283,3000
26284,26284,3000
26285,26285,500
26286,26286,1500
26287,26287,3000
26288,26288,1000
26289,26289,3000
26290,26290,3000
26291,26291,3000
26292,26292,2000
26293,26293,1500
26294,26294,1000
26295,26295,3000
26296,26296,1500
26297,26297,1500
26298,26298,3000
26299,26299,2500
26300,26300,1500
26301,26301,1500
26302,26302,2000
26303,26303,500
26304,26304,500
26305,26305,1500
26306,26306,1500
26307,26307,3000
26308,26308,2000
26309,26309,3000
26310,26310,500
26311,26311,2500
26312,26312,2500
26313,26313,2000
26314,26314,3000
26315,26315,3000
26316,26316,2500
26317,26317,3000
26318,26318,1000
26319,26319,3000
26320,26320,1500
26321,26321,2500
26322,26322,3000
26323,26323,500
26324,26324,1500
26325,26325,1500
26326,26326,1500
26327,26327,1000
26328,26328,2500
26329,26329,500
26330,26330,3000
26331,26331,2500
26332,26332,1000
26333,26333,1500
26334,26334,2000
26335,26335,500
26336,26336,1000
26337,26337,2500
26338,26338,500
26339,26339,1000
26340,26340,2000
26341,26341,1500
26342,26342,2500
26343,26343,1500
26344,26344,500
26345,26345,500
26346,26346,2000
26347,26347,3000
26348,26348,500
26349,26349,3000
26350,26350,3000
26351,26351,2000
26352,26352,1000
26353,26353,3000
26354,26354,2500
26355,26355,3000
26356,26356,2000
26357,26357,2500
26358,26358,2000
26359,26359,2500
26360,26360,2000
26361,26361,2000
26362,26362,3000
26363,26363,2500
26364,26364,3000
26365,26365,3000
26366,26366,1000
26367,26367,1000
26368,26368,1500
26369,26369,1500
26370,26370,500
26371,26371,3000
26372,26372,3000
26373,26373,3000
26374,26374,500
26375,26375,500
26376,26376,2500
26377,26377,1500
26378,26378,500
26379,26379,3000
26380,26380,2000
26381,26381,3000
26382,26382,1500
26383,26383,2500
26384,26384,3000
26385,26385,1500
26386,26386,3000
26387,26387,500
26388,26388,500
26389,26389,1500
26390,26390,1500
26391,26391,2500
26392,26392,3000
26393,26393,2000
26394,26394,3000
26395,26395,3000
26396,26396,1000
26397,26397,3000
26398,26398,2500
26399,26399,2000
26400,26400,3000
26401,26401,500
26402,26402,1500
26403,26403,1000
26404,26404,1500
26405,26405,1500
26406,26406,1500
26407,26407,3000
26408,26408,500
26409,26409,3000
26410,26410,1500
26411,26411,3000
26412,26412,3000
26413,26413,500
26414,26414,3000
26415,26415,1500
26416,26416,1000
26417,26417,2000
26418,26418,2500
26419,26419,1500
26420,26420,3000
26421,26421,500
26422,26422,3000
26423,26423,3000
26424,26424,1500
26425,26425,3000
26426,26426,3000
26427,26427,2000
26428,26428,500
26429,26429,2000
26430,26430,1000
26431,26431,2000
26432,26432,2500
26433,26433,2000
26434,26434,1000
26435,26435,1500
26436,26436,3000
26437,26437,3000
26438,26438,1000
26439,26439,500
26440,26440,3000
26441,26441,3000
26442,26442,2000
26443,26443,1500
26444,26444,1500
26445,26445,500
26446,26446,2500
26447,26447,2000
26448,26448,3000
26449,26449,1500
26450,26450,3000
26451,26451,2000
26452,26452,500
26453,26453,500
26454,26454,1500
26455,26455,500
26456,26456,1000
26457,26457,3000
26458,26458,1000
26459,26459,2500
26460,26460,2000
26461,26461,1500
26462,26462,1500
26463,26463,500
26464,26464,1500
26465,26465,2500
26466,26466,1500
26467,26467,3000
26468,26468,1500
26469,26469,3000
26470,26470,1000
26471,26471,1500
26472,26472,1000
26473,26473,1500
26474,26474,1500
26475,26475,2500
26476,26476,1500
26477,26477,500
26478,26478,1500
26479,26479,1500
26480,26480,2000
26481,26481,500
26482,26482,2000
26483,26483,2500
26484,26484,3000
26485,26485,3000
26486,26486,2000
26487,26487,500
26488,26488,1000
26489,26489,1000
26490,26490,2000
26491,26491,1500
26492,26492,3000
26493,26493,3000
26494,26494,3000
26495,26495,500
26496,26496,2000
26497,26497,3000
26498,26498,1000
26499,26499,1000
26500,26500,1500
26501,26501,3000
26502,26502,2500
26503,26503,1500
26504,26504,1000
26505,26505,3000
26506,26506,1500
26507,26507,1500
26508,26508,3000
26509,26509,1500
26510,26510,2500
26511,26511,3000
26512,26512,1500
26513,26513,2500
26514,26514,1500
26515,26515,2500
26516,26516,3000
26517,26517,3000
26518,26518,1500
26519,26519,1500
26520,26520,2500
26521,26521,2000
26522,26522,500
26523,26523,2500
26524,26524,1500
26525,26525,2500
26526,26526,1000
26527,26527,1000
26528,26528,1500
26529,26529,1500
26530,26530,1000
26531,26531,2500
26532,26532,500
26533,26533,1000
26534,26534,3000
26535,26535,2000
26536,26536,1500
26537,26537,2500
26538,26538,1500
26539,26539,1500
26540,26540,1500
26541,26541,3000
26542,26542,1500
26543,26543,3000
26544,26544,3000
26545,26545,500
26546,26546,1500
26547,26547,2500
26548,26548,1500
26549,26549,1500
26550,26550,2500
26551,26551,2500
26552,26552,3000
26553,26553,2500
26554,26554,3000
26555,26555,3000
26556,26556,2000
26557,26557,500
26558,26558,1500
26559,26559,1500
26560,26560,3000
26561,26561,3000
26562,26562,3000
26563,26563,3000
26564,26564,1500
26565,26565,500
26566,26566,3000
26567,26567,3000
26568,26568,3000
26569,26569,3000
26570,26570,1000
26571,26571,1000
26572,26572,500
26573,26573,3000
26574,26574,500
26575,26575,1500
26576,26576,2000
26577,26577,1000
26578,26578,3000
26579,26579,1500
26580,26580,500
26581,26581,1500
26582,26582,1000
26583,26583,3000
26584,26584,2500
26585,26585,1500
26586,26586,1500
26587,26587,1000
26588,26588,2500
26589,26589,1000
26590,26590,2000
26591,26591,3000
26592,26592,1500
26593,26593,2500
26594,26594,500
26595,26595,2000
26596,26596,2500
26597,26597,1500
26598,26598,2500
26599,26599,1000
26600,26600,500
26601,26601,3000
26602,26602,3000
26603,26603,3000
26604,26604,500
26605,26605,2500
26606,26606,2000
26607,26607,1500
26608,26608,1500
26609,26609,2000
26610,26610,2000
26611,26611,500
26612,26612,500
26613,26613,3000
26614,26614,1000
26615,26615,500
26616,26616,3000
26617,26617,1000
26618,26618,1500
26619,26619,3000
26620,26620,2500
26621,26621,3000
26622,26622,2500
26623,26623,2000
26624,26624,1500
26625,26625,1500
26626,26626,1500
26627,26627,1500
26628,26628,1500
26629,26629,3000
26630,26630,1000
26631,26631,2000
26632,26632,1000
26633,26633,2000
26634,26634,500
26635,26635,2000
26636,26636,1000
26637,26637,1500
26638,26638,3000
26639,26639,2500
26640,26640,3000
26641,26641,2500
26642,26642,1500
26643,26643,3000
26644,26644,500
26645,26645,3000
26646,26646,1000
26647,26647,500
26648,26648,3000
26649,26649,1500
26650,26650,1500
26651,26651,3000
26652,26652,1500
26653,26653,3000
26654,26654,500
26655,26655,500
26656,26656,1500
26657,26657,1500
26658,26658,1000
26659,26659,1500
26660,26660,3000
26661,26661,1500
26662,26662,3000
26663,26663,1000
26664,26664,1500
26665,26665,2500
26666,26666,1500
26667,26667,500
26668,26668,2500
26669,26669,2000
26670,26670,2500
26671,26671,3000
26672,26672,1500
26673,26673,500
26674,26674,3000
26675,26675,2500
26676,26676,1000
26677,26677,1500
26678,26678,1000
26679,26679,1000
26680,26680,2500
26681,26681,500
26682,26682,3000
26683,26683,3000
26684,26684,2000
26685,26685,3000
26686,26686,3000
26687,26687,2500
26688,26688,1500
26689,26689,1500
26690,26690,3000
26691,26691,3000
26692,26692,2500
26693,26693,1500
26694,26694,1500
26695,26695,3000
26696,26696,2000
26697,26697,3000
26698,26698,1000
26699,26699,2000
26700,26700,3000
26701,26701,3000
26702,26702,3000
26703,26703,3000
26704,26704,3000
26705,26705,1000
26706,26706,1500
26707,26707,2000
26708,26708,2500
26709,26709,3000
26710,26710,1500
26711,26711,3000
26712,26712,2000
26713,26713,2000
26714,26714,1500
26715,26715,2000
26716,26716,500
26717,26717,2500
26718,26718,2500
26719,26719,2000
26720,26720,3000
26721,26721,1000
26722,26722,1500
26723,26723,500
26724,26724,3000
26725,26725,2000
26726,26726,500
26727,26727,500
26728,26728,1000
26729,26729,1500
26730,26730,3000
26731,26731,1500
26732,26732,2000
26733,26733,1500
26734,26734,3000
26735,26735,500
26736,26736,1500
26737,26737,2000
26738,26738,2000
26739,26739,1500
26740,26740,3000
26741,26741,3000
26742,26742,1500
26743,26743,3000
26744,26744,3000
26745,26745,1500
26746,26746,2500
26747,26747,3000
26748,26748,500
26749,26749,2500
26750,26750,3000
26751,26751,500
26752,26752,2000
26753,26753,2000
26754,26754,1000
26755,26755,2500
26756,26756,1000
26757,26757,3000
26758,26758,2500
26759,26759,500
26760,26760,500
26761,26761,1000
26762,26762,3000
26763,26763,3000
26764,26764,2500
26765,26765,2000
26766,26766,1000
26767,26767,2000
26768,26768,1500
26769,26769,2000
26770,26770,500
26771,26771,1500
26772,26772,2500
26773,26773,3000
26774,26774,3000
26775,26775,500
26776,26776,2000
26777,26777,1500
26778,26778,3000
26779,26779,3000
26780,26780,1500
26781,26781,500
26782,26782,2000
26783,26783,1000
26784,26784,1500
26785,26785,2000
26786,26786,3000
26787,26787,500
26788,26788,1500
26789,26789,3000
26790,26790,500
26791,26791,3000
26792,26792,2500
26793,26793,3000
26794,26794,3000
26795,26795,2000
26796,26796,2000
26797,26797,1500
26798,26798,3000
26799,26799,1500
26800,26800,1000
26801,26801,1500
26802,26802,2500
26803,26803,1500
26804,26804,3000
26805,26805,3000
26806,26806,3000
26807,26807,3000
26808,26808,3000
26809,26809,1500
26810,26810,2500
26811,26811,2500
26812,26812,1000
26813,26813,1500
26814,26814,1500
26815,26815,1000
26816,26816,3000
26817,26817,500
26818,26818,3000
26819,26819,3000
26820,26820,500
26821,26821,2000
26822,26822,1500
26823,26823,3000
26824,26824,3000
26825,26825,3000
26826,26826,2000
26827,26827,1500
26828,26828,3000
26829,26829,1500
26830,26830,1500
26831,26831,500
26832,26832,1000
26833,26833,3000
26834,26834,1500
26835,26835,1500
26836,26836,2500
26837,26837,2000
26838,26838,3000
26839,26839,1500
26840,26840,1500
26841,26841,3000
26842,26842,1500
26843,26843,500
26844,26844,2500
26845,26845,3000
26846,26846,3000
26847,26847,3000
26848,26848,3000
26849,26849,1000
26850,26850,3000
26851,26851,2000
26852,26852,2000
26853,26853,1000
26854,26854,500
26855,26855,1500
26856,26856,1500
26857,26857,3000
26858,26858,1500
26859,26859,3000
26860,26860,3000
26861,26861,1500
26862,26862,500
26863,26863,3000
26864,26864,2000
26865,26865,1500
26866,26866,1500
26867,26867,3000
26868,26868,2000
26869,26869,2500
26870,26870,500
26871,26871,1500
26872,26872,3000
26873,26873,1000
26874,26874,3000
26875,26875,1500
26876,26876,1000
26877,26877,2000
26878,26878,3000
26879,26879,500
26880,26880,2500
26881,26881,1500
26882,26882,1500
26883,26883,3000
26884,26884,2500
26885,26885,1500
26886,26886,1000
26887,26887,3000
26888,26888,3000
26889,26889,500
26890,26890,3000
26891,26891,2000
26892,26892,3000
26893,26893,2500
26894,26894,3000
26895,26895,1500
26896,26896,1500
26897,26897,1500
26898,26898,3000
26899,26899,3000
26900,26900,3000
26901,26901,1000
26902,26902,1000
26903,26903,2500
26904,26904,1000
26905,26905,500
26906,26906,1500
26907,26907,3000
26908,26908,1500
26909,26909,2000
26910,26910,3000
26911,26911,500
26912,26912,500
26913,26913,1500
26914,26914,2000
26915,26915,1500
26916,26916,3000
26917,26917,500
26918,26918,1000
26919,26919,500
26920,26920,2000
26921,26921,3000
26922,26922,1500
26923,26923,3000
26924,26924,3000
26925,26925,3000
26926,26926,1500
26927,26927,3000
26928,26928,500
26929,26929,500
26930,26930,2000
26931,26931,1500
26932,26932,3000
26933,26933,1500
26934,26934,3000
26935,26935,500
26936,26936,3000
26937,26937,3000
26938,26938,1500
26939,26939,3000
26940,26940,3000
26941,26941,1500
26942,26942,1500
26943,26943,1500
26944,26944,2000
26945,26945,1000
26946,26946,3000
26947,26947,3000
26948,26948,2500
26949,26949,2000
26950,26950,3000
26951,26951,2500
26952,26952,2500
26953,26953,1500
26954,26954,2500
26955,26955,2000
26956,26956,3000
26957,26957,500
26958,26958,1500
26959,26959,1500
26960,26960,3000
26961,26961,3000
26962,26962,3000
26963,26963,500
26964,26964,3000
26965,26965,3000
26966,26966,1000
26967,26967,3000
26968,26968,3000
26969,26969,1500
26970,26970,3000
26971,26971,3000
26972,26972,3000
26973,26973,2000
26974,26974,3000
26975,26975,1500
26976,26976,3000
26977,26977,2500
26978,26978,500
26979,26979,2500
26980,26980,1000
26981,26981,500
26982,26982,1500
26983,26983,1000
26984,26984,2500
26985,26985,3000
26986,26986,2000
26987,26987,3000
26988,26988,3000
26989,26989,1500
26990,26990,1500
26991,26991,500
26992,26992,2500
26993,26993,500
26994,26994,3000
26995,26995,2500
26996,26996,3000
26997,26997,500
26998,26998,500
26999,26999,1500
27000,27000,3000
27001,27001,3000
27002,27002,1500
27003,27003,3000
27004,27004,1500
27005,27005,500
27006,27006,1000
27007,27007,2500
27008,27008,1500
27009,27009,500
27010,27010,2500
27011,27011,3000
27012,27012,3000
27013,27013,500
27014,27014,500
27015,27015,3000
27016,27016,3000
27017,27017,1500
27018,27018,1500
27019,27019,1500
27020,27020,3000
27021,27021,3000
27022,27022,1000
27023,27023,1500
27024,27024,500
27025,27025,1500
27026,27026,3000
27027,27027,1000
27028,27028,1500
27029,27029,2500
27030,27030,2500
27031,27031,1500
27032,27032,3000
27033,27033,3000
27034,27034,500
27035,27035,3000
27036,27036,3000
27037,27037,2000
27038,27038,500
27039,27039,3000
27040,27040,3000
27041,27041,1500
27042,27042,2500
27043,27043,3000
27044,27044,3000
27045,27045,500
27046,27046,2500
27047,27047,3000
27048,27048,2000
27049,27049,1500
27050,27050,3000
27051,27051,3000
27052,27052,1500
27053,27053,1500
27054,27054,500
27055,27055,2500
27056,27056,2000
27057,27057,2000
27058,27058,500
27059,27059,3000
27060,27060,3000
27061,27061,3000
27062,27062,1500
27063,27063,1500
27064,27064,1500
27065,27065,2500
27066,27066,1500
27067,27067,1500
27068,27068,2500
27069,27069,3000
27070,27070,3000
27071,27071,1500
27072,27072,3000
27073,27073,3000
27074,27074,1000
27075,27075,3000
27076,27076,3000
27077,27077,3000
27078,27078,1500
27079,27079,2000
27080,27080,2500
27081,27081,3000
27082,27082,3000
27083,27083,2000
27084,27084,2500
27085,27085,2000
27086,27086,2500
27087,27087,500
27088,27088,500
27089,27089,1500
27090,27090,1500
27091,27091,500
27092,27092,500
27093,27093,2000
27094,27094,3000
27095,27095,2500
27096,27096,2000
27097,27097,2500
27098,27098,2500
27099,27099,1500
27100,27100,2500
27101,27101,2000
27102,27102,2000
27103,27103,1500
27104,27104,2500
27105,27105,1000
27106,27106,1000
27107,27107,2500
27108,27108,1000
27109,27109,500
27110,27110,1500
27111,27111,3000
27112,27112,3000
27113,27113,500
27114,27114,1500
27115,27115,2500
27116,27116,3000
27117,27117,500
27118,27118,1000
27119,27119,3000
27120,27120,1500
27121,27121,3000
27122,27122,1000
27123,27123,1500
27124,27124,1500
27125,27125,3000
27126,27126,2000
27127,27127,3000
27128,27128,3000
27129,27129,3000
27130,27130,3000
27131,27131,500
27132,27132,2500
27133,27133,1500
27134,27134,1000
27135,27135,3000
27136,27136,3000
27137,27137,3000
27138,27138,3000
27139,27139,500
27140,27140,1000
27141,27141,2000
27142,27142,2500
27143,27143,3000
27144,27144,3000
27145,27145,500
27146,27146,1500
27147,27147,500
27148,27148,3000
27149,27149,1500
27150,27150,2500
27151,27151,500
27152,27152,2000
27153,27153,1000
27154,27154,1500
27155,27155,1000
27156,27156,3000
27157,27157,3000
27158,27158,1000
27159,27159,500
27160,27160,1500
27161,27161,1500
27162,27162,1500
27163,27163,1000
27164,27164,3000
27165,27165,2000
27166,27166,1500
27167,27167,1500
27168,27168,3000
27169,27169,3000
27170,27170,1000
27171,27171,3000
27172,27172,2000
27173,27173,3000
27174,27174,500
27175,27175,1500
27176,27176,1500
27177,27177,1500
27178,27178,2500
27179,27179,2000
27180,27180,3000
27181,27181,2000
27182,27182,2500
27183,27183,3000
27184,27184,3000
27185,27185,1000
27186,27186,3000
27187,27187,2500
27188,27188,3000
27189,27189,3000
27190,27190,3000
27191,27191,3000
27192,27192,500
27193,27193,2000
27194,27194,1500
27195,27195,1000
27196,27196,3000
27197,27197,500
27198,27198,1500
27199,27199,2500
27200,27200,1500
27201,27201,1500
27202,27202,3000
27203,27203,1500
27204,27204,2500
27205,27205,1500
27206,27206,3000
27207,27207,500
27208,27208,1500
27209,27209,3000
27210,27210,3000
27211,27211,1000
27212,27212,500
27213,27213,1000
27214,27214,3000
27215,27215,3000
27216,27216,1000
27217,27217,500
27218,27218,1000
27219,27219,3000
27220,27220,1500
27221,27221,3000
27222,27222,2500
27223,27223,1500
27224,27224,3000
27225,27225,3000
27226,27226,1500
27227,27227,500
27228,27228,2500
27229,27229,500
27230,27230,3000
27231,27231,2500
27232,27232,1500
27233,27233,1000
27234,27234,3000
27235,27235,3000
27236,27236,1500
27237,27237,2000
27238,27238,3000
27239,27239,1500
27240,27240,1500
27241,27241,2000
27242,27242,1500
27243,27243,3000
27244,27244,3000
27245,27245,2000
27246,27246,1000
27247,27247,1500
27248,27248,500
27249,27249,2500
27250,27250,2500
27251,27251,1000
27252,27252,2000
27253,27253,1500
27254,27254,3000
27255,27255,1500
27256,27256,1000
27257,27257,1000
27258,27258,3000
27259,27259,1500
27260,27260,2500
27261,27261,1500
27262,27262,1500
27263,27263,3000
27264,27264,3000
27265,27265,1500
27266,27266,1000
27267,27267,2500
27268,27268,1500
27269,27269,3000
27270,27270,3000
27271,27271,1500
27272,27272,2500
27273,27273,3000
27274,27274,2000
27275,27275,3000
27276,27276,1500
27277,27277,1500
27278,27278,2000
27279,27279,500
27280,27280,1000
27281,27281,2000
27282,27282,3000
27283,27283,2500
27284,27284,2500
27285,27285,2500
27286,27286,1500
27287,27287,500
27288,27288,1000
27289,27289,3000
27290,27290,3000
27291,27291,3000
27292,27292,2000
27293,27293,1500
27294,27294,2000
27295,27295,3000
27296,27296,500
27297,27297,2000
27298,27298,1000
27299,27299,3000
27300,27300,3000
27301,27301,2000
27302,27302,2500
27303,27303,1500
27304,27304,1500
27305,27305,1000
27306,27306,1500
27307,27307,2500
27308,27308,3000
27309,27309,3000
27310,27310,2000
27311,27311,1500
27312,27312,3000
27313,27313,1500
27314,27314,2000
27315,27315,1500
27316,27316,2000
27317,27317,3000
27318,27318,3000
27319,27319,500
27320,27320,2000
27321,27321,3000
27322,27322,1500
27323,27323,1000
27324,27324,1000
27325,27325,3000
27326,27326,500
27327,27327,2500
27328,27328,1500
27329,27329,1500
27330,27330,1500
27331,27331,2500
27332,27332,3000
27333,27333,1000
27334,27334,2000
27335,27335,1500
27336,27336,1000
27337,27337,1500
27338,27338,3000
27339,27339,2000
27340,27340,1500
27341,27341,500
27342,27342,3000
27343,27343,500
27344,27344,3000
27345,27345,1500
27346,27346,1000
27347,27347,500
27348,27348,3000
27349,27349,500
27350,27350,3000
27351,27351,3000
27352,27352,2500
27353,27353,500
27354,27354,1000
27355,27355,1500
27356,27356,1000
27357,27357,3000
27358,27358,500
27359,27359,3000
27360,27360,1500
27361,27361,1500
27362,27362,1500
27363,27363,2500
27364,27364,1500
27365,27365,1000
27366,27366,2500
27367,27367,3000
27368,27368,500
27369,27369,3000
27370,27370,3000
27371,27371,1500
27372,27372,1500
27373,27373,3000
27374,27374,3000
27375,27375,3000
27376,27376,2500
27377,27377,1000
27378,27378,1500
27379,27379,500
27380,27380,2500
27381,27381,500
27382,27382,1500
27383,27383,1000
27384,27384,3000
27385,27385,1500
27386,27386,3000
27387,27387,1000
27388,27388,1500
27389,27389,1000
27390,27390,3000
27391,27391,1500
27392,27392,2500
27393,27393,500
27394,27394,3000
27395,27395,1000
27396,27396,1000
27397,27397,1500
27398,27398,500
27399,27399,3000
27400,27400,3000
27401,27401,3000
27402,27402,1500
27403,27403,3000
27404,27404,1500
27405,27405,2500
27406,27406,3000
27407,27407,2000
27408,27408,2000
27409,27409,2500
27410,27410,1500
27411,27411,1500
27412,27412,2500
27413,27413,2500
27414,27414,3000
27415,27415,500
27416,27416,3000
27417,27417,3000
27418,27418,3000
27419,27419,2500
27420,27420,3000
27421,27421,500
27422,27422,1000
27423,27423,2000
27424,27424,500
27425,27425,1000
27426,27426,1500
27427,27427,3000
27428,27428,2500
27429,27429,3000
27430,27430,3000
27431,27431,1000
27432,27432,1500
27433,27433,3000
27434,27434,1500
27435,27435,3000
27436,27436,500
27437,27437,3000
27438,27438,3000
27439,27439,2000
27440,27440,2500
27441,27441,1500
27442,27442,1000
27443,27443,3000
27444,27444,500
27445,27445,3000
27446,27446,3000
27447,27447,500
27448,27448,500
27449,27449,500
27450,27450,2000
27451,27451,2500
27452,27452,1500
27453,27453,500
27454,27454,3000
27455,27455,500
27456,27456,2500
27457,27457,3000
27458,27458,3000
27459,27459,1500
27460,27460,3000
27461,27461,3000
27462,27462,1500
27463,27463,1000
27464,27464,2500
27465,27465,1500
27466,27466,500
27467,27467,2500
27468,27468,1000
27469,27469,1000
27470,27470,3000
27471,27471,1000
27472,27472,2000
27473,27473,1500
27474,27474,3000
27475,27475,2500
27476,27476,3000
27477,27477,1500
27478,27478,1500
27479,27479,1500
27480,27480,3000
27481,27481,2500
27482,27482,3000
27483,27483,1500
27484,27484,1000
27485,27485,1500
27486,27486,3000
27487,27487,3000
27488,27488,3000
27489,27489,1000
27490,27490,1500
27491,27491,500
27492,27492,1500
27493,27493,500
27494,27494,1000
27495,27495,2500
27496,27496,1500
27497,27497,500
27498,27498,2500
27499,27499,1000
27500,27500,3000
27501,27501,3000
27502,27502,1500
27503,27503,3000
27504,27504,3000
27505,27505,3000
27506,27506,1500
27507,27507,3000
27508,27508,500
27509,27509,2000
27510,27510,2000
27511,27511,1000
27512,27512,1500
27513,27513,2000
27514,27514,1000
27515,27515,1500
27516,27516,1000
27517,27517,1000
27518,27518,2000
27519,27519,500
27520,27520,3000
27521,27521,1500
27522,27522,3000
27523,27523,3000
27524,27524,3000
27525,27525,2000
27526,27526,1500
27527,27527,1500
27528,27528,3000
27529,27529,3000
27530,27530,1000
27531,27531,1000
27532,27532,1500
27533,27533,3000
27534,27534,2500
27535,27535,500
27536,27536,3000
27537,27537,3000
27538,27538,1500
27539,27539,500
27540,27540,3000
27541,27541,1000
27542,27542,1500
27543,27543,2500
27544,27544,3000
27545,27545,1000
27546,27546,1500
27547,27547,2500
27548,27548,1000
27549,27549,1500
27550,27550,1500
27551,27551,1500
27552,27552,1500
27553,27553,500
27554,27554,3000
27555,27555,3000
27556,27556,2500
27557,27557,1500
27558,27558,2500
27559,27559,1000
27560,27560,1500
27561,27561,1000
27562,27562,3000
27563,27563,2500
27564,27564,2000
27565,27565,2500
27566,27566,500
27567,27567,1000
27568,27568,2500
27569,27569,3000
27570,27570,3000
27571,27571,3000
27572,27572,3000
27573,27573,2500
27574,27574,3000
27575,27575,3000
27576,27576,1500
27577,27577,500
27578,27578,2500
27579,27579,1500
27580,27580,2000
27581,27581,3000
27582,27582,500
27583,27583,500
27584,27584,2500
27585,27585,3000
27586,27586,1500
27587,27587,3000
27588,27588,1000
27589,27589,3000
27590,27590,2500
27591,27591,1500
27592,27592,1000
27593,27593,2000
27594,27594,3000
27595,27595,2000
27596,27596,3000
27597,27597,1500
27598,27598,2000
27599,27599,3000
27600,27600,3000
27601,27601,3000
27602,27602,1500
27603,27603,2000
27604,27604,500
27605,27605,1500
27606,27606,3000
27607,27607,3000
27608,27608,2500
27609,27609,1500
27610,27610,2000
27611,27611,2500
27612,27612,3000
27613,27613,1500
27614,27614,3000
27615,27615,3000
27616,27616,3000
27617,27617,1000
27618,27618,500
27619,27619,1000
27620,27620,500
27621,27621,1500
27622,27622,1500
27623,27623,1500
27624,27624,1500
27625,27625,500
27626,27626,3000
27627,27627,500
27628,27628,3000
27629,27629,3000
27630,27630,3000
27631,27631,500
27632,27632,1000
27633,27633,1000
27634,27634,1500
27635,27635,3000
27636,27636,500
27637,27637,2000
27638,27638,3000
27639,27639,3000
27640,27640,3000
27641,27641,3000
27642,27642,1000
27643,27643,1500
27644,27644,2500
27645,27645,1500
27646,27646,1000
27647,27647,3000
27648,27648,1500
27649,27649,500
27650,27650,2000
27651,27651,2500
27652,27652,500
27653,27653,1500
27654,27654,2500
27655,27655,1500
27656,27656,1000
27657,27657,3000
27658,27658,1000
27659,27659,3000
27660,27660,3000
27661,27661,3000
27662,27662,500
27663,27663,1500
27664,27664,500
27665,27665,1500
27666,27666,2000
27667,27667,1500
27668,27668,1000
27669,27669,3000
27670,27670,3000
27671,27671,2000
27672,27672,2000
27673,27673,1000
27674,27674,3000
27675,27675,500
27676,27676,3000
27677,27677,1500
27678,27678,2000
27679,27679,3000
27680,27680,2500
27681,27681,3000
27682,27682,500
27683,27683,1000
27684,27684,1500
27685,27685,1500
27686,27686,3000
27687,27687,3000
27688,27688,1500
27689,27689,1500
27690,27690,2000
27691,27691,500
27692,27692,1500
27693,27693,2000
27694,27694,1500
27695,27695,1000
27696,27696,3000
27697,27697,1000
27698,27698,3000
27699,27699,2500
27700,27700,3000
27701,27701,2000
27702,27702,1500
27703,27703,2500
27704,27704,2500
27705,27705,1500
27706,27706,1500
27707,27707,2500
27708,27708,2000
27709,27709,1000
27710,27710,3000
27711,27711,1000
27712,27712,1500
27713,27713,500
27714,27714,3000
27715,27715,500
27716,27716,1500
27717,27717,3000
27718,27718,1500
27719,27719,1500
27720,27720,3000
27721,27721,2000
27722,27722,1500
27723,27723,1500
27724,27724,2000
27725,27725,500
27726,27726,3000
27727,27727,3000
27728,27728,1500
27729,27729,2000
27730,27730,2000
27731,27731,3000
27732,27732,1500
27733,27733,3000
27734,27734,1000
27735,27735,2000
27736,27736,1500
27737,27737,3000
27738,27738,3000
27739,27739,1000
27740,27740,1500
27741,27741,1500
27742,27742,1500
27743,27743,1500
27744,27744,3000
27745,27745,2000
27746,27746,1000
27747,27747,2500
27748,27748,2000
27749,27749,2500
27750,27750,3000
27751,27751,1500
27752,27752,1500
27753,27753,1500
27754,27754,500
27755,27755,3000
27756,27756,500
27757,27757,1500
27758,27758,1500
27759,27759,2500
27760,27760,1000
27761,27761,1000
27762,27762,1500
27763,27763,2500
27764,27764,1500
27765,27765,1000
27766,27766,2500
27767,27767,500
27768,27768,500
27769,27769,3000
27770,27770,1000
27771,27771,500
27772,27772,2000
27773,27773,2500
27774,27774,3000
27775,27775,1000
27776,27776,3000
27777,27777,2500
27778,27778,3000
27779,27779,3000
27780,27780,3000
27781,27781,1500
27782,27782,1000
27783,27783,3000
27784,27784,2500
27785,27785,1500
27786,27786,1000
27787,27787,2000
27788,27788,2500
27789,27789,1500
27790,27790,2500
27791,27791,3000
27792,27792,1500
27793,27793,500
27794,27794,2500
27795,27795,3000
27796,27796,500
27797,27797,3000
27798,27798,3000
27799,27799,2000
27800,27800,3000
27801,27801,500
27802,27802,3000
27803,27803,500
27804,27804,3000
27805,27805,1000
27806,27806,3000
27807,27807,3000
27808,27808,2500
27809,27809,1500
27810,27810,1500
27811,27811,1500
27812,27812,500
27813,27813,1000
27814,27814,3000
27815,27815,1000
27816,27816,2500
27817,27817,1500
27818,27818,2000
27819,27819,3000
27820,27820,1000
27821,27821,1000
27822,27822,1500
27823,27823,1000
27824,27824,3000
27825,27825,3000
27826,27826,2000
27827,27827,2500
27828,27828,3000
27829,27829,3000
27830,27830,1500
27831,27831,3000
27832,27832,2500
27833,27833,3000
27834,27834,1000
27835,27835,3000
27836,27836,2500
27837,27837,3000
27838,27838,3000
27839,27839,500
27840,27840,2500
27841,27841,3000
27842,27842,500
27843,27843,3000
27844,27844,1000
27845,27845,3000
27846,27846,500
27847,27847,1500
27848,27848,500
27849,27849,2000
27850,27850,3000
27851,27851,2500
27852,27852,3000
27853,27853,3000
27854,27854,3000
27855,27855,3000
27856,27856,3000
27857,27857,3000
27858,27858,1500
27859,27859,3000
27860,27860,1500
27861,27861,3000
27862,27862,3000
27863,27863,1500
27864,27864,1500
27865,27865,2000
27866,27866,1500
27867,27867,3000
27868,27868,1500
27869,27869,1500
27870,27870,2000
27871,27871,2500
27872,27872,3000
27873,27873,1500
27874,27874,1500
27875,27875,2500
27876,27876,3000
27877,27877,500
27878,27878,3000
27879,27879,2000
27880,27880,3000
27881,27881,3000
27882,27882,1500
27883,27883,1500
27884,27884,3000
27885,27885,500
27886,27886,3000
27887,27887,500
27888,27888,1500
27889,27889,1000
27890,27890,2000
27891,27891,3000
27892,27892,2000
27893,27893,500
27894,27894,2000
27895,27895,3000
27896,27896,2500
27897,27897,1500
27898,27898,1500
27899,27899,500
27900,27900,2500
27901,27901,3000
27902,27902,1000
27903,27903,1500
27904,27904,2000
27905,27905,1500
27906,27906,3000
27907,27907,1000
27908,27908,3000
27909,27909,1500
27910,27910,3000
27911,27911,2500
27912,27912,3000
27913,27913,3000
27914,27914,1500
27915,27915,2000
27916,27916,3000
27917,27917,1500
27918,27918,1500
27919,27919,1500
27920,27920,500
27921,27921,2500
27922,27922,2500
27923,27923,1500
27924,27924,1000
27925,27925,1500
27926,27926,2000
27927,27927,1500
27928,27928,1500
27929,27929,3000
27930,27930,500
27931,27931,1500
27932,27932,3000
27933,27933,3000
27934,27934,2500
27935,27935,3000
27936,27936,2500
27937,27937,1500
27938,27938,2500
27939,27939,2500
27940,27940,3000
27941,27941,2500
27942,27942,500
27943,27943,1500
27944,27944,1000
27945,27945,3000
27946,27946,2500
27947,27947,500
27948,27948,2500
27949,27949,2500
27950,27950,500
27951,27951,2000
27952,27952,1500
27953,27953,500
27954,27954,3000
27955,27955,3000
27956,27956,3000
27957,27957,2000
27958,27958,3000
27959,27959,3000
27960,27960,1500
27961,27961,3000
27962,27962,2000
27963,27963,2500
27964,27964,1500
27965,27965,3000
27966,27966,2500
27967,27967,500
27968,27968,2500
27969,27969,3000
27970,27970,1500
27971,27971,3000
27972,27972,2500
27973,27973,500
27974,27974,2500
27975,27975,2500
27976,27976,3000
27977,27977,500
27978,27978,3000
27979,27979,1000
27980,27980,3000
27981,27981,1500
27982,27982,3000
27983,27983,2500
27984,27984,3000
27985,27985,3000
27986,27986,2000
27987,27987,2000
27988,27988,3000
27989,27989,2000
27990,27990,3000
27991,27991,1500
27992,27992,1500
27993,27993,3000
27994,27994,1500
27995,27995,2000
27996,27996,1500
27997,27997,1500
27998,27998,3000
27999,27999,1500
28000,28000,500
28001,28001,3000
28002,28002,3000
28003,28003,1000
28004,28004,2500
28005,28005,3000
28006,28006,1500
28007,28007,3000
28008,28008,1000
28009,28009,3000
28010,28010,1500
28011,28011,1500
28012,28012,2500
28013,28013,500
28014,28014,1000
28015,28015,3000
28016,28016,1500
28017,28017,3000
28018,28018,2500
28019,28019,2500
28020,28020,1500
28021,28021,500
28022,28022,3000
28023,28023,500
28024,28024,2000
28025,28025,3000
28026,28026,3000
28027,28027,2500
28028,28028,2500
28029,28029,3000
28030,28030,500
28031,28031,3000
28032,28032,3000
28033,28033,3000
28034,28034,3000
28035,28035,1500
28036,28036,3000
28037,28037,1000
28038,28038,1500
28039,28039,3000
28040,28040,3000
28041,28041,3000
28042,28042,3000
28043,28043,2500
28044,28044,1000
28045,28045,1500
28046,28046,3000
28047,28047,500
28048,28048,1500
28049,28049,1500
28050,28050,1000
28051,28051,2500
28052,28052,2500
28053,28053,3000
28054,28054,500
28055,28055,2500
28056,28056,2000
28057,28057,3000
28058,28058,1500
28059,28059,2000
28060,28060,3000
28061,28061,3000
28062,28062,3000
28063,28063,2500
28064,28064,1500
28065,28065,2500
28066,28066,2500
28067,28067,1000
28068,28068,1500
28069,28069,3000
28070,28070,2000
28071,28071,500
28072,28072,1000
28073,28073,3000
28074,28074,1000
28075,28075,1500
28076,28076,3000
28077,28077,1500
28078,28078,3000
28079,28079,1000
28080,28080,1000
28081,28081,500
28082,28082,500
28083,28083,1500
28084,28084,1500
28085,28085,1000
28086,28086,2000
28087,28087,2000
28088,28088,2000
28089,28089,3000
28090,28090,3000
28091,28091,500
28092,28092,2500
28093,28093,3000
28094,28094,2500
28095,28095,3000
28096,28096,2000
28097,28097,3000
28098,28098,2000
28099,28099,1500
28100,28100,2000
28101,28101,3000
28102,28102,1500
28103,28103,1500
28104,28104,1500
28105,28105,1000
28106,28106,2500
28107,28107,1500
28108,28108,3000
28109,28109,1500
28110,28110,3000
28111,28111,2000
28112,28112,3000
28113,28113,500
28114,28114,2000
28115,28115,1500
28116,28116,3000
28117,28117,500
28118,28118,1500
28119,28119,2000
28120,28120,3000
28121,28121,3000
28122,28122,2000
28123,28123,1000
28124,28124,3000
28125,28125,1500
28126,28126,3000
28127,28127,500
28128,28128,500
28129,28129,2500
28130,28130,3000
28131,28131,1500
28132,28132,3000
28133,28133,2500
28134,28134,2000
28135,28135,3000
28136,28136,3000
28137,28137,2500
28138,28138,1500
28139,28139,500
28140,28140,2000
28141,28141,3000
28142,28142,2000
28143,28143,3000
28144,28144,500
28145,28145,500
28146,28146,3000
28147,28147,3000
28148,28148,3000
28149,28149,500
28150,28150,1000
28151,28151,500
28152,28152,2000
28153,28153,1000
28154,28154,3000
28155,28155,2000
28156,28156,3000
28157,28157,3000
28158,28158,2500
28159,28159,3000
28160,28160,1500
28161,28161,1500
28162,28162,3000
28163,28163,3000
28164,28164,3000
28165,28165,3000
28166,28166,1500
28167,28167,2500
28168,28168,1500
28169,28169,1000
28170,28170,2000
28171,28171,2000
28172,28172,3000
28173,28173,2500
28174,28174,3000
28175,28175,2500
28176,28176,2000
28177,28177,1500
28178,28178,1500
28179,28179,1500
28180,28180,3000
28181,28181,1000
28182,28182,3000
28183,28183,3000
28184,28184,3000
28185,28185,2000
28186,28186,1000
28187,28187,3000
28188,28188,2500
28189,28189,500
28190,28190,1500
28191,28191,2000
28192,28192,3000
28193,28193,3000
28194,28194,2500
28195,28195,1500
28196,28196,2000
28197,28197,500
28198,28198,1000
28199,28199,1500
28200,28200,2500
28201,28201,1500
28202,28202,3000
28203,28203,1500
28204,28204,1000
28205,28205,3000
28206,28206,3000
28207,28207,1500
28208,28208,2000
28209,28209,3000
28210,28210,1000
28211,28211,500
28212,28212,500
28213,28213,3000
28214,28214,1000
28215,28215,1500
28216,28216,2500
28217,28217,2500
28218,28218,500
28219,28219,3000
28220,28220,500
28221,28221,2500
28222,28222,1500
28223,28223,2500
28224,28224,500
28225,28225,3000
28226,28226,1500
28227,28227,500
28228,28228,2000
28229,28229,2000
28230,28230,3000
28231,28231,3000
28232,28232,1000
28233,28233,2000
28234,28234,3000
28235,28235,3000
28236,28236,3000
28237,28237,2500
28238,28238,1500
28239,28239,3000
28240,28240,500
28241,28241,3000
28242,28242,3000
28243,28243,1500
28244,28244,3000
28245,28245,1500
28246,28246,1500
28247,28247,1500
28248,28248,3000
28249,28249,3000
28250,28250,3000
28251,28251,3000
28252,28252,1500
28253,28253,3000
28254,28254,3000
28255,28255,1500
28256,28256,3000
28257,28257,3000
28258,28258,1500
28259,28259,2000
28260,28260,500
28261,28261,1500
28262,28262,2000
28263,28263,3000
28264,28264,2000
28265,28265,2000
28266,28266,1000
28267,28267,500
28268,28268,3000
28269,28269,1500
28270,28270,1500
28271,28271,2500
28272,28272,2000
28273,28273,1500
28274,28274,1000
28275,28275,1000
28276,28276,3000
28277,28277,3000
28278,28278,2000
28279,28279,3000
28280,28280,3000
28281,28281,3000
28282,28282,1000
28283,28283,1500
28284,28284,500
28285,28285,1000
28286,28286,1500
28287,28287,1500
28288,28288,1500
28289,28289,3000
28290,28290,1500
28291,28291,3000
28292,28292,3000
28293,28293,2500
28294,28294,1500
28295,28295,2000
28296,28296,2000
28297,28297,1500
28298,28298,3000
28299,28299,1500
28300,28300,3000
28301,28301,3000
28302,28302,500
28303,28303,2500
28304,28304,3000
28305,28305,1000
28306,28306,3000
28307,28307,500
28308,28308,1500
28309,28309,1500
28310,28310,3000
28311,28311,2500
28312,28312,1500
28313,28313,2500
28314,28314,1500
28315,28315,2500
28316,28316,3000
28317,28317,1500
28318,28318,2500
28319,28319,3000
28320,28320,1000
28321,28321,1500
28322,28322,3000
28323,28323,1500
28324,28324,2500
28325,28325,3000
28326,28326,2500
28327,28327,2500
28328,28328,1000
28329,28329,2000
28330,28330,3000
28331,28331,500
28332,28332,2500
28333,28333,1500
28334,28334,1000
28335,28335,3000
28336,28336,500
28337,28337,1000
28338,28338,1500
28339,28339,3000
28340,28340,2000
28341,28341,3000
28342,28342,2500
28343,28343,1000
28344,28344,2500
28345,28345,1500
28346,28346,1500
28347,28347,1000
28348,28348,3000
28349,28349,1000
28350,28350,1500
28351,28351,1000
28352,28352,3000
28353,28353,3000
28354,28354,1500
28355,28355,500
28356,28356,2500
28357,28357,1500
28358,28358,1000
28359,28359,2000
28360,28360,1000
28361,28361,3000
28362,28362,3000
28363,28363,2500
28364,28364,2000
28365,28365,3000
28366,28366,3000
28367,28367,1500
28368,28368,3000
28369,28369,3000
28370,28370,2000
28371,28371,500
28372,28372,1500
28373,28373,3000
28374,28374,3000
28375,28375,3000
28376,28376,3000
28377,28377,1500
28378,28378,3000
28379,28379,3000
28380,28380,500
28381,28381,500
28382,28382,2500
28383,28383,1500
28384,28384,1000
28385,28385,3000
28386,28386,2000
28387,28387,500
28388,28388,500
28389,28389,1000
28390,28390,3000
28391,28391,2000
28392,28392,1000
28393,28393,2000
28394,28394,1500
28395,28395,3000
28396,28396,2000
28397,28397,3000
28398,28398,2000
28399,28399,3000
28400,28400,1500
28401,28401,3000
28402,28402,3000
28403,28403,3000
28404,28404,3000
28405,28405,2500
28406,28406,1000
28407,28407,2000
28408,28408,1500
28409,28409,3000
28410,28410,1000
28411,28411,3000
28412,28412,500
28413,28413,1500
28414,28414,2000
28415,28415,3000
28416,28416,2500
28417,28417,3000
28418,28418,2500
28419,28419,1500
28420,28420,3000
28421,28421,3000
28422,28422,1500
28423,28423,3000
28424,28424,1500
28425,28425,500
28426,28426,500
28427,28427,1500
28428,28428,500
28429,28429,2500
28430,28430,2500
28431,28431,1000
28432,28432,3000
28433,28433,3000
28434,28434,1500
28435,28435,2000
28436,28436,3000
28437,28437,1500
28438,28438,1000
28439,28439,3000
28440,28440,1000
28441,28441,2000
28442,28442,1000
28443,28443,1500
28444,28444,1500
28445,28445,500
28446,28446,2000
28447,28447,3000
28448,28448,3000
28449,28449,2500
28450,28450,1000
28451,28451,2000
28452,28452,1500
28453,28453,2500
28454,28454,500
28455,28455,3000
28456,28456,3000
28457,28457,3000
28458,28458,1500
28459,28459,1000
28460,28460,3000
28461,28461,1500
28462,28462,1500
28463,28463,1500
28464,28464,3000
28465,28465,3000
28466,28466,500
28467,28467,1000
28468,28468,3000
28469,28469,3000
28470,28470,2500
28471,28471,3000
28472,28472,1000
28473,28473,2000
28474,28474,3000
28475,28475,3000
28476,28476,1500
28477,28477,3000
28478,28478,1500
28479,28479,3000
28480,28480,1000
28481,28481,3000
28482,28482,3000
28483,28483,1000
28484,28484,2000
28485,28485,500
28486,28486,2000
28487,28487,3000
28488,28488,3000
28489,28489,3000
28490,28490,1500
28491,28491,1500
28492,28492,1500
28493,28493,500
28494,28494,3000
28495,28495,1500
28496,28496,2000
28497,28497,1000
28498,28498,2000
28499,28499,3000
28500,28500,1500
28501,28501,500
28502,28502,1000
28503,28503,2500
28504,28504,3000
28505,28505,3000
28506,28506,500
28507,28507,1500
28508,28508,1500
28509,28509,1500
28510,28510,3000
28511,28511,500
28512,28512,2500
28513,28513,1500
28514,28514,1000
28515,28515,3000
28516,28516,2500
28517,28517,3000
28518,28518,1500
28519,28519,1000
28520,28520,3000
28521,28521,3000
28522,28522,3000
28523,28523,3000
28524,28524,500
28525,28525,1500
28526,28526,3000
28527,28527,1500
28528,28528,500
28529,28529,500
28530,28530,1500
28531,28531,1500
28532,28532,2500
28533,28533,1500
28534,28534,3000
28535,28535,3000
28536,28536,2000
28537,28537,3000
28538,28538,1500
28539,28539,2000
28540,28540,500
28541,28541,1500
28542,28542,1000
28543,28543,500
28544,28544,2000
28545,28545,3000
28546,28546,2500
28547,28547,2000
28548,28548,3000
28549,28549,2000
28550,28550,3000
28551,28551,3000
28552,28552,2500
28553,28553,3000
28554,28554,2500
28555,28555,3000
28556,28556,500
28557,28557,1500
28558,28558,500
28559,28559,1500
28560,28560,3000
28561,28561,500
28562,28562,1000
28563,28563,3000
28564,28564,3000
28565,28565,3000
28566,28566,1500
28567,28567,2000
28568,28568,3000
28569,28569,3000
28570,28570,2500
28571,28571,3000
28572,28572,1500
28573,28573,1500
28574,28574,2500
28575,28575,1000
28576,28576,1000
28577,28577,3000
28578,28578,1500
28579,28579,1500
28580,28580,1500
28581,28581,1000
28582,28582,2000
28583,28583,3000
28584,28584,3000
28585,28585,3000
28586,28586,2500
28587,28587,2500
28588,28588,3000
28589,28589,3000
28590,28590,1000
28591,28591,1500
28592,28592,1500
28593,28593,3000
28594,28594,500
28595,28595,3000
28596,28596,2500
28597,28597,1500
28598,28598,3000
28599,28599,3000
28600,28600,1500
28601,28601,3000
28602,28602,2000
28603,28603,1500
28604,28604,3000
28605,28605,3000
28606,28606,2000
28607,28607,3000
28608,28608,3000
28609,28609,2000
28610,28610,2500
28611,28611,2500
28612,28612,500
28613,28613,2000
28614,28614,500
28615,28615,500
28616,28616,3000
28617,28617,3000
28618,28618,2500
28619,28619,500
28620,28620,1500
28621,28621,3000
28622,28622,500
28623,28623,1000
28624,28624,2000
28625,28625,1500
28626,28626,2500
28627,28627,1500
28628,28628,500
28629,28629,2500
28630,28630,3000
28631,28631,1500
28632,28632,3000
28633,28633,1500
28634,28634,500
28635,28635,1000
28636,28636,1500
28637,28637,1500
28638,28638,3000
28639,28639,1500
28640,28640,3000
28641,28641,3000
28642,28642,3000
28643,28643,3000
28644,28644,1500
28645,28645,2500
28646,28646,1500
28647,28647,2500
28648,28648,3000
28649,28649,3000
28650,28650,2000
28651,28651,1500
28652,28652,3000
28653,28653,2500
28654,28654,1000
28655,28655,500
28656,28656,2500
28657,28657,3000
28658,28658,1500
28659,28659,1500
28660,28660,3000
28661,28661,500
28662,28662,1500
28663,28663,2000
28664,28664,2000
28665,28665,1500
28666,28666,3000
28667,28667,500
28668,28668,1500
28669,28669,1500
28670,28670,1500
28671,28671,1500
28672,28672,3000
28673,28673,1500
28674,28674,2500
28675,28675,3000
28676,28676,3000
28677,28677,2000
28678,28678,1500
28679,28679,1500
28680,28680,3000
28681,28681,1500
28682,28682,3000
28683,28683,1500
28684,28684,3000
28685,28685,2000
28686,28686,1500
28687,28687,1500
28688,28688,1000
28689,28689,1000
28690,28690,3000
28691,28691,2000
28692,28692,3000
28693,28693,1500
28694,28694,3000
28695,28695,2000
28696,28696,2500
28697,28697,1500
28698,28698,2500
28699,28699,1500
28700,28700,1500
28701,28701,3000
28702,28702,1000
28703,28703,3000
28704,28704,500
28705,28705,2000
28706,28706,3000
28707,28707,2000
28708,28708,1500
28709,28709,1500
28710,28710,3000
28711,28711,3000
28712,28712,1500
28713,28713,3000
28714,28714,3000
28715,28715,2500
28716,28716,3000
28717,28717,1500
28718,28718,2000
28719,28719,3000
28720,28720,3000
28721,28721,1500
28722,28722,2500
28723,28723,1000
28724,28724,1500
28725,28725,2500
28726,28726,1000
28727,28727,1500
28728,28728,2000
28729,28729,2500
28730,28730,3000
28731,28731,3000
28732,28732,2500
28733,28733,2000
28734,28734,1500
28735,28735,3000
28736,28736,1000
28737,28737,500
28738,28738,1500
28739,28739,3000
28740,28740,3000
28741,28741,3000
28742,28742,1500
28743,28743,3000
28744,28744,1000
28745,28745,3000
28746,28746,1000
28747,28747,3000
28748,28748,500
28749,28749,1500
28750,28750,1500
28751,28751,3000
28752,28752,1500
28753,28753,3000
28754,28754,1500
28755,28755,3000
28756,28756,3000
28757,28757,3000
28758,28758,500
28759,28759,2000
28760,28760,2000
28761,28761,1500
28762,28762,1500
28763,28763,2000
28764,28764,1500
28765,28765,500
28766,28766,500
28767,28767,3000
28768,28768,3000
28769,28769,2500
28770,28770,2000
28771,28771,3000
28772,28772,2000
28773,28773,1000
28774,28774,3000
28775,28775,2500
28776,28776,2000
28777,28777,1000
28778,28778,2000
28779,28779,500
28780,28780,1500
28781,28781,1000
28782,28782,3000
28783,28783,1500
28784,28784,3000
28785,28785,500
28786,28786,3000
28787,28787,1500
28788,28788,2500
28789,28789,3000
28790,28790,3000
28791,28791,500
28792,28792,3000
28793,28793,3000
28794,28794,1500
28795,28795,3000
28796,28796,2000
28797,28797,2000
28798,28798,1000
28799,28799,3000
28800,28800,500
28801,28801,3000
28802,28802,3000
28803,28803,2000
28804,28804,3000
28805,28805,2000
28806,28806,1500
28807,28807,1500
28808,28808,3000
28809,28809,2000
28810,28810,1000
28811,28811,1500
28812,28812,3000
28813,28813,2000
28814,28814,500
28815,28815,500
28816,28816,500
28817,28817,500
28818,28818,3000
28819,28819,3000
28820,28820,3000
28821,28821,3000
28822,28822,2500
28823,28823,500
28824,28824,500
28825,28825,2500
28826,28826,2500
28827,28827,3000
28828,28828,2500
28829,28829,3000
28830,28830,2000
28831,28831,3000
28832,28832,1000
28833,28833,3000
28834,28834,1500
28835,28835,3000
28836,28836,3000
28837,28837,3000
28838,28838,3000
28839,28839,1500
28840,28840,1000
28841,28841,2500
28842,28842,1500
28843,28843,1500
28844,28844,2500
28845,28845,3000
28846,28846,1500
28847,28847,1500
28848,28848,2500
28849,28849,500
28850,28850,500
28851,28851,3000
28852,28852,3000
28853,28853,3000
28854,28854,1500
28855,28855,1500
28856,28856,2000
28857,28857,1500
28858,28858,500
28859,28859,500
28860,28860,1500
28861,28861,1500
28862,28862,3000
28863,28863,2000
28864,28864,3000
28865,28865,1500
28866,28866,1000
28867,28867,1000
28868,28868,3000
28869,28869,3000
28870,28870,3000
28871,28871,500
28872,28872,3000
28873,28873,3000
28874,28874,1500
28875,28875,2000
28876,28876,1000
28877,28877,3000
28878,28878,500
28879,28879,1500
28880,28880,3000
28881,28881,500
28882,28882,1500
28883,28883,3000
28884,28884,500
28885,28885,1500
28886,28886,2500
28887,28887,500
28888,28888,3000
28889,28889,500
28890,28890,1500
28891,28891,3000
28892,28892,3000
28893,28893,1500
28894,28894,2000
28895,28895,2000
28896,28896,2000
28897,28897,1500
28898,28898,2500
28899,28899,2500
28900,28900,2000
28901,28901,1500
28902,28902,1000
28903,28903,1000
28904,28904,1500
28905,28905,1500
28906,28906,2500
28907,28907,3000
28908,28908,2000
28909,28909,500
28910,28910,1500
28911,28911,1500
28912,28912,500
28913,28913,3000
28914,28914,2500
28915,28915,2000
28916,28916,2500
28917,28917,1000
28918,28918,1000
28919,28919,1500
28920,28920,1500
28921,28921,500
28922,28922,2000
28923,28923,3000
28924,28924,2000
28925,28925,500
28926,28926,3000
28927,28927,1500
28928,28928,1000
28929,28929,2500
28930,28930,1000
28931,28931,3000
28932,28932,3000
28933,28933,2000
28934,28934,1000
28935,28935,2500
28936,28936,1000
28937,28937,3000
28938,28938,3000
28939,28939,2500
28940,28940,1500
28941,28941,2000
28942,28942,1500
28943,28943,1500
28944,28944,1500
28945,28945,2500
28946,28946,3000
28947,28947,500
28948,28948,3000
28949,28949,500
28950,28950,2500
28951,28951,1500
28952,28952,3000
28953,28953,2000
28954,28954,1500
28955,28955,500
28956,28956,3000
28957,28957,500
28958,28958,3000
28959,28959,1500
28960,28960,3000
28961,28961,1500
28962,28962,3000
28963,28963,2000
28964,28964,500
28965,28965,3000
28966,28966,2500
28967,28967,500
28968,28968,3000
28969,28969,3000
28970,28970,3000
28971,28971,500
28972,28972,1000
28973,28973,1000
28974,28974,500
28975,28975,1500
28976,28976,3000
28977,28977,2000
28978,28978,2000
28979,28979,1500
28980,28980,2000
28981,28981,1000
28982,28982,2500
28983,28983,2500
28984,28984,1000
28985,28985,2000
28986,28986,3000
28987,28987,500
28988,28988,500
28989,28989,2000
28990,28990,2000
28991,28991,1500
28992,28992,3000
28993,28993,3000
28994,28994,1500
28995,28995,3000
28996,28996,2500
28997,28997,3000
28998,28998,1000
28999,28999,2000
29000,29000,500
29001,29001,2000
29002,29002,2000
29003,29003,2500
29004,29004,3000
29005,29005,3000
29006,29006,1500
29007,29007,3000
29008,29008,2000
29009,29009,3000
29010,29010,1000
29011,29011,1500
29012,29012,1500
29013,29013,1500
29014,29014,3000
29015,29015,1000
29016,29016,3000
29017,29017,500
29018,29018,500
29019,29019,1500
29020,29020,1500
29021,29021,2000
29022,29022,2000
29023,29023,3000
29024,29024,500
29025,29025,3000
29026,29026,1000
29027,29027,3000
29028,29028,3000
29029,29029,1000
29030,29030,3000
29031,29031,1000
29032,29032,2000
29033,29033,500
29034,29034,2000
29035,29035,1000
29036,29036,2500
29037,29037,2000
29038,29038,3000
29039,29039,2000
29040,29040,2500
29041,29041,2000
29042,29042,1500
29043,29043,1500
29044,29044,2500
29045,29045,2000
29046,29046,1000
29047,29047,2000
29048,29048,2000
29049,29049,3000
29050,29050,500
29051,29051,3000
29052,29052,3000
29053,29053,1500
29054,29054,1000
29055,29055,500
29056,29056,3000
29057,29057,3000
29058,29058,3000
29059,29059,500
29060,29060,2500
29061,29061,3000
29062,29062,3000
29063,29063,2500
29064,29064,3000
29065,29065,3000
29066,29066,3000
29067,29067,3000
29068,29068,3000
29069,29069,3000
29070,29070,1500
29071,29071,1500
29072,29072,3000
29073,29073,3000
29074,29074,2000
29075,29075,1000
29076,29076,1000
29077,29077,2500
29078,29078,1000
29079,29079,2000
29080,29080,2500
29081,29081,2000
29082,29082,3000
29083,29083,500
29084,29084,3000
29085,29085,2000
29086,29086,1500
29087,29087,2500
29088,29088,3000
29089,29089,500
29090,29090,2500
29091,29091,2500
29092,29092,1500
29093,29093,2000
29094,29094,1000
29095,29095,3000
29096,29096,3000
29097,29097,2000
29098,29098,2500
29099,29099,3000
29100,29100,2500
29101,29101,1500
29102,29102,3000
29103,29103,1500
29104,29104,1500
29105,29105,3000
29106,29106,1500
29107,29107,1000
29108,29108,2500
29109,29109,3000
29110,29110,2500
29111,29111,1000
29112,29112,2500
29113,29113,1000
29114,29114,2000
29115,29115,3000
29116,29116,3000
29117,29117,3000
29118,29118,1000
29119,29119,1000
29120,29120,1000
29121,29121,3000
29122,29122,500
29123,29123,1500
29124,29124,1500
29125,29125,500
29126,29126,3000
29127,29127,2000
29128,29128,1500
29129,29129,1500
29130,29130,3000
29131,29131,3000
29132,29132,3000
29133,29133,1500
29134,29134,3000
29135,29135,3000
29136,29136,500
29137,29137,2000
29138,29138,500
29139,29139,2000
29140,29140,3000
29141,29141,2500
29142,29142,3000
29143,29143,3000
29144,29144,2000
29145,29145,3000
29146,29146,1000
29147,29147,1000
29148,29148,2000
29149,29149,2500
29150,29150,3000
29151,29151,2000
29152,29152,1500
29153,29153,1500
29154,29154,1500
29155,29155,1500
29156,29156,1500
29157,29157,1000
29158,29158,2000
29159,29159,3000
29160,29160,2000
29161,29161,3000
29162,29162,1500
29163,29163,2500
29164,29164,2500
29165,29165,3000
29166,29166,1500
29167,29167,1500
29168,29168,1500
29169,29169,1500
29170,29170,1500
29171,29171,2000
29172,29172,1000
29173,29173,1000
29174,29174,3000
29175,29175,1500
29176,29176,1500
29177,29177,3000
29178,29178,2000
29179,29179,3000
29180,29180,1000
29181,29181,1500
29182,29182,1000
29183,29183,2000
29184,29184,1500
29185,29185,1500
29186,29186,3000
29187,29187,2000
29188,29188,1500
29189,29189,1500
29190,29190,1500
29191,29191,1000
29192,29192,2000
29193,29193,500
29194,29194,1500
29195,29195,1500
29196,29196,3000
29197,29197,2000
29198,29198,3000
29199,29199,3000
29200,29200,1000
29201,29201,2500
29202,29202,2500
29203,29203,1500
29204,29204,500
29205,29205,1000
29206,29206,2500
29207,29207,1000
29208,29208,1500
29209,29209,2000
29210,29210,1500
29211,29211,500
29212,29212,1000
29213,29213,2500
29214,29214,2500
29215,29215,500
29216,29216,3000
29217,29217,1500
29218,29218,500
29219,29219,1000
29220,29220,3000
29221,29221,3000
29222,29222,3000
29223,29223,1500
29224,29224,2500
29225,29225,500
29226,29226,2500
29227,29227,1000
29228,29228,3000
29229,29229,3000
29230,29230,2500
29231,29231,500
29232,29232,500
29233,29233,1500
29234,29234,2000
29235,29235,2500
29236,29236,1500
29237,29237,3000
29238,29238,1500
29239,29239,1000
29240,29240,1000
29241,29241,1500
29242,29242,500
29243,29243,3000
29244,29244,1500
29245,29245,1500
29246,29246,3000
29247,29247,500
29248,29248,500
29249,29249,1000
29250,29250,500
29251,29251,2000
29252,29252,3000
29253,29253,2500
29254,29254,2500
29255,29255,500
29256,29256,1500
29257,29257,3000
29258,29258,500
29259,29259,3000
29260,29260,2500
29261,29261,3000
29262,29262,2000
29263,29263,3000
29264,29264,1500
29265,29265,3000
29266,29266,2500
29267,29267,3000
29268,29268,500
29269,29269,2500
29270,29270,1500
29271,29271,1500
29272,29272,3000
29273,29273,1000
29274,29274,3000
29275,29275,3000
29276,29276,2500
29277,29277,1500
29278,29278,3000
29279,29279,500
29280,29280,3000
29281,29281,1500
29282,29282,3000
29283,29283,500
29284,29284,3000
29285,29285,1000
29286,29286,1500
29287,29287,3000
29288,29288,3000
29289,29289,2500
29290,29290,1500
29291,29291,3000
29292,29292,500
29293,29293,1500
29294,29294,3000
29295,29295,3000
29296,29296,1000
29297,29297,500
29298,29298,3000
29299,29299,2500
29300,29300,2000
29301,29301,2500
29302,29302,3000
29303,29303,3000
29304,29304,1000
29305,29305,1500
29306,29306,2000
29307,29307,2500
29308,29308,1500
29309,29309,1500
29310,29310,1500
29311,29311,3000
29312,29312,2000
29313,29313,1500
29314,29314,1500
29315,29315,1500
29316,29316,2500
29317,29317,3000
29318,29318,500
29319,29319,1000
29320,29320,1500
29321,29321,1500
29322,29322,500
29323,29323,500
29324,29324,1500
29325,29325,500
29326,29326,1500
29327,29327,2000
29328,29328,500
29329,29329,2500
29330,29330,2000
29331,29331,2500
29332,29332,3000
29333,29333,500
29334,29334,2000
29335,29335,3000
29336,29336,1500
29337,29337,500
29338,29338,1500
29339,29339,500
29340,29340,3000
29341,29341,2500
29342,29342,3000
29343,29343,2500
29344,29344,3000
29345,29345,3000
29346,29346,2000
29347,29347,1000
29348,29348,3000
29349,29349,3000
29350,29350,1500
29351,29351,3000
29352,29352,2500
29353,29353,1000
29354,29354,500
29355,29355,3000
29356,29356,500
29357,29357,3000
29358,29358,2000
29359,29359,3000
29360,29360,2000
29361,29361,1000
29362,29362,3000
29363,29363,2500
29364,29364,2000
29365,29365,3000
29366,29366,1500
29367,29367,1500
29368,29368,1500
29369,29369,3000
29370,29370,1500
29371,29371,2500
29372,29372,1500
29373,29373,1500
29374,29374,2500
29375,29375,3000
29376,29376,3000
29377,29377,3000
29378,29378,3000
29379,29379,2500
29380,29380,500
29381,29381,2000
29382,29382,2000
29383,29383,3000
29384,29384,1500
29385,29385,2000
29386,29386,3000
29387,29387,500
29388,29388,3000
29389,29389,3000
29390,29390,3000
29391,29391,1500
29392,29392,2500
29393,29393,500
29394,29394,1500
29395,29395,1000
29396,29396,500
29397,29397,1500
29398,29398,3000
29399,29399,3000
29400,29400,2500
29401,29401,1000
29402,29402,3000
29403,29403,2500
29404,29404,3000
29405,29405,500
29406,29406,1000
29407,29407,1000
29408,29408,1500
29409,29409,500
29410,29410,500
29411,29411,3000
29412,29412,500
29413,29413,1500
29414,29414,500
29415,29415,1000
29416,29416,3000
29417,29417,2000
29418,29418,3000
29419,29419,1500
29420,29420,3000
29421,29421,500
29422,29422,1500
29423,29423,500
29424,29424,2000
29425,29425,3000
29426,29426,1500
29427,29427,1500
29428,29428,1000
29429,29429,1500
29430,29430,3000
29431,29431,500
29432,29432,3000
29433,29433,2000
29434,29434,3000
29435,29435,1500
29436,29436,3000
29437,29437,1500
29438,29438,1000
29439,29439,500
29440,29440,2500
29441,29441,3000
29442,29442,1000
29443,29443,3000
29444,29444,2000
29445,29445,1500
29446,29446,3000
29447,29447,2000
29448,29448,1500
29449,29449,1000
29450,29450,2500
29451,29451,1000
29452,29452,2000
29453,29453,3000
29454,29454,2500
29455,29455,1500
29456,29456,2000
29457,29457,2500
29458,29458,3000
29459,29459,2500
29460,29460,1500
29461,29461,1500
29462,29462,1500
29463,29463,3000
29464,29464,1500
29465,29465,1500
29466,29466,1000
29467,29467,500
29468,29468,3000
29469,29469,3000
29470,29470,1500
29471,29471,1000
29472,29472,3000
29473,29473,500
29474,29474,2000
29475,29475,3000
29476,29476,1500
29477,29477,1500
29478,29478,1500
29479,29479,2500
29480,29480,3000
29481,29481,2500
29482,29482,500
29483,29483,500
29484,29484,500
29485,29485,500
29486,29486,3000
29487,29487,2000
29488,29488,1500
29489,29489,2000
29490,29490,500
29491,29491,1500
29492,29492,1500
29493,29493,3000
29494,29494,1500
29495,29495,3000
29496,29496,2500
29497,29497,500
29498,29498,2000
29499,29499,3000
29500,29500,1000
29501,29501,3000
29502,29502,3000
29503,29503,1500
29504,29504,3000
29505,29505,1500
29506,29506,3000
29507,29507,3000
29508,29508,3000
29509,29509,1000
29510,29510,3000
29511,29511,3000
29512,29512,2500
29513,29513,3000
29514,29514,1500
29515,29515,1500
29516,29516,3000
29517,29517,3000
29518,29518,3000
29519,29519,3000
29520,29520,1500
29521,29521,500
29522,29522,1500
29523,29523,2500
29524,29524,3000
29525,29525,3000
29526,29526,2000
29527,29527,1500
29528,29528,3000
29529,29529,1000
29530,29530,3000
29531,29531,2500
29532,29532,3000
29533,29533,1500
29534,29534,2000
29535,29535,1500
29536,29536,2000
29537,29537,2000
29538,29538,3000
29539,29539,1500
29540,29540,3000
29541,29541,1500
29542,29542,1500
29543,29543,3000
29544,29544,2500
29545,29545,2500
29546,29546,3000
29547,29547,2000
29548,29548,3000
29549,29549,1000
29550,29550,1000
29551,29551,1500
29552,29552,1500
29553,29553,3000
29554,29554,3000
29555,29555,2500
29556,29556,500
29557,29557,3000
29558,29558,1500
29559,29559,3000
29560,29560,3000
29561,29561,3000
29562,29562,1000
29563,29563,3000
29564,29564,2500
29565,29565,3000
29566,29566,2000
29567,29567,1500
29568,29568,1500
29569,29569,2500
29570,29570,1500
29571,29571,2500
29572,29572,500
29573,29573,3000
29574,29574,3000
29575,29575,3000
29576,29576,2000
29577,29577,1500
29578,29578,3000
29579,29579,3000
29580,29580,1500
29581,29581,1000
29582,29582,2500
29583,29583,500
29584,29584,3000
29585,29585,1000
29586,29586,500
29587,29587,1500
29588,29588,2000
29589,29589,1000
29590,29590,3000
29591,29591,2000
29592,29592,3000
29593,29593,2000
29594,29594,3000
29595,29595,3000
29596,29596,2000
29597,29597,3000
29598,29598,2500
29599,29599,2000
29600,29600,3000
29601,29601,3000
29602,29602,1000
29603,29603,3000
29604,29604,3000
29605,29605,3000
29606,29606,2000
29607,29607,3000
29608,29608,3000
29609,29609,500
29610,29610,1500
29611,29611,1500
29612,29612,3000
29613,29613,3000
29614,29614,2500
29615,29615,3000
29616,29616,3000
29617,29617,3000
29618,29618,500
29619,29619,2000
29620,29620,3000
29621,29621,1500
29622,29622,3000
29623,29623,1000
29624,29624,1500
29625,29625,2000
29626,29626,500
29627,29627,1500
29628,29628,3000
29629,29629,1500
29630,29630,1000
29631,29631,2500
29632,29632,1500
29633,29633,1500
29634,29634,500
29635,29635,3000
29636,29636,2000
29637,29637,3000
29638,29638,3000
29639,29639,2000
29640,29640,500
29641,29641,3000
29642,29642,3000
29643,29643,2500
29644,29644,500
29645,29645,3000
29646,29646,1500
29647,29647,3000
29648,29648,2000
29649,29649,500
29650,29650,500
29651,29651,1500
29652,29652,3000
29653,29653,1500
29654,29654,3000
29655,29655,500
29656,29656,3000
29657,29657,2500
29658,29658,1500
29659,29659,3000
29660,29660,2500
29661,29661,1500
29662,29662,1000
29663,29663,3000
29664,29664,3000
29665,29665,3000
29666,29666,3000
29667,29667,1500
29668,29668,3000
29669,29669,3000
29670,29670,3000
29671,29671,3000
29672,29672,2500
29673,29673,2500
29674,29674,3000
29675,29675,2000
29676,29676,500
29677,29677,3000
29678,29678,3000
29679,29679,1000
29680,29680,2500
29681,29681,2000
29682,29682,3000
29683,29683,2000
29684,29684,1000
29685,29685,1500
29686,29686,500
29687,29687,3000
29688,29688,1000
29689,29689,3000
29690,29690,1500
29691,29691,1000
29692,29692,2500
29693,29693,500
29694,29694,1500
29695,29695,3000
29696,29696,1500
29697,29697,500
29698,29698,3000
29699,29699,1000
29700,29700,3000
29701,29701,2000
29702,29702,3000
29703,29703,3000
29704,29704,3000
29705,29705,1500
29706,29706,2000
29707,29707,3000
29708,29708,3000
29709,29709,500
29710,29710,2500
29711,29711,3000
29712,29712,3000
29713,29713,1500
29714,29714,2000
29715,29715,1500
29716,29716,500
29717,29717,3000
29718,29718,2000
29719,29719,500
29720,29720,1000
29721,29721,1500
29722,29722,3000
29723,29723,1500
29724,29724,2000
29725,29725,3000
29726,29726,2000
29727,29727,1500
29728,29728,2500
29729,29729,3000
29730,29730,1500
29731,29731,3000
29732,29732,2000
29733,29733,1000
29734,29734,1500
29735,29735,3000
29736,29736,1500
29737,29737,1500
29738,29738,1500
29739,29739,1500
29740,29740,3000
29741,29741,2500
29742,29742,2000
29743,29743,2000
29744,29744,1500
29745,29745,1500
29746,29746,1500
29747,29747,3000
29748,29748,1500
29749,29749,1500
29750,29750,1500
29751,29751,1500
29752,29752,3000
29753,29753,3000
29754,29754,3000
29755,29755,1000
29756,29756,3000
29757,29757,3000
29758,29758,3000
29759,29759,3000
29760,29760,500
29761,29761,1000
29762,29762,500
29763,29763,500
29764,29764,3000
29765,29765,3000
29766,29766,3000
29767,29767,1000
29768,29768,2500
29769,29769,3000
29770,29770,2500
29771,29771,2000
29772,29772,1500
29773,29773,1500
29774,29774,3000
29775,29775,1500
29776,29776,3000
29777,29777,3000
29778,29778,1500
29779,29779,1500
29780,29780,1500
29781,29781,1000
29782,29782,2000
29783,29783,1500
29784,29784,1500
29785,29785,1000
29786,29786,3000
29787,29787,1500
29788,29788,3000
29789,29789,3000
29790,29790,3000
29791,29791,3000
29792,29792,500
29793,29793,1500
29794,29794,1500
29795,29795,3000
29796,29796,1500
29797,29797,2000
29798,29798,1500
29799,29799,3000
29800,29800,1500
29801,29801,2000
29802,29802,3000
29803,29803,2500
29804,29804,3000
29805,29805,1000
29806,29806,500
29807,29807,3000
29808,29808,500
29809,29809,1000
29810,29810,1000
29811,29811,3000
29812,29812,1000
29813,29813,2500
29814,29814,1500
29815,29815,500
29816,29816,2000
29817,29817,500
29818,29818,3000
29819,29819,3000
29820,29820,2500
29821,29821,3000
29822,29822,2000
29823,29823,500
29824,29824,3000
29825,29825,2000
29826,29826,3000
29827,29827,3000
29828,29828,1000
29829,29829,1500
29830,29830,2500
29831,29831,1500
29832,29832,1500
29833,29833,1500
29834,29834,3000
29835,29835,2500
29836,29836,1500
29837,29837,2500
29838,29838,2000
29839,29839,2500
29840,29840,1500
29841,29841,2500
29842,29842,1500
29843,29843,1000
29844,29844,2500
29845,29845,1500
29846,29846,2500
29847,29847,3000
29848,29848,1000
29849,29849,1500
29850,29850,3000
29851,29851,3000
29852,29852,500
29853,29853,3000
29854,29854,3000
29855,29855,1500
29856,29856,3000
29857,29857,2000
29858,29858,2500
29859,29859,1500
29860,29860,3000
29861,29861,2000
29862,29862,2500
29863,29863,2500
29864,29864,1500
29865,29865,1500
29866,29866,1500
29867,29867,3000
29868,29868,2000
29869,29869,3000
29870,29870,2500
29871,29871,1500
29872,29872,1500
29873,29873,3000
29874,29874,1000
29875,29875,2000
29876,29876,2000
29877,29877,1500
29878,29878,1500
29879,29879,500
29880,29880,1500
29881,29881,1500
29882,29882,3000
29883,29883,1500
29884,29884,2000
29885,29885,500
29886,29886,3000
29887,29887,1500
29888,29888,3000
29889,29889,3000
29890,29890,3000
29891,29891,1500
29892,29892,1500
29893,29893,2500
29894,29894,1500
29895,29895,1000
29896,29896,1500
29897,29897,3000
29898,29898,3000
29899,29899,1000
29900,29900,3000
29901,29901,3000
29902,29902,500
29903,29903,3000
29904,29904,1500
29905,29905,2000
29906,29906,3000
29907,29907,1000
29908,29908,1500
29909,29909,1500
29910,29910,500
29911,29911,3000
29912,29912,3000
29913,29913,1500
29914,29914,1500
29915,29915,1000
29916,29916,500
29917,29917,2500
29918,29918,500
29919,29919,2000
29920,29920,2500
29921,29921,500
29922,29922,3000
29923,29923,2000
29924,29924,2000
29925,29925,2500
29926,29926,500
29927,29927,500
29928,29928,3000
29929,29929,3000
29930,29930,500
29931,29931,1000
29932,29932,3000
29933,29933,1000
29934,29934,2000
29935,29935,1500
29936,29936,500
29937,29937,3000
29938,29938,2500
29939,29939,3000
29940,29940,2000
29941,29941,2000
29942,29942,3000
29943,29943,3000
29944,29944,3000
29945,29945,2500
29946,29946,1000
29947,29947,1500
29948,29948,2000
29949,29949,2500
29950,29950,3000
29951,29951,2500
29952,29952,2000
29953,29953,500
29954,29954,500
29955,29955,3000
29956,29956,2000
29957,29957,2000
29958,29958,1000
29959,29959,500
29960,29960,2000
29961,29961,1500
29962,29962,500
29963,29963,1000
29964,29964,2500
29965,29965,1000
29966,29966,1000
29967,29967,3000
29968,29968,3000
29969,29969,1500
29970,29970,3000
29971,29971,3000
29972,29972,1000
29973,29973,1500
29974,29974,3000
29975,29975,1500
29976,29976,1500
29977,29977,3000
29978,29978,1500
29979,29979,3000
29980,29980,1000
29981,29981,2500
29982,29982,3000
29983,29983,3000
29984,29984,2500
29985,29985,2500
29986,29986,1000
29987,29987,500
29988,29988,2000
29989,29989,2500
29990,29990,1500
29991,29991,1500
29992,29992,2000
29993,29993,2500
29994,29994,1000
29995,29995,1500
29996,29996,2000
29997,29997,3000
29998,29998,1500
29999,29999,2000
30000,30000,500
30001,30001,3000
30002,30002,2000
30003,30003,3000
30004,30004,2500
30005,30005,1000
30006,30006,500
30007,30007,2500
30008,30008,1500
30009,30009,1500
30010,30010,3000
30011,30011,3000
30012,30012,2000
30013,30013,3000
30014,30014,500
30015,30015,1500
30016,30016,2000
30017,30017,1500
30018,30018,1000
30019,30019,500
30020,30020,1500
30021,30021,3000
30022,30022,2500
30023,30023,500
30024,30024,2000
30025,30025,1500
30026,30026,2000
30027,30027,1500
30028,30028,2000
30029,30029,1500
30030,30030,500
30031,30031,3000
30032,30032,3000
30033,30033,2500
30034,30034,500
30035,30035,1500
30036,30036,3000
30037,30037,3000
30038,30038,500
30039,30039,1000
30040,30040,1500
30041,30041,1500
30042,30042,2000
30043,30043,1500
30044,30044,1500
30045,30045,1000
30046,30046,3000
30047,30047,3000
30048,30048,2500
30049,30049,500
30050,30050,1500
30051,30051,1500
30052,30052,2500
30053,30053,1000
30054,30054,500
30055,30055,2000
30056,30056,1500
30057,30057,3000
30058,30058,1500
30059,30059,3000
30060,30060,1500
30061,30061,2000
30062,30062,1500
30063,30063,2000
30064,30064,1500
30065,30065,500
30066,30066,3000
30067,30067,1000
30068,30068,1500
30069,30069,3000
30070,30070,3000
30071,30071,500
30072,30072,1500
30073,30073,1500
30074,30074,500
30075,30075,3000
30076,30076,3000
30077,30077,3000
30078,30078,1000
30079,30079,1500
30080,30080,1500
30081,30081,3000
30082,30082,3000
30083,30083,1500
30084,30084,2000
30085,30085,3000
30086,30086,2000
30087,30087,1500
30088,30088,3000
30089,30089,1500
30090,30090,1000
30091,30091,500
30092,30092,3000
30093,30093,3000
30094,30094,1500
30095,30095,3000
30096,30096,3000
30097,30097,2500
30098,30098,2500
30099,30099,1500
30100,30100,500
30101,30101,3000
30102,30102,1000
30103,30103,1500
30104,30104,1500
30105,30105,2000
30106,30106,1000
30107,30107,3000
30108,30108,2500
30109,30109,3000
30110,30110,2000
30111,30111,3000
30112,30112,1500
30113,30113,2000
30114,30114,1500
30115,30115,500
30116,30116,1500
30117,30117,1500
30118,30118,1000
30119,30119,500
30120,30120,1500
30121,30121,3000
30122,30122,1500
30123,30123,2500
30124,30124,1500
30125,30125,1500
30126,30126,1500
30127,30127,1000
30128,30128,1500
30129,30129,1500
30130,30130,1000
30131,30131,3000
30132,30132,1500
30133,30133,3000
30134,30134,3000
30135,30135,1000
30136,30136,500
30137,30137,2500
30138,30138,1500
30139,30139,3000
30140,30140,3000
30141,30141,2000
30142,30142,2500
30143,30143,3000
30144,30144,3000
30145,30145,2500
30146,30146,1500
30147,30147,2500
30148,30148,1500
30149,30149,3000
30150,30150,1500
30151,30151,3000
30152,30152,1000
30153,30153,1000
30154,30154,500
30155,30155,2000
30156,30156,3000
30157,30157,3000
30158,30158,2500
30159,30159,3000
30160,30160,2000
30161,30161,2500
30162,30162,3000
30163,30163,500
30164,30164,2500
30165,30165,1000
30166,30166,1500
30167,30167,1000
30168,30168,2500
30169,30169,3000
30170,30170,3000
30171,30171,1500
30172,30172,1000
30173,30173,500
30174,30174,3000
30175,30175,1500
30176,30176,2000
30177,30177,3000
30178,30178,3000
30179,30179,3000
30180,30180,3000
30181,30181,3000
30182,30182,3000
30183,30183,1000
30184,30184,3000
30185,30185,3000
30186,30186,500
30187,30187,3000
30188,30188,1500
30189,30189,500
30190,30190,3000
30191,30191,2000
30192,30192,3000
30193,30193,2000
30194,30194,1000
30195,30195,2500
30196,30196,500
30197,30197,3000
30198,30198,3000
30199,30199,500
30200,30200,2500
30201,30201,1500
30202,30202,3000
30203,30203,500
30204,30204,3000
30205,30205,3000
30206,30206,2500
30207,30207,500
30208,30208,1000
30209,30209,3000
30210,30210,1000
30211,30211,500
30212,30212,2000
30213,30213,3000
30214,30214,1500
30215,30215,1500
30216,30216,3000
30217,30217,500
30218,30218,2500
30219,30219,2000
30220,30220,1500
30221,30221,3000
30222,30222,2500
30223,30223,1500
30224,30224,1000
30225,30225,3000
30226,30226,1000
30227,30227,500
30228,30228,1500
30229,30229,1500
30230,30230,3000
30231,30231,1000
30232,30232,3000
30233,30233,1500
30234,30234,3000
30235,30235,1500
30236,30236,3000
30237,30237,1500
30238,30238,2000
30239,30239,2000
30240,30240,1000
30241,30241,3000
30242,30242,3000
30243,30243,3000
30244,30244,500
30245,30245,3000
30246,30246,1500
30247,30247,3000
30248,30248,3000
30249,30249,2000
30250,30250,1500
30251,30251,3000
30252,30252,1500
30253,30253,1500
30254,30254,3000
30255,30255,2500
30256,30256,1500
30257,30257,3000
30258,30258,3000
30259,30259,2000
30260,30260,3000
30261,30261,500
30262,30262,1000
30263,30263,1500
30264,30264,2500
30265,30265,3000
30266,30266,500
30267,30267,500
30268,30268,3000
30269,30269,2500
30270,30270,500
30271,30271,1500
30272,30272,3000
30273,30273,2000
30274,30274,3000
30275,30275,3000
30276,30276,2500
30277,30277,3000
30278,30278,2500
30279,30279,1500
30280,30280,2500
30281,30281,500
30282,30282,1000
30283,30283,3000
30284,30284,1500
30285,30285,3000
30286,30286,500
30287,30287,2500
30288,30288,2000
30289,30289,1500
30290,30290,500
30291,30291,1500
30292,30292,1500
30293,30293,1000
30294,30294,500
30295,30295,3000
30296,30296,3000
30297,30297,500
30298,30298,3000
30299,30299,2500
30300,30300,3000
30301,30301,3000
30302,30302,2500
30303,30303,3000
30304,30304,1000
30305,30305,2500
30306,30306,1000
30307,30307,2000
30308,30308,1000
30309,30309,500
30310,30310,500
30311,30311,500
30312,30312,3000
30313,30313,1500
30314,30314,2000
30315,30315,500
30316,30316,500
30317,30317,1500
30318,30318,2000
30319,30319,1500
30320,30320,500
30321,30321,3000
30322,30322,3000
30323,30323,500
30324,30324,2000
30325,30325,3000
30326,30326,3000
30327,30327,1500
30328,30328,3000
30329,30329,3000
30330,30330,1500
30331,30331,2500
30332,30332,2000
30333,30333,3000
30334,30334,1000
30335,30335,2500
30336,30336,1500
30337,30337,1000
30338,30338,500
30339,30339,3000
30340,30340,1500
30341,30341,1500
30342,30342,3000
30343,30343,500
30344,30344,2000
30345,30345,1000
30346,30346,500
30347,30347,2500
30348,30348,3000
30349,30349,2000
30350,30350,1500
30351,30351,1000
30352,30352,1500
30353,30353,1000
30354,30354,3000
30355,30355,1500
30356,30356,3000
30357,30357,1500
30358,30358,1500
30359,30359,2000
30360,30360,3000
30361,30361,2000
30362,30362,3000
30363,30363,1000
30364,30364,1500
30365,30365,2000
30366,30366,3000
30367,30367,500
30368,30368,3000
30369,30369,1500
30370,30370,2000
30371,30371,2000
30372,30372,1500
30373,30373,1500
30374,30374,3000
30375,30375,3000
30376,30376,3000
30377,30377,2500
30378,30378,500
30379,30379,3000
30380,30380,1000
30381,30381,3000
30382,30382,3000
30383,30383,3000
30384,30384,3000
30385,30385,3000
30386,30386,1500
30387,30387,1500
30388,30388,1500
30389,30389,1500
30390,30390,3000
30391,30391,3000
30392,30392,3000
30393,30393,3000
30394,30394,3000
30395,30395,500
30396,30396,1000
30397,30397,3000
30398,30398,1500
30399,30399,3000
30400,30400,1000
30401,30401,1000
30402,30402,3000
30403,30403,3000
30404,30404,500
30405,30405,1000
30406,30406,3000
30407,30407,500
30408,30408,500
30409,30409,1500
30410,30410,3000
30411,30411,2500
30412,30412,1000
30413,30413,3000
30414,30414,2000
30415,30415,3000
30416,30416,1000
30417,30417,2500
30418,30418,3000
30419,30419,1000
30420,30420,3000
30421,30421,3000
30422,30422,3000
30423,30423,2000
30424,30424,1500
30425,30425,3000
30426,30426,500
30427,30427,1500
30428,30428,3000
30429,30429,3000
30430,30430,2000
30431,30431,1500
30432,30432,500
30433,30433,1500
30434,30434,1500
30435,30435,3000
30436,30436,2500
30437,30437,3000
30438,30438,1500
30439,30439,2500
30440,30440,1500
30441,30441,1500
30442,30442,1000
30443,30443,2500
30444,30444,1500
30445,30445,1500
30446,30446,500
30447,30447,1500
30448,30448,1500
30449,30449,1500
30450,30450,2000
30451,30451,3000
30452,30452,1500
30453,30453,1000
30454,30454,500
30455,30455,2000
30456,30456,2500
30457,30457,1500
30458,30458,1000
30459,30459,3000
30460,30460,1500
30461,30461,1500
30462,30462,1000
30463,30463,1500
30464,30464,2000
30465,30465,3000
30466,30466,3000
30467,30467,1500
30468,30468,3000
30469,30469,3000
30470,30470,2500
30471,30471,3000
30472,30472,500
30473,30473,500
30474,30474,3000
30475,30475,1500
30476,30476,1500
30477,30477,3000
30478,30478,500
30479,30479,1500
30480,30480,3000
30481,30481,3000
30482,30482,500
30483,30483,3000
30484,30484,2000
30485,30485,1000
30486,30486,1500
30487,30487,2500
30488,30488,1500
30489,30489,3000
30490,30490,2500
30491,30491,2500
30492,30492,3000
30493,30493,2500
30494,30494,500
30495,30495,1500
30496,30496,1500
30497,30497,3000
30498,30498,3000
30499,30499,3000
30500,30500,1500
30501,30501,500
30502,30502,3000
30503,30503,3000
30504,30504,3000
30505,30505,2000
30506,30506,1500
30507,30507,1000
30508,30508,2500
30509,30509,3000
30510,30510,1500
30511,30511,2500
30512,30512,2000
30513,30513,1000
30514,30514,1500
30515,30515,1000
30516,30516,500
30517,30517,2500
30518,30518,3000
30519,30519,1500
30520,30520,2000
30521,30521,1500
30522,30522,1000
30523,30523,1500
30524,30524,3000
30525,30525,3000
30526,30526,1000
30527,30527,2000
30528,30528,3000
30529,30529,3000
30530,30530,2000
30531,30531,500
30532,30532,2000
30533,30533,3000
30534,30534,2000
30535,30535,500
30536,30536,2500
30537,30537,3000
30538,30538,500
30539,30539,2000
30540,30540,3000
30541,30541,3000
30542,30542,3000
30543,30543,2500
30544,30544,2500
30545,30545,3000
30546,30546,3000
30547,30547,3000
30548,30548,1500
30549,30549,1500
30550,30550,3000
30551,30551,3000
30552,30552,3000
30553,30553,3000
30554,30554,2000
30555,30555,1500
30556,30556,3000
30557,30557,1500
30558,30558,2000
30559,30559,1500
30560,30560,500
30561,30561,2000
30562,30562,1500
30563,30563,3000
30564,30564,1000
30565,30565,1500
30566,30566,3000
30567,30567,1500
30568,30568,500
30569,30569,3000
30570,30570,3000
30571,30571,1000
30572,30572,2500
30573,30573,500
30574,30574,3000
30575,30575,3000
30576,30576,3000
30577,30577,1500
30578,30578,3000
30579,30579,2500
30580,30580,500
30581,30581,2000
30582,30582,3000
30583,30583,1000
30584,30584,3000
30585,30585,1500
30586,30586,1000
30587,30587,3000
30588,30588,3000
30589,30589,3000
30590,30590,1500
30591,30591,1000
30592,30592,3000
30593,30593,1500
30594,30594,1500
30595,30595,2000
30596,30596,2000
30597,30597,1500
30598,30598,1500
30599,30599,3000
30600,30600,3000
30601,30601,1500
30602,30602,1500
30603,30603,500
30604,30604,1500
30605,30605,3000
30606,30606,500
30607,30607,500
30608,30608,2000
30609,30609,1000
30610,30610,2000
30611,30611,3000
30612,30612,3000
30613,30613,2500
30614,30614,3000
30615,30615,2000
30616,30616,1500
30617,30617,500
30618,30618,3000
30619,30619,3000
30620,30620,1500
30621,30621,3000
30622,30622,2500
30623,30623,1000
30624,30624,3000
30625,30625,2000
30626,30626,2000
30627,30627,3000
30628,30628,3000
30629,30629,1500
30630,30630,1000
30631,30631,2500
30632,30632,3000
30633,30633,1500
30634,30634,3000
30635,30635,2000
30636,30636,2000
30637,30637,1500
30638,30638,2500
30639,30639,1000
30640,30640,3000
30641,30641,2500
30642,30642,2500
30643,30643,3000
30644,30644,1500
30645,30645,1500
30646,30646,3000
30647,30647,1000
30648,30648,500
30649,30649,500
30650,30650,3000
30651,30651,1000
30652,30652,2500
30653,30653,500
30654,30654,3000
30655,30655,2500
30656,30656,3000
30657,30657,1000
30658,30658,3000
30659,30659,2500
30660,30660,3000
30661,30661,1500
30662,30662,3000
30663,30663,3000
30664,30664,3000
30665,30665,500
30666,30666,3000
30667,30667,2000
30668,30668,1000
30669,30669,1500
30670,30670,3000
30671,30671,2500
30672,30672,500
30673,30673,3000
30674,30674,2000
30675,30675,2000
30676,30676,3000
30677,30677,1500
30678,30678,2500
30679,30679,3000
30680,30680,2500
30681,30681,1000
30682,30682,3000
30683,30683,1500
30684,30684,1500
30685,30685,1000
30686,30686,1000
30687,30687,1000
30688,30688,2000
30689,30689,3000
30690,30690,3000
30691,30691,2000
30692,30692,2000
30693,30693,3000
30694,30694,3000
30695,30695,2500
30696,30696,1500
30697,30697,2500
30698,30698,2000
30699,30699,3000
30700,30700,1500
30701,30701,1500
30702,30702,1500
30703,30703,2500
30704,30704,3000
30705,30705,3000
30706,30706,1500
30707,30707,2000
30708,30708,2500
30709,30709,2000
30710,30710,1000
30711,30711,3000
30712,30712,1500
30713,30713,3000
30714,30714,2000
30715,30715,3000
30716,30716,1500
30717,30717,2000
30718,30718,3000
30719,30719,1500
30720,30720,500
30721,30721,3000
30722,30722,3000
30723,30723,2000
30724,30724,2500
30725,30725,500
30726,30726,3000
30727,30727,1000
30728,30728,1000
30729,30729,3000
30730,30730,3000
30731,30731,2500
30732,30732,500
30733,30733,3000
30734,30734,1500
30735,30735,3000
30736,30736,3000
30737,30737,2000
30738,30738,3000
30739,30739,500
30740,30740,2000
30741,30741,500
30742,30742,3000
30743,30743,3000
30744,30744,3000
30745,30745,500
30746,30746,1000
30747,30747,3000
30748,30748,1000
30749,30749,3000
30750,30750,3000
30751,30751,2000
30752,30752,1500
30753,30753,1500
30754,30754,2500
30755,30755,1500
30756,30756,2000
30757,30757,1000
30758,30758,2000
30759,30759,3000
30760,30760,2500
30761,30761,1500
30762,30762,3000
30763,30763,1500
30764,30764,1000
30765,30765,1500
30766,30766,2000
30767,30767,3000
30768,30768,500
30769,30769,1000
30770,30770,1500
30771,30771,3000
30772,30772,3000
30773,30773,2500
30774,30774,1500
30775,30775,500
30776,30776,2000
30777,30777,1500
30778,30778,1500
30779,30779,1000
30780,30780,2000
30781,30781,1500
30782,30782,1500
30783,30783,1000
30784,30784,1500
30785,30785,500
30786,30786,1500
30787,30787,3000
30788,30788,1000
30789,30789,1500
30790,30790,3000
30791,30791,1500
30792,30792,500
30793,30793,1500
30794,30794,3000
30795,30795,1000
30796,30796,1000
30797,30797,1500
30798,30798,2500
30799,30799,1500
30800,30800,3000
30801,30801,2500
30802,30802,3000
30803,30803,1500
30804,30804,1500
30805,30805,1500
30806,30806,2000
30807,30807,500
30808,30808,500
30809,30809,1500
30810,30810,1500
30811,30811,500
30812,30812,1500
30813,30813,2000
30814,30814,1500
30815,30815,3000
30816,30816,2500
30817,30817,3000
30818,30818,1500
30819,30819,1500
30820,30820,3000
30821,30821,1000
30822,30822,2500
30823,30823,2500
30824,30824,500
30825,30825,3000
30826,30826,3000
30827,30827,500
30828,30828,3000
30829,30829,1500
30830,30830,2500
30831,30831,1500
30832,30832,3000
30833,30833,3000
30834,30834,2500
30835,30835,3000
30836,30836,2000
30837,30837,1500
30838,30838,2500
30839,30839,1000
30840,30840,1000
30841,30841,1500
30842,30842,2500
30843,30843,1000
30844,30844,500
30845,30845,2500
30846,30846,1500
30847,30847,3000
30848,30848,3000
30849,30849,2000
30850,30850,500
30851,30851,3000
30852,30852,3000
30853,30853,1000
30854,30854,500
30855,30855,1000
30856,30856,2500
30857,30857,1500
30858,30858,1000
30859,30859,2500
30860,30860,500
30861,30861,1500
30862,30862,3000
30863,30863,2000
30864,30864,1500
30865,30865,2000
30866,30866,3000
30867,30867,1000
30868,30868,2500
30869,30869,3000
30870,30870,3000
30871,30871,3000
30872,30872,2000
30873,30873,3000
30874,30874,2500
30875,30875,1500
30876,30876,3000
30877,30877,3000
30878,30878,3000
30879,30879,3000
30880,30880,3000
30881,30881,3000
30882,30882,1500
30883,30883,3000
30884,30884,1500
30885,30885,2500
30886,30886,3000
30887,30887,2500
30888,30888,1500
30889,30889,1000
30890,30890,3000
30891,30891,3000
30892,30892,3000
30893,30893,2000
30894,30894,1500
30895,30895,1500
30896,30896,1500
30897,30897,3000
30898,30898,1500
30899,30899,1500
30900,30900,1500
30901,30901,3000
30902,30902,3000
30903,30903,1000
30904,30904,500
30905,30905,1500
30906,30906,1500
30907,30907,2000
30908,30908,1000
30909,30909,3000
30910,30910,2000
30911,30911,3000
30912,30912,2500
30913,30913,2000
30914,30914,3000
30915,30915,2500
30916,30916,500
30917,30917,1500
30918,30918,1000
30919,30919,1000
30920,30920,1000
30921,30921,1000
30922,30922,3000
30923,30923,1500
30924,30924,2000
30925,30925,3000
30926,30926,3000
30927,30927,3000
30928,30928,2500
30929,30929,2000
30930,30930,1000
30931,30931,1500
30932,30932,500
30933,30933,1000
30934,30934,3000
30935,30935,1500
30936,30936,2500
30937,30937,1500
30938,30938,2000
30939,30939,2000
30940,30940,3000
30941,30941,2500
30942,30942,2500
30943,30943,3000
30944,30944,2000
30945,30945,1000
30946,30946,3000
30947,30947,3000
30948,30948,1000
30949,30949,3000
30950,30950,1000
30951,30951,1000
30952,30952,3000
30953,30953,3000
30954,30954,2000
30955,30955,1500
30956,30956,500
30957,30957,3000
30958,30958,2000
30959,30959,1500
30960,30960,3000
30961,30961,1500
30962,30962,2500
30963,30963,1500
30964,30964,3000
30965,30965,2500
30966,30966,1000
30967,30967,1000
30968,30968,1500
30969,30969,500
30970,30970,3000
30971,30971,3000
30972,30972,3000
30973,30973,3000
30974,30974,3000
30975,30975,500
30976,30976,500
30977,30977,1500
30978,30978,3000
30979,30979,500
30980,30980,3000
30981,30981,2500
30982,30982,1000
30983,30983,500
30984,30984,2000
30985,30985,2500
30986,30986,3000
30987,30987,3000
30988,30988,1500
30989,30989,500
30990,30990,1000
30991,30991,3000
30992,30992,3000
30993,30993,3000
30994,30994,3000
30995,30995,1500
30996,30996,1500
30997,30997,3000
30998,30998,3000
30999,30999,2500
31000,31000,3000
31001,31001,1500
31002,31002,1500
31003,31003,3000
31004,31004,2000
31005,31005,3000
31006,31006,3000
31007,31007,2000
31008,31008,3000
31009,31009,1500
31010,31010,2000
31011,31011,2500
31012,31012,1500
31013,31013,2500
31014,31014,3000
31015,31015,3000
31016,31016,500
31017,31017,2000
31018,31018,500
31019,31019,3000
31020,31020,1500
31021,31021,1000
31022,31022,1500
31023,31023,2000
31024,31024,3000
31025,31025,3000
31026,31026,2500
31027,31027,3000
31028,31028,3000
31029,31029,500
31030,31030,3000
31031,31031,2000
31032,31032,1500
31033,31033,3000
31034,31034,3000
31035,31035,1000
31036,31036,2000
31037,31037,3000
31038,31038,3000
31039,31039,500
31040,31040,3000
31041,31041,2000
31042,31042,500
31043,31043,3000
31044,31044,1500
31045,31045,3000
31046,31046,2500
31047,31047,2500
31048,31048,500
31049,31049,3000
31050,31050,500
31051,31051,1000
31052,31052,3000
31053,31053,1000
31054,31054,3000
31055,31055,2500
31056,31056,3000
31057,31057,1000
31058,31058,1500
31059,31059,3000
31060,31060,1500
31061,31061,3000
31062,31062,2000
31063,31063,1000
31064,31064,3000
31065,31065,3000
31066,31066,1000
31067,31067,1500
31068,31068,3000
31069,31069,1000
31070,31070,2500
31071,31071,3000
31072,31072,3000
31073,31073,1500
31074,31074,1500
31075,31075,500
31076,31076,1500
31077,31077,3000
31078,31078,1500
31079,31079,1500
31080,31080,1500
31081,31081,2000
31082,31082,2000
31083,31083,1500
31084,31084,3000
31085,31085,3000
31086,31086,3000
31087,31087,1500
31088,31088,1000
31089,31089,3000
31090,31090,2000
31091,31091,1000
31092,31092,1000
31093,31093,1500
31094,31094,2000
31095,31095,3000
31096,31096,3000
31097,31097,1000
31098,31098,3000
31099,31099,1000
31100,31100,3000
31101,31101,1500
31102,31102,3000
31103,31103,1500
31104,31104,2000
31105,31105,1500
31106,31106,3000
31107,31107,1000
31108,31108,3000
31109,31109,3000
31110,31110,3000
31111,31111,3000
31112,31112,3000
31113,31113,2000
31114,31114,3000
31115,31115,2500
31116,31116,2000
31117,31117,2500
31118,31118,500
31119,31119,3000
31120,31120,3000
31121,31121,3000
31122,31122,3000
31123,31123,3000
31124,31124,2500
31125,31125,2000
31126,31126,3000
31127,31127,3000
31128,31128,1500
31129,31129,3000
31130,31130,500
31131,31131,2500
31132,31132,1500
31133,31133,500
31134,31134,3000
31135,31135,3000
31136,31136,3000
31137,31137,1500
31138,31138,1500
31139,31139,500
31140,31140,500
31141,31141,1500
31142,31142,3000
31143,31143,1500
31144,31144,3000
31145,31145,3000
31146,31146,3000
31147,31147,500
31148,31148,3000
31149,31149,1500
31150,31150,2500
31151,31151,2000
31152,31152,3000
31153,31153,1500
31154,31154,3000
31155,31155,500
31156,31156,1500
31157,31157,2500
31158,31158,3000
31159,31159,2000
31160,31160,1000
31161,31161,1500
31162,31162,1500
31163,31163,2000
31164,31164,1500
31165,31165,2500
31166,31166,500
31167,31167,3000
31168,31168,3000
31169,31169,3000
31170,31170,1500
31171,31171,1500
31172,31172,2000
31173,31173,1000
31174,31174,500
31175,31175,500
31176,31176,1500
31177,31177,2500
31178,31178,1500
31179,31179,500
31180,31180,1000
31181,31181,3000
31182,31182,3000
31183,31183,500
31184,31184,2000
31185,31185,1500
31186,31186,2500
31187,31187,2000
31188,31188,3000
31189,31189,3000
31190,31190,3000
31191,31191,3000
31192,31192,2000
31193,31193,1500
31194,31194,3000
31195,31195,3000
31196,31196,3000
31197,31197,2500
31198,31198,1500
31199,31199,3000
31200,31200,2000
31201,31201,3000
31202,31202,2000
31203,31203,2000
31204,31204,3000
31205,31205,2000
31206,31206,3000
31207,31207,1500
31208,31208,3000
31209,31209,1500
31210,31210,3000
31211,31211,3000
31212,31212,500
31213,31213,2500
31214,31214,2000
31215,31215,3000
31216,31216,3000
31217,31217,2000
31218,31218,1000
31219,31219,2000
31220,31220,3000
31221,31221,3000
31222,31222,1500
31223,31223,1500
31224,31224,1500
31225,31225,500
31226,31226,1500
31227,31227,1000
31228,31228,2000
31229,31229,3000
31230,31230,3000
31231,31231,1500
31232,31232,1500
31233,31233,1000
31234,31234,3000
31235,31235,1500
31236,31236,1000
31237,31237,3000
31238,31238,2000
31239,31239,2000
31240,31240,500
31241,31241,3000
31242,31242,500
31243,31243,500
31244,31244,3000
31245,31245,1000
31246,31246,2000
31247,31247,2500
31248,31248,2500
31249,31249,3000
31250,31250,2000
31251,31251,2500
31252,31252,2000
31253,31253,1500
31254,31254,1500
31255,31255,2500
31256,31256,2000
31257,31257,3000
31258,31258,1000
31259,31259,1500
31260,31260,1000
31261,31261,3000
31262,31262,500
31263,31263,1500
31264,31264,3000
31265,31265,3000
31266,31266,1500
31267,31267,1500
31268,31268,3000
31269,31269,2500
31270,31270,1000
31271,31271,500
31272,31272,1500
31273,31273,500
31274,31274,2000
31275,31275,3000
31276,31276,3000
31277,31277,2500
31278,31278,3000
31279,31279,500
31280,31280,1000
31281,31281,2000
31282,31282,500
31283,31283,1500
31284,31284,500
31285,31285,1500
31286,31286,2500
31287,31287,2000
31288,31288,1000
31289,31289,500
31290,31290,3000
31291,31291,1500
31292,31292,3000
31293,31293,3000
31294,31294,1500
31295,31295,500
31296,31296,1500
31297,31297,2000
31298,31298,3000
31299,31299,3000
31300,31300,1000
31301,31301,1000
31302,31302,1000
31303,31303,3000
31304,31304,2500
31305,31305,2000
31306,31306,3000
31307,31307,1000
31308,31308,1500
31309,31309,3000
31310,31310,2500
31311,31311,2500
31312,31312,500
31313,31313,1500
31314,31314,2500
31315,31315,3000
31316,31316,500
31317,31317,1000
31318,31318,1000
31319,31319,1500
31320,31320,1000
31321,31321,1500
31322,31322,1500
31323,31323,1500
31324,31324,3000
31325,31325,3000
31326,31326,3000
31327,31327,1500
31328,31328,3000
31329,31329,500
31330,31330,1500
31331,31331,3000
31332,31332,3000
31333,31333,1000
31334,31334,2000
31335,31335,1500
31336,31336,3000
31337,31337,3000
31338,31338,3000
31339,31339,3000
31340,31340,1500
31341,31341,1000
31342,31342,2500
31343,31343,3000
31344,31344,2500
31345,31345,2000
31346,31346,2000
31347,31347,3000
31348,31348,1000
31349,31349,1500
31350,31350,1500
31351,31351,2000
31352,31352,3000
31353,31353,1500
31354,31354,1500
31355,31355,2000
31356,31356,1500
31357,31357,3000
31358,31358,500
31359,31359,2500
31360,31360,2000
31361,31361,3000
31362,31362,2000
31363,31363,3000
31364,31364,1500
31365,31365,1000
31366,31366,1500
31367,31367,1500
31368,31368,2500
31369,31369,3000
31370,31370,1500
31371,31371,1500
31372,31372,3000
31373,31373,3000
31374,31374,2000
31375,31375,1500
31376,31376,1500
31377,31377,500
31378,31378,3000
31379,31379,500
31380,31380,3000
31381,31381,2000
31382,31382,1500
31383,31383,2000
31384,31384,500
31385,31385,3000
31386,31386,2500
31387,31387,2000
31388,31388,3000
31389,31389,3000
31390,31390,3000
31391,31391,2500
31392,31392,3000
31393,31393,1500
31394,31394,3000
31395,31395,3000
31396,31396,500
31397,31397,500
31398,31398,1000
31399,31399,1500
31400,31400,3000
31401,31401,500
31402,31402,1500
31403,31403,2500
31404,31404,3000
31405,31405,2500
31406,31406,1500
31407,31407,1000
31408,31408,500
31409,31409,3000
31410,31410,1000
31411,31411,3000
31412,31412,500
31413,31413,3000
31414,31414,1500
31415,31415,3000
31416,31416,3000
31417,31417,2000
31418,31418,1000
31419,31419,2500
31420,31420,2500
31421,31421,2000
31422,31422,3000
31423,31423,3000
31424,31424,1500
31425,31425,3000
31426,31426,2000
31427,31427,3000
31428,31428,2000
31429,31429,1000
31430,31430,3000
31431,31431,3000
31432,31432,3000
31433,31433,1000
31434,31434,2500
31435,31435,2500
31436,31436,3000
31437,31437,2500
31438,31438,3000
31439,31439,2000
31440,31440,500
31441,31441,1500
31442,31442,1500
31443,31443,500
31444,31444,3000
31445,31445,1500
31446,31446,3000
31447,31447,3000
31448,31448,1000
31449,31449,1000
31450,31450,3000
31451,31451,3000
31452,31452,500
31453,31453,3000
31454,31454,1500
31455,31455,3000
31456,31456,1500
31457,31457,3000
31458,31458,3000
31459,31459,3000
31460,31460,2000
31461,31461,3000
31462,31462,1500
31463,31463,1000
31464,31464,1500
31465,31465,2000
31466,31466,1000
31467,31467,3000
31468,31468,500
31469,31469,3000
31470,31470,3000
31471,31471,2500
31472,31472,3000
31473,31473,2500
31474,31474,3000
31475,31475,500
31476,31476,3000
31477,31477,2000
31478,31478,500
31479,31479,1500
31480,31480,3000
31481,31481,2500
31482,31482,1500
31483,31483,2500
31484,31484,2500
31485,31485,1500
31486,31486,2000
31487,31487,2500
31488,31488,3000
31489,31489,2000
31490,31490,1000
31491,31491,1500
31492,31492,2500
31493,31493,1500
31494,31494,2000
31495,31495,3000
31496,31496,3000
31497,31497,1500
31498,31498,1000
31499,31499,3000
31500,31500,1000
31501,31501,500
31502,31502,500
31503,31503,1500
31504,31504,1000
31505,31505,1000
31506,31506,3000
31507,31507,3000
31508,31508,2500
31509,31509,3000
31510,31510,2000
31511,31511,3000
31512,31512,2000
31513,31513,1500
31514,31514,3000
31515,31515,3000
31516,31516,1000
31517,31517,2500
31518,31518,500
31519,31519,2500
31520,31520,1500
31521,31521,2000
31522,31522,2000
31523,31523,1500
31524,31524,1000
31525,31525,1500
31526,31526,2000
31527,31527,3000
31528,31528,1000
31529,31529,3000
31530,31530,1000
31531,31531,500
31532,31532,3000
31533,31533,1500
31534,31534,3000
31535,31535,3000
31536,31536,500
31537,31537,1000
31538,31538,1500
31539,31539,1500
31540,31540,2000
31541,31541,2000
31542,31542,500
31543,31543,1000
31544,31544,3000
31545,31545,1500
31546,31546,500
31547,31547,2000
31548,31548,500
31549,31549,2500
31550,31550,500
31551,31551,1500
31552,31552,1500
31553,31553,1000
31554,31554,3000
31555,31555,1000
31556,31556,2000
31557,31557,2000
31558,31558,500
31559,31559,3000
31560,31560,500
31561,31561,1500
31562,31562,3000
31563,31563,3000
31564,31564,3000
31565,31565,3000
31566,31566,1000
31567,31567,1500
31568,31568,1000
31569,31569,2500
31570,31570,3000
31571,31571,3000
31572,31572,500
31573,31573,2000
31574,31574,3000
31575,31575,1500
31576,31576,2000
31577,31577,1000
31578,31578,3000
31579,31579,500
31580,31580,1500
31581,31581,1500
31582,31582,500
31583,31583,1500
31584,31584,500
31585,31585,2000
31586,31586,1500
31587,31587,2500
31588,31588,500
31589,31589,1500
31590,31590,2500
31591,31591,1500
31592,31592,2000
31593,31593,500
31594,31594,2000
31595,31595,500
31596,31596,3000
31597,31597,1000
31598,31598,1500
31599,31599,1500
31600,31600,500
31601,31601,3000
31602,31602,2000
31603,31603,1000
31604,31604,2500
31605,31605,2000
31606,31606,3000
31607,31607,3000
31608,31608,1500
31609,31609,2500
31610,31610,500
31611,31611,2500
31612,31612,1500
31613,31613,500
31614,31614,1500
31615,31615,1000
31616,31616,3000
31617,31617,3000
31618,31618,1500
31619,31619,3000
31620,31620,3000
31621,31621,2500
31622,31622,500
31623,31623,1500
31624,31624,2500
31625,31625,500
31626,31626,3000
31627,31627,500
31628,31628,3000
31629,31629,1500
31630,31630,3000
31631,31631,3000
31632,31632,2500
31633,31633,3000
31634,31634,2000
31635,31635,1500
31636,31636,500
31637,31637,1000
31638,31638,1500
31639,31639,1500
31640,31640,1500
31641,31641,1500
31642,31642,500
31643,31643,3000
31644,31644,500
31645,31645,1500
31646,31646,1500
31647,31647,1000
31648,31648,1000
31649,31649,2000
31650,31650,1500
31651,31651,1500
31652,31652,500
31653,31653,3000
31654,31654,1500
31655,31655,2500
31656,31656,1000
31657,31657,2500
31658,31658,3000
31659,31659,2500
31660,31660,2000
31661,31661,500
31662,31662,3000
31663,31663,500
31664,31664,3000
31665,31665,3000
31666,31666,2000
31667,31667,3000
31668,31668,3000
31669,31669,1500
31670,31670,2000
31671,31671,3000
31672,31672,2500
31673,31673,1500
31674,31674,1500
31675,31675,3000
31676,31676,2500
31677,31677,2500
31678,31678,2000
31679,31679,1500
31680,31680,3000
31681,31681,3000
31682,31682,500
31683,31683,1500
31684,31684,1500
31685,31685,2000
31686,31686,2500
31687,31687,3000
31688,31688,2500
31689,31689,2500
31690,31690,3000
31691,31691,1000
31692,31692,1500
31693,31693,500
31694,31694,3000
31695,31695,1500
31696,31696,500
31697,31697,1500
31698,31698,3000
31699,31699,1500
31700,31700,3000
31701,31701,3000
31702,31702,1500
31703,31703,500
31704,31704,2500
31705,31705,3000
31706,31706,3000
31707,31707,3000
31708,31708,3000
31709,31709,500
31710,31710,3000
31711,31711,1500
31712,31712,1000
31713,31713,2000
31714,31714,1000
31715,31715,1500
31716,31716,3000
31717,31717,3000
31718,31718,3000
31719,31719,1500
31720,31720,3000
31721,31721,500
31722,31722,3000
31723,31723,3000
31724,31724,1500
31725,31725,2000
31726,31726,1500
31727,31727,500
31728,31728,3000
31729,31729,1500
31730,31730,500
31731,31731,500
31732,31732,500
31733,31733,3000
31734,31734,1000
31735,31735,2000
31736,31736,1500
31737,31737,2500
31738,31738,2500
31739,31739,2000
31740,31740,3000
31741,31741,1500
31742,31742,1500
31743,31743,3000
31744,31744,1500
31745,31745,2500
31746,31746,3000
31747,31747,2500
31748,31748,500
31749,31749,2000
31750,31750,3000
31751,31751,3000
31752,31752,1500
31753,31753,1000
31754,31754,1500
31755,31755,1500
31756,31756,3000
31757,31757,2500
31758,31758,2000
31759,31759,500
31760,31760,1500
31761,31761,3000
31762,31762,1500
31763,31763,2000
31764,31764,2000
31765,31765,3000
31766,31766,500
31767,31767,500
31768,31768,3000
31769,31769,500
31770,31770,500
31771,31771,2000
31772,31772,3000
31773,31773,1500
31774,31774,500
31775,31775,3000
31776,31776,1500
31777,31777,2500
31778,31778,3000
31779,31779,1500
31780,31780,2000
31781,31781,3000
31782,31782,1500
31783,31783,2000
31784,31784,2000
31785,31785,3000
31786,31786,1500
31787,31787,2500
31788,31788,1500
31789,31789,3000
31790,31790,1000
31791,31791,1500
31792,31792,2000
31793,31793,2500
31794,31794,500
31795,31795,500
31796,31796,3000
31797,31797,1000
31798,31798,2500
31799,31799,3000
31800,31800,500
31801,31801,1500
31802,31802,500
31803,31803,2500
31804,31804,1500
31805,31805,500
31806,31806,1500
31807,31807,500
31808,31808,1500
31809,31809,3000
31810,31810,3000
31811,31811,500
31812,31812,2000
31813,31813,3000
31814,31814,2500
31815,31815,500
31816,31816,500
31817,31817,1500
31818,31818,2000
31819,31819,3000
31820,31820,1000
31821,31821,1500
31822,31822,2500
31823,31823,1500
31824,31824,500
31825,31825,1500
31826,31826,500
31827,31827,2000
31828,31828,3000
31829,31829,2500
31830,31830,1500
31831,31831,3000
31832,31832,3000
31833,31833,1000
31834,31834,1500
31835,31835,3000
31836,31836,1500
31837,31837,3000
31838,31838,3000
31839,31839,1500
31840,31840,1500
31841,31841,2500
31842,31842,1000
31843,31843,2500
31844,31844,2500
31845,31845,500
31846,31846,1500
31847,31847,3000
31848,31848,1500
31849,31849,500
31850,31850,1500
31851,31851,1000
31852,31852,3000
31853,31853,1000
31854,31854,3000
31855,31855,1000
31856,31856,3000
31857,31857,3000
31858,31858,1500
31859,31859,3000
31860,31860,1000
31861,31861,3000
31862,31862,2500
31863,31863,3000
31864,31864,2000
31865,31865,1500
31866,31866,1000
31867,31867,3000
31868,31868,1500
31869,31869,1000
31870,31870,1500
31871,31871,3000
31872,31872,3000
31873,31873,500
31874,31874,3000
31875,31875,2500
31876,31876,3000
31877,31877,2000
31878,31878,3000
31879,31879,2000
31880,31880,2000
31881,31881,1000
31882,31882,2000
31883,31883,1000
31884,31884,1500
31885,31885,3000
31886,31886,2500
31887,31887,3000
31888,31888,3000
31889,31889,1500
31890,31890,1000
31891,31891,3000
31892,31892,1000
31893,31893,1500
31894,31894,3000
31895,31895,3000
31896,31896,3000
31897,31897,3000
31898,31898,500
31899,31899,3000
31900,31900,1500
31901,31901,2500
31902,31902,3000
31903,31903,2500
31904,31904,3000
31905,31905,3000
31906,31906,2500
31907,31907,500
31908,31908,3000
31909,31909,1500
31910,31910,500
31911,31911,3000
31912,31912,1500
31913,31913,2000
31914,31914,1000
31915,31915,2500
31916,31916,2000
31917,31917,500
31918,31918,500
31919,31919,2000
31920,31920,1000
31921,31921,1000
31922,31922,1500
31923,31923,1500
31924,31924,3000
31925,31925,3000
31926,31926,3000
31927,31927,1500
31928,31928,3000
31929,31929,3000
31930,31930,2500
31931,31931,1000
31932,31932,1500
31933,31933,3000
31934,31934,2000
31935,31935,1500
31936,31936,1500
31937,31937,1000
31938,31938,1500
31939,31939,2000
31940,31940,2500
31941,31941,1500
31942,31942,1500
31943,31943,2000
31944,31944,1500
31945,31945,2500
31946,31946,1000
31947,31947,1500
31948,31948,3000
31949,31949,500
31950,31950,3000
31951,31951,3000
31952,31952,3000
31953,31953,500
31954,31954,1000
31955,31955,1000
31956,31956,2000
31957,31957,500
31958,31958,2500
31959,31959,3000
31960,31960,1000
31961,31961,3000
31962,31962,1500
31963,31963,1500
31964,31964,2000
31965,31965,3000
31966,31966,1500
31967,31967,3000
31968,31968,2000
31969,31969,1500
31970,31970,2000
31971,31971,2500
31972,31972,1000
31973,31973,1500
31974,31974,2500
31975,31975,1500
31976,31976,1000
31977,31977,2500
31978,31978,3000
31979,31979,3000
31980,31980,500
31981,31981,1500
31982,31982,3000
31983,31983,3000
31984,31984,3000
31985,31985,1500
31986,31986,1000
31987,31987,500
31988,31988,3000
31989,31989,2500
31990,31990,2000
31991,31991,2000
31992,31992,3000
31993,31993,3000
31994,31994,2500
31995,31995,1000
31996,31996,2500
31997,31997,1500
31998,31998,3000
31999,31999,3000
32000,32000,1000
32001,32001,1000
32002,32002,3000
32003,32003,1500
32004,32004,2000
32005,32005,3000
32006,32006,2500
32007,32007,1000
32008,32008,1500
32009,32009,3000
32010,32010,1500
32011,32011,1000
32012,32012,3000
32013,32013,1000
32014,32014,1500
32015,32015,3000
32016,32016,1500
32017,32017,3000
32018,32018,500
32019,32019,2500
32020,32020,2000
32021,32021,3000
32022,32022,2000
32023,32023,1500
32024,32024,500
32025,32025,2500
32026,32026,3000
32027,32027,1500
32028,32028,3000
32029,32029,3000
32030,32030,500
32031,32031,1500
32032,32032,2500
32033,32033,3000
32034,32034,2000
32035,32035,1500
32036,32036,500
32037,32037,1000
32038,32038,3000
32039,32039,2500
32040,32040,2000
32041,32041,1000
32042,32042,2000
32043,32043,2500
32044,32044,500
32045,32045,1500
32046,32046,500
32047,32047,3000
32048,32048,1000
32049,32049,500
32050,32050,3000
32051,32051,3000
32052,32052,1500
32053,32053,500
32054,32054,3000
32055,32055,2500
32056,32056,3000
32057,32057,2500
32058,32058,3000
32059,32059,3000
32060,32060,2000
32061,32061,3000
32062,32062,3000
32063,32063,3000
32064,32064,1500
32065,32065,3000
32066,32066,1000
32067,32067,2500
32068,32068,2500
32069,32069,1000
32070,32070,1500
32071,32071,3000
32072,32072,3000
32073,32073,500
32074,32074,3000
32075,32075,3000
32076,32076,1000
32077,32077,3000
32078,32078,2000
32079,32079,2500
32080,32080,2000
32081,32081,1000
32082,32082,1500
32083,32083,3000
32084,32084,3000
32085,32085,3000
32086,32086,2500
32087,32087,3000
32088,32088,2500
32089,32089,3000
32090,32090,1500
32091,32091,3000
32092,32092,1500
32093,32093,500
32094,32094,1500
32095,32095,3000
32096,32096,3000
32097,32097,2000
32098,32098,2500
32099,32099,500
32100,32100,1500
32101,32101,1500
32102,32102,3000
32103,32103,500
32104,32104,3000
32105,32105,3000
32106,32106,3000
32107,32107,1500
32108,32108,3000
32109,32109,2500
32110,32110,3000
32111,32111,2500
32112,32112,3000
32113,32113,3000
32114,32114,2000
32115,32115,1500
32116,32116,3000
32117,32117,2500
32118,32118,1500
32119,32119,1000
32120,32120,2500
32121,32121,2000
32122,32122,1500
32123,32123,1500
32124,32124,2000
32125,32125,2000
32126,32126,1500
32127,32127,1500
32128,32128,3000
32129,32129,500
32130,32130,2000
32131,32131,3000
32132,32132,1000
32133,32133,2000
32134,32134,3000
32135,32135,1500
32136,32136,3000
32137,32137,1500
32138,32138,1500
32139,32139,3000
32140,32140,3000
32141,32141,1500
32142,32142,2500
32143,32143,3000
32144,32144,1500
32145,32145,1000
32146,32146,2500
32147,32147,1500
32148,32148,3000
32149,32149,2000
32150,32150,3000
32151,32151,1000
32152,32152,2000
32153,32153,1000
32154,32154,1500
32155,32155,1500
32156,32156,500
32157,32157,1500
32158,32158,500
32159,32159,1500
32160,32160,3000
32161,32161,500
32162,32162,1000
32163,32163,1000
32164,32164,3000
32165,32165,3000
32166,32166,500
32167,32167,1000
32168,32168,1500
32169,32169,2500
32170,32170,2000
32171,32171,2500
32172,32172,1500
32173,32173,1000
32174,32174,500
32175,32175,3000
32176,32176,1500
32177,32177,1500
32178,32178,3000
32179,32179,1500
32180,32180,3000
32181,32181,3000
32182,32182,2500
32183,32183,2000
32184,32184,1500
32185,32185,3000
32186,32186,3000
32187,32187,500
32188,32188,3000
32189,32189,3000
32190,32190,1500
32191,32191,3000
32192,32192,1000
32193,32193,500
32194,32194,3000
32195,32195,3000
32196,32196,3000
32197,32197,3000
32198,32198,1000
32199,32199,1500
32200,32200,1500
32201,32201,3000
32202,32202,1000
32203,32203,2500
32204,32204,3000
32205,32205,3000
32206,32206,2500
32207,32207,1500
32208,32208,1000
32209,32209,3000
32210,32210,500
32211,32211,2500
32212,32212,2000
32213,32213,2000
32214,32214,1500
32215,32215,2500
32216,32216,3000
32217,32217,500
32218,32218,3000
32219,32219,500
32220,32220,1500
32221,32221,3000
32222,32222,3000
32223,32223,1000
32224,32224,1000
32225,32225,500
32226,32226,2000
32227,32227,500
32228,32228,1500
32229,32229,1500
32230,32230,1500
32231,32231,3000
32232,32232,3000
32233,32233,1000
32234,32234,2500
32235,32235,2500
32236,32236,1500
32237,32237,2500
32238,32238,1500
32239,32239,1500
32240,32240,3000
32241,32241,3000
32242,32242,3000
32243,32243,3000
32244,32244,1500
32245,32245,2500
32246,32246,3000
32247,32247,2500
32248,32248,1500
32249,32249,2000
32250,32250,1500
32251,32251,1500
32252,32252,500
32253,32253,1000
32254,32254,1500
32255,32255,3000
32256,32256,1500
32257,32257,1500
32258,32258,1000
32259,32259,3000
32260,32260,2000
32261,32261,500
32262,32262,3000
32263,32263,1000
32264,32264,1500
32265,32265,3000
32266,32266,2000
32267,32267,3000
32268,32268,3000
32269,32269,1500
32270,32270,3000
32271,32271,1500
32272,32272,1500
32273,32273,2000
32274,32274,1500
32275,32275,2000
32276,32276,3000
32277,32277,3000
32278,32278,2000
32279,32279,1000
32280,32280,3000
32281,32281,2000
32282,32282,2000
32283,32283,3000
32284,32284,3000
32285,32285,1500
32286,32286,3000
32287,32287,3000
32288,32288,3000
32289,32289,3000
32290,32290,3000
32291,32291,1500
32292,32292,500
32293,32293,3000
32294,32294,2000
32295,32295,500
32296,32296,500
32297,32297,1500
32298,32298,3000
32299,32299,3000
32300,32300,3000
32301,32301,2000
32302,32302,2500
32303,32303,2000
32304,32304,500
32305,32305,3000
32306,32306,3000
32307,32307,1500
32308,32308,1000
32309,32309,3000
32310,32310,3000
32311,32311,3000
32312,32312,3000
32313,32313,2500
32314,32314,500
32315,32315,1500
32316,32316,1500
32317,32317,3000
32318,32318,1500
32319,32319,500
32320,32320,500
32321,32321,1500
32322,32322,2000
32323,32323,1500
32324,32324,500
32325,32325,500
32326,32326,500
32327,32327,1500
32328,32328,1000
32329,32329,3000
32330,32330,3000
32331,32331,2500
32332,32332,1500
32333,32333,1500
32334,32334,3000
32335,32335,1500
32336,32336,3000
32337,32337,1500
32338,32338,1500
32339,32339,1000
32340,32340,3000
32341,32341,3000
32342,32342,3000
32343,32343,1500
32344,32344,1500
32345,32345,1500
32346,32346,2000
32347,32347,500
32348,32348,1500
32349,32349,2500
32350,32350,2000
32351,32351,3000
32352,32352,2000
32353,32353,1500
32354,32354,3000
32355,32355,2000
32356,32356,1000
32357,32357,2500
32358,32358,3000
32359,32359,2500
32360,32360,3000
32361,32361,3000
32362,32362,3000
32363,32363,500
32364,32364,2000
32365,32365,1500
32366,32366,3000
32367,32367,2000
32368,32368,3000
32369,32369,2000
32370,32370,1000
32371,32371,2500
32372,32372,3000
32373,32373,3000
32374,32374,1000
32375,32375,2500
32376,32376,1000
32377,32377,3000
32378,32378,3000
32379,32379,1500
32380,32380,2500
32381,32381,1500
32382,32382,3000
32383,32383,3000
32384,32384,3000
32385,32385,1000
32386,32386,3000
32387,32387,3000
32388,32388,3000
32389,32389,1500
32390,32390,1500
32391,32391,3000
32392,32392,2000
32393,32393,1500
32394,32394,3000
32395,32395,2000
32396,32396,1500
32397,32397,1500
32398,32398,1500
32399,32399,3000
32400,32400,500
32401,32401,1000
32402,32402,1500
32403,32403,3000
32404,32404,1000
32405,32405,2500
32406,32406,3000
32407,32407,3000
32408,32408,2500
32409,32409,500
32410,32410,3000
32411,32411,500
32412,32412,2500
32413,32413,2500
32414,32414,3000
32415,32415,500
32416,32416,1500
32417,32417,1500
32418,32418,1500
32419,32419,500
32420,32420,1000
32421,32421,1000
32422,32422,500
32423,32423,3000
32424,32424,3000
32425,32425,2000
32426,32426,1500
32427,32427,2000
32428,32428,2500
32429,32429,1500
32430,32430,3000
32431,32431,500
32432,32432,2000
32433,32433,500
32434,32434,3000
32435,32435,1500
32436,32436,1500
32437,32437,1500
32438,32438,3000
32439,32439,1500
32440,32440,3000
32441,32441,1500
32442,32442,2500
32443,32443,3000
32444,32444,2500
32445,32445,3000
32446,32446,2500
32447,32447,3000
32448,32448,3000
32449,32449,1500
32450,32450,500
32451,32451,500
32452,32452,1500
32453,32453,3000
32454,32454,2000
32455,32455,3000
32456,32456,1500
32457,32457,1500
32458,32458,500
32459,32459,3000
32460,32460,3000
32461,32461,500
32462,32462,1500
32463,32463,3000
32464,32464,2000
32465,32465,3000
32466,32466,3000
32467,32467,1000
32468,32468,3000
32469,32469,2500
32470,32470,1500
32471,32471,1500
32472,32472,2000
32473,32473,2500
32474,32474,3000
32475,32475,1500
32476,32476,1500
32477,32477,3000
32478,32478,1000
32479,32479,1000
32480,32480,500
32481,32481,2000
32482,32482,1500
32483,32483,3000
32484,32484,3000
32485,32485,3000
32486,32486,2500
32487,32487,3000
32488,32488,3000
32489,32489,3000
32490,32490,1500
32491,32491,500
32492,32492,2500
32493,32493,1500
32494,32494,3000
32495,32495,1500
32496,32496,2500
32497,32497,500
32498,32498,2500
32499,32499,1500
32500,32500,2000
32501,32501,2500
32502,32502,2000
32503,32503,1000
32504,32504,3000
32505,32505,3000
32506,32506,1500
32507,32507,2500
32508,32508,3000
32509,32509,500
32510,32510,1500
32511,32511,1500
32512,32512,3000
32513,32513,2500
32514,32514,3000
32515,32515,1500
32516,32516,500
32517,32517,3000
32518,32518,1500
32519,32519,500
32520,32520,1500
32521,32521,2500
32522,32522,2000
32523,32523,3000
32524,32524,500
32525,32525,3000
32526,32526,1500
32527,32527,3000
32528,32528,500
32529,32529,2500
32530,32530,2500
32531,32531,1500
32532,32532,1500
32533,32533,1000
32534,32534,3000
32535,32535,2000
32536,32536,3000
32537,32537,500
32538,32538,1500
32539,32539,3000
32540,32540,3000
32541,32541,1500
32542,32542,1000
32543,32543,3000
32544,32544,3000
32545,32545,1500
32546,32546,1500
32547,32547,3000
32548,32548,1500
32549,32549,3000
32550,32550,1500
32551,32551,2500
32552,32552,3000
32553,32553,1500
32554,32554,3000
32555,32555,1500
32556,32556,1500
32557,32557,3000
32558,32558,3000
32559,32559,3000
32560,32560,2500
32561,32561,2000
32562,32562,3000
32563,32563,1000
32564,32564,500
32565,32565,3000
32566,32566,2500
32567,32567,500
32568,32568,3000
32569,32569,2500
32570,32570,1500
32571,32571,2000
32572,32572,3000
32573,32573,2000
32574,32574,3000
32575,32575,3000
32576,32576,1500
32577,32577,1500
32578,32578,1500
32579,32579,3000
32580,32580,500
32581,32581,2500
32582,32582,3000
32583,32583,3000
32584,32584,3000
32585,32585,3000
32586,32586,500
32587,32587,3000
32588,32588,3000
32589,32589,2500
32590,32590,1500
32591,32591,1500
32592,32592,1500
32593,32593,3000
32594,32594,2500
32595,32595,2500
32596,32596,1500
32597,32597,3000
32598,32598,3000
32599,32599,2000
32600,32600,1000
32601,32601,3000
32602,32602,3000
32603,32603,1500
32604,32604,3000
32605,32605,2500
32606,32606,500
32607,32607,2500
32608,32608,2000
32609,32609,2000
32610,32610,500
32611,32611,2500
32612,32612,500
32613,32613,3000
32614,32614,1500
32615,32615,2500
32616,32616,3000
32617,32617,1000
32618,32618,3000
32619,32619,2500
32620,32620,2000
32621,32621,3000
32622,32622,500
32623,32623,1500
32624,32624,1500
32625,32625,3000
32626,32626,3000
32627,32627,1500
32628,32628,1500
32629,32629,3000
32630,32630,2000
32631,32631,3000
32632,32632,1500
32633,32633,3000
32634,32634,2500
32635,32635,3000
32636,32636,1000
32637,32637,1500
32638,32638,3000
32639,32639,2500
32640,32640,3000
32641,32641,500
32642,32642,1500
32643,32643,1000
32644,32644,1000
32645,32645,2000
32646,32646,2500
32647,32647,3000
32648,32648,1500
32649,32649,1500
32650,32650,1500
32651,32651,3000
32652,32652,2500
32653,32653,500
32654,32654,1500
32655,32655,2500
32656,32656,3000
32657,32657,500
32658,32658,2000
32659,32659,500
32660,32660,1000
32661,32661,2000
32662,32662,3000
32663,32663,1500
32664,32664,1500
32665,32665,2500
32666,32666,1500
32667,32667,2500
32668,32668,1500
32669,32669,3000
32670,32670,2000
32671,32671,1500
32672,32672,3000
32673,32673,2000
32674,32674,3000
32675,32675,1500
32676,32676,500
32677,32677,3000
32678,32678,2500
32679,32679,500
32680,32680,1500
32681,32681,1500
32682,32682,500
32683,32683,3000
32684,32684,500
32685,32685,1500
32686,32686,1500
32687,32687,3000
32688,32688,2500
32689,32689,1500
32690,32690,1500
32691,32691,3000
32692,32692,500
32693,32693,500
32694,32694,2500
32695,32695,2500
32696,32696,2000
32697,32697,1000
32698,32698,1000
32699,32699,500
32700,32700,3000
32701,32701,2000
32702,32702,3000
32703,32703,3000
32704,32704,1500
32705,32705,3000
32706,32706,2500
32707,32707,2000
32708,32708,1500
32709,32709,1500
32710,32710,1500
32711,32711,3000
32712,32712,1000
32713,32713,3000
32714,32714,1500
32715,32715,1000
32716,32716,3000
32717,32717,3000
32718,32718,3000
32719,32719,3000
32720,32720,2500
32721,32721,500
32722,32722,500
32723,32723,1500
32724,32724,3000
32725,32725,3000
32726,32726,3000
32727,32727,3000
32728,32728,2500
32729,32729,2500
32730,32730,1000
32731,32731,2000
32732,32732,1500
32733,32733,3000
32734,32734,1500
32735,32735,2500
32736,32736,3000
32737,32737,3000
32738,32738,500
32739,32739,1500
32740,32740,1500
32741,32741,2500
32742,32742,3000
32743,32743,1500
32744,32744,1000
32745,32745,3000
32746,32746,500
32747,32747,1500
32748,32748,1500
32749,32749,2500
32750,32750,3000
32751,32751,3000
32752,32752,3000
32753,32753,2000
32754,32754,1000
32755,32755,1000
32756,32756,3000
32757,32757,3000
32758,32758,3000
32759,32759,1500
32760,32760,1000
32761,32761,3000
32762,32762,500
32763,32763,1000
32764,32764,2000
32765,32765,1000
32766,32766,2000
32767,32767,3000
32768,32768,2500
32769,32769,2000
32770,32770,1000
32771,32771,500
32772,32772,500
32773,32773,3000
32774,32774,3000
32775,32775,2000
32776,32776,1000
32777,32777,1500
32778,32778,2000
32779,32779,500
32780,32780,2500
32781,32781,1000
32782,32782,1500
32783,32783,3000
32784,32784,2500
32785,32785,2500
32786,32786,1000
32787,32787,1500
32788,32788,500
32789,32789,1500
32790,32790,2500
32791,32791,1500
32792,32792,3000
32793,32793,2500
32794,32794,3000
32795,32795,3000
32796,32796,1000
32797,32797,1500
32798,32798,1500
32799,32799,1500
32800,32800,3000
32801,32801,1000
32802,32802,3000
32803,32803,3000
32804,32804,3000
32805,32805,2000
32806,32806,3000
32807,32807,1500
32808,32808,1500
32809,32809,2500
32810,32810,1500
32811,32811,1000
32812,32812,3000
32813,32813,1500
32814,32814,500
32815,32815,3000
32816,32816,2000
32817,32817,1500
32818,32818,3000
32819,32819,1000
32820,32820,1500
32821,32821,1500
32822,32822,500
32823,32823,3000
32824,32824,2500
32825,32825,1000
32826,32826,500
32827,32827,2500
32828,32828,3000
32829,32829,3000
32830,32830,1500
32831,32831,1500
32832,32832,2500
32833,32833,3000
32834,32834,3000
32835,32835,1500
32836,32836,3000
32837,32837,1000
32838,32838,3000
32839,32839,3000
32840,32840,3000
32841,32841,1000
32842,32842,3000
32843,32843,2000
32844,32844,2000
32845,32845,3000
32846,32846,500
32847,32847,3000
32848,32848,2500
32849,32849,1500
32850,32850,1000
32851,32851,1500
32852,32852,500
32853,32853,2500
32854,32854,1500
32855,32855,1000
32856,32856,1500
32857,32857,1500
32858,32858,3000
32859,32859,3000
32860,32860,2500
32861,32861,500
32862,32862,3000
32863,32863,1000
32864,32864,1500
32865,32865,500
32866,32866,1500
32867,32867,1000
32868,32868,1000
32869,32869,2500
32870,32870,3000
32871,32871,1500
32872,32872,2500
32873,32873,3000
32874,32874,1500
32875,32875,1000
32876,32876,3000
32877,32877,500
32878,32878,1500
32879,32879,1000
32880,32880,3000
32881,32881,500
32882,32882,1500
32883,32883,3000
32884,32884,3000
32885,32885,2500
32886,32886,2000
32887,32887,3000
32888,32888,2500
32889,32889,1500
32890,32890,500
32891,32891,3000
32892,32892,3000
32893,32893,3000
32894,32894,1500
32895,32895,1500
32896,32896,1000
32897,32897,2500
32898,32898,1000
32899,32899,1500
32900,32900,1500
32901,32901,1000
32902,32902,2500
32903,32903,2500
32904,32904,1500
32905,32905,2500
32906,32906,1500
32907,32907,2500
32908,32908,500
32909,32909,2500
32910,32910,1500
32911,32911,500
32912,32912,3000
32913,32913,1500
32914,32914,2500
32915,32915,2500
32916,32916,3000
32917,32917,3000
32918,32918,1500
32919,32919,2500
32920,32920,3000
32921,32921,1500
32922,32922,1000
32923,32923,1500
32924,32924,3000
32925,32925,1000
32926,32926,1000
32927,32927,500
32928,32928,3000
32929,32929,1000
32930,32930,1000
32931,32931,3000
32932,32932,2500
32933,32933,2500
32934,32934,3000
32935,32935,3000
32936,32936,1500
32937,32937,2500
32938,32938,2500
32939,32939,2000
32940,32940,1500
32941,32941,1500
32942,32942,1500
32943,32943,1500
32944,32944,1500
32945,32945,2500
32946,32946,2500
32947,32947,1000
32948,32948,500
32949,32949,1500
32950,32950,1000
32951,32951,3000
32952,32952,3000
32953,32953,1500
32954,32954,2500
32955,32955,2500
32956,32956,2000
32957,32957,2500
32958,32958,1500
32959,32959,500
32960,32960,3000
32961,32961,500
32962,32962,500
32963,32963,500
32964,32964,3000
32965,32965,3000
32966,32966,3000
32967,32967,3000
32968,32968,1500
32969,32969,1000
32970,32970,3000
32971,32971,1000
32972,32972,1500
32973,32973,3000
32974,32974,2000
32975,32975,2500
32976,32976,1500
32977,32977,1500
32978,32978,2500
32979,32979,3000
32980,32980,3000
32981,32981,1500
32982,32982,1500
32983,32983,3000
32984,32984,3000
32985,32985,3000
32986,32986,3000
32987,32987,3000
32988,32988,1000
32989,32989,2500
32990,32990,3000
32991,32991,3000
32992,32992,1500
32993,32993,1500
32994,32994,3000
32995,32995,3000
32996,32996,2000
32997,32997,3000
32998,32998,1500
32999,32999,2000
33000,33000,3000
33001,33001,1000
33002,33002,500
33003,33003,500
33004,33004,2000
33005,33005,1500
33006,33006,1500
33007,33007,3000
33008,33008,1000
33009,33009,2500
33010,33010,2000
33011,33011,3000
33012,33012,2000
33013,33013,1500
33014,33014,3000
33015,33015,2500
33016,33016,500
33017,33017,3000
33018,33018,500
33019,33019,3000
33020,33020,1000
33021,33021,2000
33022,33022,500
33023,33023,3000
33024,33024,3000
33025,33025,2000
33026,33026,500
33027,33027,3000
33028,33028,2000
33029,33029,3000
33030,33030,3000
33031,33031,2500
33032,33032,2500
33033,33033,2500
33034,33034,3000
33035,33035,1500
33036,33036,2500
33037,33037,3000
33038,33038,3000
33039,33039,2000
33040,33040,3000
33041,33041,3000
33042,33042,1000
33043,33043,2500
33044,33044,1000
33045,33045,1500
33046,33046,3000
33047,33047,3000
33048,33048,1500
33049,33049,1500
33050,33050,1000
33051,33051,3000
33052,33052,1500
33053,33053,1500
33054,33054,2000
33055,33055,3000
33056,33056,3000
33057,33057,1500
33058,33058,2000
33059,33059,500
33060,33060,500
33061,33061,2000
33062,33062,3000
33063,33063,3000
33064,33064,3000
33065,33065,1000
33066,33066,2500
33067,33067,1000
33068,33068,1000
33069,33069,500
33070,33070,1500
33071,33071,3000
33072,33072,1500
33073,33073,3000
33074,33074,1500
33075,33075,1000
33076,33076,1500
33077,33077,3000
33078,33078,500
33079,33079,500
33080,33080,2000
33081,33081,1500
33082,33082,3000
33083,33083,1000
33084,33084,3000
33085,33085,2000
33086,33086,2500
33087,33087,3000
33088,33088,3000
33089,33089,1500
33090,33090,3000
33091,33091,2500
33092,33092,3000
33093,33093,500
33094,33094,500
33095,33095,3000
33096,33096,1500
33097,33097,1500
33098,33098,3000
33099,33099,500
33100,33100,1000
33101,33101,1500
33102,33102,500
33103,33103,1500
33104,33104,3000
33105,33105,1500
33106,33106,1500
33107,33107,2000
33108,33108,2000
33109,33109,1500
33110,33110,2000
33111,33111,2500
33112,33112,3000
33113,33113,1000
33114,33114,1000
33115,33115,1000
33116,33116,2000
33117,33117,1500
33118,33118,2500
33119,33119,1500
33120,33120,2000
33121,33121,3000
33122,33122,2000
33123,33123,1500
33124,33124,3000
33125,33125,3000
33126,33126,1500
33127,33127,3000
33128,33128,2000
33129,33129,1500
33130,33130,1000
33131,33131,1000
33132,33132,500
33133,33133,3000
33134,33134,500
33135,33135,3000
33136,33136,3000
33137,33137,1500
33138,33138,3000
33139,33139,3000
33140,33140,1500
33141,33141,3000
33142,33142,1500
33143,33143,3000
33144,33144,3000
33145,33145,2500
33146,33146,3000
33147,33147,1000
33148,33148,2500
33149,33149,500
33150,33150,500
33151,33151,1500
33152,33152,2500
33153,33153,2500
33154,33154,500
33155,33155,2500
33156,33156,1500
33157,33157,1500
33158,33158,3000
33159,33159,3000
33160,33160,3000
33161,33161,3000
33162,33162,2000
33163,33163,2000
33164,33164,3000
33165,33165,3000
33166,33166,3000
33167,33167,2500
33168,33168,500
33169,33169,1000
33170,33170,500
33171,33171,3000
33172,33172,3000
33173,33173,1500
33174,33174,1500
33175,33175,1500
33176,33176,2500
33177,33177,2000
33178,33178,1500
33179,33179,3000
33180,33180,2500
33181,33181,2500
33182,33182,1500
33183,33183,2000
33184,33184,3000
33185,33185,1500
33186,33186,3000
33187,33187,1500
33188,33188,2500
33189,33189,500
33190,33190,3000
33191,33191,500
33192,33192,1500
33193,33193,3000
33194,33194,500
33195,33195,3000
33196,33196,1500
33197,33197,3000
33198,33198,500
33199,33199,500
33200,33200,500
33201,33201,3000
33202,33202,1500
33203,33203,1000
33204,33204,1000
33205,33205,2500
33206,33206,2500
33207,33207,3000
33208,33208,500
33209,33209,1000
33210,33210,3000
33211,33211,3000
33212,33212,3000
33213,33213,3000
33214,33214,1500
33215,33215,3000
33216,33216,1000
33217,33217,1500
33218,33218,1500
33219,33219,2500
33220,33220,1500
33221,33221,3000
33222,33222,1500
33223,33223,2500
33224,33224,1000
33225,33225,3000
33226,33226,2000
33227,33227,1500
33228,33228,1500
33229,33229,1500
33230,33230,2000
33231,33231,2000
33232,33232,3000
33233,33233,3000
33234,33234,1000
33235,33235,1500
33236,33236,1500
33237,33237,1000
33238,33238,3000
33239,33239,1500
33240,33240,1500
33241,33241,3000
33242,33242,1000
33243,33243,3000
33244,33244,2500
33245,33245,1500
33246,33246,2500
33247,33247,500
33248,33248,3000
33249,33249,1000
33250,33250,1500
33251,33251,1000
33252,33252,2000
33253,33253,2000
33254,33254,3000
33255,33255,3000
33256,33256,2000
33257,33257,1500
33258,33258,1500
33259,33259,3000
33260,33260,1500
33261,33261,1500
33262,33262,3000
33263,33263,500
33264,33264,3000
33265,33265,1500
33266,33266,1500
33267,33267,3000
33268,33268,2000
33269,33269,1500
33270,33270,2500
33271,33271,2500
33272,33272,1500
33273,33273,500
33274,33274,1500
33275,33275,1000
33276,33276,500
33277,33277,500
33278,33278,2000
33279,33279,3000
33280,33280,2000
33281,33281,1500
33282,33282,1500
33283,33283,1500
33284,33284,2500
33285,33285,500
33286,33286,1000
33287,33287,500
33288,33288,1000
33289,33289,1500
33290,33290,3000
33291,33291,1000
33292,33292,3000
33293,33293,1500
33294,33294,2000
33295,33295,1500
33296,33296,1500
33297,33297,2000
33298,33298,3000
33299,33299,1500
33300,33300,1500
33301,33301,1000
33302,33302,500
33303,33303,3000
33304,33304,3000
33305,33305,500
33306,33306,2000
33307,33307,1000
33308,33308,2000
33309,33309,1500
33310,33310,500
33311,33311,3000
33312,33312,2000
33313,33313,1000
33314,33314,1000
33315,33315,1000
33316,33316,500
33317,33317,1500
33318,33318,500
33319,33319,2000
33320,33320,2000
33321,33321,3000
33322,33322,2000
33323,33323,2000
33324,33324,3000
33325,33325,1000
33326,33326,3000
33327,33327,3000
33328,33328,500
33329,33329,1500
33330,33330,1000
33331,33331,3000
33332,33332,1500
33333,33333,500
33334,33334,1500
33335,33335,2000
33336,33336,1500
33337,33337,3000
33338,33338,500
33339,33339,1000
33340,33340,1000
33341,33341,500
33342,33342,3000
33343,33343,1500
33344,33344,1000
33345,33345,2000
33346,33346,1000
33347,33347,500
33348,33348,1500
33349,33349,500
33350,33350,3000
33351,33351,3000
33352,33352,500
33353,33353,1500
33354,33354,3000
33355,33355,1500
33356,33356,500
33357,33357,500
33358,33358,3000
33359,33359,2500
33360,33360,2000
33361,33361,2500
33362,33362,2500
33363,33363,500
33364,33364,1500
33365,33365,500
33366,33366,500
33367,33367,1000
33368,33368,2500
33369,33369,1000
33370,33370,3000
33371,33371,3000
33372,33372,3000
33373,33373,500
33374,33374,1500
33375,33375,2000
33376,33376,3000
33377,33377,3000
33378,33378,2500
33379,33379,2500
33380,33380,1500
33381,33381,1500
33382,33382,1000
33383,33383,2500
33384,33384,1500
33385,33385,500
33386,33386,1500
33387,33387,1500
33388,33388,500
33389,33389,500
33390,33390,1000
33391,33391,1500
33392,33392,2000
33393,33393,2000
33394,33394,3000
33395,33395,1500
33396,33396,1500
33397,33397,1500
33398,33398,3000
33399,33399,1000
33400,33400,2500
33401,33401,1000
33402,33402,3000
33403,33403,2500
33404,33404,500
33405,33405,3000
33406,33406,500
33407,33407,2000
33408,33408,3000
33409,33409,2500
33410,33410,1500
33411,33411,2000
33412,33412,2500
33413,33413,2000
33414,33414,500
33415,33415,1000
33416,33416,2500
33417,33417,1000
33418,33418,3000
33419,33419,3000
33420,33420,1500
33421,33421,1000
33422,33422,2500
33423,33423,3000
33424,33424,3000
33425,33425,2500
33426,33426,500
33427,33427,3000
33428,33428,1500
33429,33429,1500
33430,33430,1500
33431,33431,3000
33432,33432,1500
33433,33433,2500
33434,33434,2000
33435,33435,500
33436,33436,3000
33437,33437,3000
33438,33438,1500
33439,33439,500
33440,33440,2000
33441,33441,3000
33442,33442,3000
33443,33443,1000
33444,33444,2000
33445,33445,2000
33446,33446,1500
33447,33447,3000
33448,33448,500
33449,33449,1000
33450,33450,2000
33451,33451,2000
33452,33452,1000
33453,33453,2000
33454,33454,2000
33455,33455,1000
33456,33456,3000
33457,33457,1500
33458,33458,2000
33459,33459,2000
33460,33460,3000
33461,33461,3000
33462,33462,2500
33463,33463,1500
33464,33464,1500
33465,33465,3000
33466,33466,3000
33467,33467,500
33468,33468,3000
33469,33469,2000
33470,33470,3000
33471,33471,3000
33472,33472,2000
33473,33473,1000
33474,33474,2500
33475,33475,1000
33476,33476,3000
33477,33477,2500
33478,33478,500
33479,33479,3000
33480,33480,500
33481,33481,1000
33482,33482,3000
33483,33483,3000
33484,33484,3000
33485,33485,500
33486,33486,3000
33487,33487,3000
33488,33488,2500
33489,33489,2000
33490,33490,3000
33491,33491,1000
33492,33492,1500
33493,33493,3000
33494,33494,2000
33495,33495,500
33496,33496,1000
33497,33497,2500
33498,33498,1500
33499,33499,3000
33500,33500,1000
33501,33501,2000
33502,33502,3000
33503,33503,3000
33504,33504,2000
33505,33505,2500
33506,33506,1500
33507,33507,3000
33508,33508,2500
33509,33509,2500
33510,33510,2500
33511,33511,500
33512,33512,3000
33513,33513,1500
33514,33514,1500
33515,33515,3000
33516,33516,1500
33517,33517,3000
33518,33518,3000
33519,33519,1500
33520,33520,1500
33521,33521,1500
33522,33522,3000
33523,33523,1500
33524,33524,3000
33525,33525,2000
33526,33526,2000
33527,33527,3000
33528,33528,1500
33529,33529,3000
33530,33530,3000
33531,33531,500
33532,33532,2000
33533,33533,1500
33534,33534,500
33535,33535,2000
33536,33536,3000
33537,33537,2000
33538,33538,3000
33539,33539,1500
33540,33540,500
33541,33541,1500
33542,33542,3000
33543,33543,3000
33544,33544,2000
33545,33545,3000
33546,33546,1500
33547,33547,1000
33548,33548,2500
33549,33549,1000
33550,33550,1500
33551,33551,1500
33552,33552,500
33553,33553,3000
33554,33554,3000
33555,33555,1500
33556,33556,3000
33557,33557,1000
33558,33558,2000
33559,33559,3000
33560,33560,3000
33561,33561,2500
33562,33562,3000
33563,33563,1500
33564,33564,3000
33565,33565,1000
33566,33566,3000
33567,33567,2000
33568,33568,3000
33569,33569,1500
33570,33570,3000
33571,33571,500
33572,33572,3000
33573,33573,2000
33574,33574,1500
33575,33575,3000
33576,33576,2500
33577,33577,2500
33578,33578,1500
33579,33579,2000
33580,33580,500
33581,33581,2500
33582,33582,3000
33583,33583,1500
33584,33584,3000
33585,33585,2000
33586,33586,3000
33587,33587,2500
33588,33588,1000
33589,33589,1500
33590,33590,1500
33591,33591,3000
33592,33592,1500
33593,33593,3000
33594,33594,3000
33595,33595,2500
33596,33596,3000
33597,33597,2500
33598,33598,3000
33599,33599,1500
33600,33600,3000
33601,33601,500
33602,33602,500
33603,33603,2500
33604,33604,2500
33605,33605,1000
33606,33606,2500
33607,33607,3000
33608,33608,1000
33609,33609,1500
33610,33610,3000
33611,33611,1500
33612,33612,500
33613,33613,3000
33614,33614,1500
33615,33615,2500
33616,33616,500
33617,33617,1500
33618,33618,2000
33619,33619,3000
33620,33620,2500
33621,33621,1000
33622,33622,1500
33623,33623,3000
33624,33624,1500
33625,33625,500
33626,33626,1000
33627,33627,2500
33628,33628,3000
33629,33629,500
33630,33630,2000
33631,33631,3000
33632,33632,2000
33633,33633,3000
33634,33634,1500
33635,33635,3000
33636,33636,1000
33637,33637,1000
33638,33638,500
33639,33639,1500
33640,33640,1500
33641,33641,3000
33642,33642,2000
33643,33643,3000
33644,33644,1500
33645,33645,500
33646,33646,3000
33647,33647,3000
33648,33648,2000
33649,33649,2000
33650,33650,3000
33651,33651,3000
33652,33652,2000
33653,33653,2000
33654,33654,3000
33655,33655,500
33656,33656,3000
33657,33657,1500
33658,33658,3000
33659,33659,3000
33660,33660,2500
33661,33661,3000
33662,33662,3000
33663,33663,2500
33664,33664,2500
33665,33665,1500
33666,33666,2500
33667,33667,3000
33668,33668,3000
33669,33669,500
33670,33670,3000
33671,33671,1500
33672,33672,3000
33673,33673,1500
33674,33674,2500
33675,33675,3000
33676,33676,1500
33677,33677,3000
33678,33678,3000
33679,33679,2000
33680,33680,1500
33681,33681,3000
33682,33682,3000
33683,33683,500
33684,33684,3000
33685,33685,500
33686,33686,3000
33687,33687,1000
33688,33688,2000
33689,33689,3000
33690,33690,3000
33691,33691,2000
33692,33692,3000
33693,33693,3000
33694,33694,2500
33695,33695,1500
33696,33696,3000
33697,33697,3000
33698,33698,2000
33699,33699,3000
33700,33700,3000
33701,33701,3000
33702,33702,2000
33703,33703,1500
33704,33704,1000
33705,33705,2000
33706,33706,3000
33707,33707,3000
33708,33708,1000
33709,33709,2000
33710,33710,1500
33711,33711,3000
33712,33712,2500
33713,33713,3000
33714,33714,1000
33715,33715,3000
33716,33716,3000
33717,33717,500
33718,33718,1500
33719,33719,1500
33720,33720,2000
33721,33721,3000
33722,33722,3000
33723,33723,1000
33724,33724,1500
33725,33725,1000
33726,33726,1000
33727,33727,500
33728,33728,3000
33729,33729,2000
33730,33730,2500
33731,33731,1000
33732,33732,2000
33733,33733,500
33734,33734,3000
33735,33735,3000
33736,33736,1500
33737,33737,500
33738,33738,1500
33739,33739,3000
33740,33740,1000
33741,33741,3000
33742,33742,3000
33743,33743,1500
33744,33744,2500
33745,33745,1000
33746,33746,1500
33747,33747,3000
33748,33748,2000
33749,33749,1500
33750,33750,3000
33751,33751,1500
33752,33752,1500
33753,33753,3000
33754,33754,3000
33755,33755,2000
33756,33756,1000
33757,33757,1500
33758,33758,1500
33759,33759,2500
33760,33760,1500
33761,33761,3000
33762,33762,3000
33763,33763,1000
33764,33764,1500
33765,33765,2000
33766,33766,3000
33767,33767,500
33768,33768,2000
33769,33769,3000
33770,33770,1500
33771,33771,3000
33772,33772,3000
33773,33773,3000
33774,33774,2000
33775,33775,2500
33776,33776,3000
33777,33777,2500
33778,33778,3000
33779,33779,2500
33780,33780,1500
33781,33781,2000
33782,33782,3000
33783,33783,3000
33784,33784,2500
33785,33785,1500
33786,33786,1500
33787,33787,1500
33788,33788,2500
33789,33789,1500
33790,33790,1500
33791,33791,3000
33792,33792,500
33793,33793,3000
33794,33794,3000
33795,33795,3000
33796,33796,1500
33797,33797,1500
33798,33798,3000
33799,33799,3000
33800,33800,3000
33801,33801,1500
33802,33802,1500
33803,33803,3000
33804,33804,1500
33805,33805,3000
33806,33806,3000
33807,33807,1500
33808,33808,3000
33809,33809,3000
33810,33810,3000
33811,33811,1000
33812,33812,1000
33813,33813,2500
33814,33814,1500
33815,33815,500
33816,33816,3000
33817,33817,3000
33818,33818,1000
33819,33819,3000
33820,33820,2000
33821,33821,2000
33822,33822,500
33823,33823,1500
33824,33824,2000
33825,33825,500
33826,33826,2000
33827,33827,1500
33828,33828,2000
33829,33829,3000
33830,33830,2000
33831,33831,500
33832,33832,3000
33833,33833,2500
33834,33834,500
33835,33835,3000
33836,33836,1500
33837,33837,2500
33838,33838,3000
33839,33839,1500
33840,33840,3000
33841,33841,1000
33842,33842,1500
33843,33843,500
33844,33844,3000
33845,33845,3000
33846,33846,2000
33847,33847,3000
33848,33848,1500
33849,33849,3000
33850,33850,2000
33851,33851,500
33852,33852,3000
33853,33853,3000
33854,33854,500
33855,33855,1000
33856,33856,3000
33857,33857,1500
33858,33858,1500
33859,33859,3000
33860,33860,2500
33861,33861,1000
33862,33862,1000
33863,33863,1500
33864,33864,3000
33865,33865,3000
33866,33866,1000
33867,33867,2000
33868,33868,3000
33869,33869,3000
33870,33870,1000
33871,33871,3000
33872,33872,500
33873,33873,2000
33874,33874,3000
33875,33875,3000
33876,33876,2000
33877,33877,1500
33878,33878,2500
33879,33879,1000
33880,33880,1000
33881,33881,2500
33882,33882,3000
33883,33883,1500
33884,33884,3000
33885,33885,1500
33886,33886,3000
33887,33887,500
33888,33888,3000
33889,33889,3000
33890,33890,2000
33891,33891,1500
33892,33892,1500
33893,33893,2000
33894,33894,1500
33895,33895,2500
33896,33896,1500
33897,33897,3000
33898,33898,3000
33899,33899,1000
33900,33900,3000
33901,33901,1500
33902,33902,500
33903,33903,500
33904,33904,3000
33905,33905,1500
33906,33906,500
33907,33907,1500
33908,33908,1500
33909,33909,3000
33910,33910,1500
33911,33911,3000
33912,33912,2000
33913,33913,1500
33914,33914,2500
33915,33915,2000
33916,33916,2500
33917,33917,3000
33918,33918,500
33919,33919,1500
33920,33920,3000
33921,33921,1500
33922,33922,2000
33923,33923,1000
33924,33924,500
33925,33925,3000
33926,33926,1500
33927,33927,1500
33928,33928,1500
33929,33929,1500
33930,33930,3000
33931,33931,2000
33932,33932,3000
33933,33933,500
33934,33934,3000
33935,33935,1500
33936,33936,2000
33937,33937,3000
33938,33938,500
33939,33939,3000
33940,33940,3000
33941,33941,2500
33942,33942,500
33943,33943,3000
33944,33944,500
33945,33945,3000
33946,33946,3000
33947,33947,2000
33948,33948,3000
33949,33949,1000
33950,33950,3000
33951,33951,3000
33952,33952,500
33953,33953,2000
33954,33954,2500
33955,33955,1500
33956,33956,500
33957,33957,500
33958,33958,2500
33959,33959,3000
33960,33960,1000
33961,33961,3000
33962,33962,3000
33963,33963,1500
33964,33964,1500
33965,33965,2000
33966,33966,1500
33967,33967,3000
33968,33968,3000
33969,33969,2500
33970,33970,1000
33971,33971,3000
33972,33972,3000
33973,33973,3000
33974,33974,1500
33975,33975,3000
33976,33976,1500
33977,33977,2500
33978,33978,2000
33979,33979,1000
33980,33980,3000
33981,33981,3000
33982,33982,500
33983,33983,2000
33984,33984,500
33985,33985,1000
33986,33986,1000
33987,33987,1500
33988,33988,1500
33989,33989,1500
33990,33990,1500
33991,33991,1500
33992,33992,3000
33993,33993,1500
33994,33994,3000
33995,33995,3000
33996,33996,500
33997,33997,1500
33998,33998,3000
33999,33999,3000
34000,34000,2500
34001,34001,1000
34002,34002,1500
34003,34003,500
34004,34004,1000
34005,34005,3000
34006,34006,500
34007,34007,500
34008,34008,3000
34009,34009,2000
34010,34010,2500
34011,34011,2000
34012,34012,1000
34013,34013,2500
34014,34014,3000
34015,34015,2500
34016,34016,3000
34017,34017,1500
34018,34018,1500
34019,34019,2500
34020,34020,2500
34021,34021,2500
34022,34022,2500
34023,34023,3000
34024,34024,1000
34025,34025,1000
34026,34026,2000
34027,34027,2500
34028,34028,1000
34029,34029,3000
34030,34030,3000
34031,34031,1000
34032,34032,2500
34033,34033,1500
34034,34034,2500
34035,34035,3000
34036,34036,3000
34037,34037,3000
34038,34038,1500
34039,34039,3000
34040,34040,500
34041,34041,2500
34042,34042,3000
34043,34043,3000
34044,34044,3000
34045,34045,1000
34046,34046,3000
34047,34047,3000
34048,34048,1500
34049,34049,2000
34050,34050,1500
34051,34051,1500
34052,34052,1500
34053,34053,2500
34054,34054,3000
34055,34055,3000
34056,34056,3000
34057,34057,1000
34058,34058,2500
34059,34059,3000
34060,34060,1500
34061,34061,1500
34062,34062,3000
34063,34063,1500
34064,34064,3000
34065,34065,3000
34066,34066,1500
34067,34067,1500
34068,34068,3000
34069,34069,500
34070,34070,2000
34071,34071,2000
34072,34072,500
34073,34073,3000
34074,34074,1500
34075,34075,1000
34076,34076,2000
34077,34077,1000
34078,34078,3000
34079,34079,3000
34080,34080,1500
34081,34081,3000
34082,34082,3000
34083,34083,3000
34084,34084,2000
34085,34085,1500
34086,34086,3000
34087,34087,1000
34088,34088,1000
34089,34089,3000
34090,34090,1500
34091,34091,500
34092,34092,1500
34093,34093,1500
34094,34094,1500
34095,34095,1500
34096,34096,3000
34097,34097,1000
34098,34098,1000
34099,34099,1500
34100,34100,3000
34101,34101,1500
34102,34102,500
34103,34103,1500
34104,34104,2000
34105,34105,3000
34106,34106,1500
34107,34107,2500
34108,34108,3000
34109,34109,500
34110,34110,2000
34111,34111,1500
34112,34112,3000
34113,34113,3000
34114,34114,3000
34115,34115,1500
34116,34116,2000
34117,34117,2000
34118,34118,1500
34119,34119,3000
34120,34120,3000
34121,34121,3000
34122,34122,1000
34123,34123,2000
34124,34124,2500
34125,34125,1500
34126,34126,3000
34127,34127,2000
34128,34128,2500
34129,34129,1000
34130,34130,1500
34131,34131,3000
34132,34132,3000
34133,34133,1500
34134,34134,3000
34135,34135,2500
34136,34136,500
34137,34137,3000
34138,34138,1500
34139,34139,500
34140,34140,3000
34141,34141,1500
34142,34142,3000
34143,34143,3000
34144,34144,500
34145,34145,2500
34146,34146,1000
34147,34147,3000
34148,34148,2500
34149,34149,2500
34150,34150,2000
34151,34151,2000
34152,34152,3000
34153,34153,2500
34154,34154,1500
34155,34155,1500
34156,34156,3000
34157,34157,1500
34158,34158,2000
34159,34159,1500
34160,34160,1500
34161,34161,3000
34162,34162,2000
34163,34163,1000
34164,34164,3000
34165,34165,2000
34166,34166,2000
34167,34167,3000
34168,34168,1000
34169,34169,2000
34170,34170,3000
34171,34171,2000
34172,34172,1500
34173,34173,2500
34174,34174,1500
34175,34175,3000
34176,34176,500
34177,34177,1500
34178,34178,1500
34179,34179,1500
34180,34180,3000
34181,34181,1500
34182,34182,1000
34183,34183,1500
34184,34184,1000
34185,34185,1500
34186,34186,1500
34187,34187,1500
34188,34188,3000
34189,34189,1500
34190,34190,1500
34191,34191,1500
34192,34192,3000
34193,34193,3000
34194,34194,3000
34195,34195,500
34196,34196,1500
34197,34197,1500
34198,34198,2000
34199,34199,2500
34200,34200,1000
34201,34201,3000
34202,34202,3000
34203,34203,2000
34204,34204,1000
34205,34205,1500
34206,34206,3000
34207,34207,3000
34208,34208,1500
34209,34209,1500
34210,34210,2500
34211,34211,1000
34212,34212,2500
34213,34213,1500
34214,34214,1500
34215,34215,3000
34216,34216,3000
34217,34217,1500
34218,34218,500
34219,34219,3000
34220,34220,3000
34221,34221,2000
34222,34222,1000
34223,34223,500
34224,34224,3000
34225,34225,3000
34226,34226,2500
34227,34227,500
34228,34228,2000
34229,34229,3000
34230,34230,1000
34231,34231,1500
34232,34232,2500
34233,34233,3000
34234,34234,3000
34235,34235,1500
34236,34236,1500
34237,34237,2000
34238,34238,1000
34239,34239,3000
34240,34240,1500
34241,34241,2500
34242,34242,3000
34243,34243,2500
34244,34244,500
34245,34245,2000
34246,34246,1500
34247,34247,500
34248,34248,3000
34249,34249,3000
34250,34250,1000
34251,34251,2500
34252,34252,3000
34253,34253,1500
34254,34254,500
34255,34255,3000
34256,34256,2000
34257,34257,1000
34258,34258,2500
34259,34259,3000
34260,34260,2500
34261,34261,3000
34262,34262,500
34263,34263,3000
34264,34264,2000
34265,34265,3000
34266,34266,3000
34267,34267,2500
34268,34268,1500
34269,34269,2500
34270,34270,2000
34271,34271,500
34272,34272,3000
34273,34273,3000
34274,34274,2500
34275,34275,1500
34276,34276,2000
34277,34277,2000
34278,34278,1000
34279,34279,1500
34280,34280,1500
34281,34281,1500
34282,34282,2000
34283,34283,2000
34284,34284,2500
34285,34285,2500
34286,34286,3000
34287,34287,2000
34288,34288,500
34289,34289,3000
34290,34290,500
34291,34291,2000
34292,34292,1500
34293,34293,3000
34294,34294,1500
34295,34295,3000
34296,34296,3000
34297,34297,1000
34298,34298,2500
34299,34299,3000
34300,34300,3000
34301,34301,1500
34302,34302,1500
34303,34303,1500
34304,34304,2500
34305,34305,3000
34306,34306,2000
34307,34307,1500
34308,34308,1500
34309,34309,1000
34310,34310,1000
34311,34311,3000
34312,34312,1500
34313,34313,2000
34314,34314,3000
34315,34315,2500
34316,34316,1000
34317,34317,1500
34318,34318,1000
34319,34319,3000
34320,34320,1000
34321,34321,3000
34322,34322,2500
34323,34323,3000
34324,34324,3000
34325,34325,3000
34326,34326,1500
34327,34327,3000
34328,34328,500
34329,34329,500
34330,34330,2500
34331,34331,1000
34332,34332,1500
34333,34333,3000
34334,34334,1000
34335,34335,1500
34336,34336,2000
34337,34337,1500
34338,34338,1500
34339,34339,1000
34340,34340,500
34341,34341,1500
34342,34342,3000
34343,34343,1000
34344,34344,1000
34345,34345,3000
34346,34346,1000
34347,34347,1000
34348,34348,1500
34349,34349,3000
34350,34350,1500
34351,34351,1500
34352,34352,1500
34353,34353,2500
34354,34354,2000
34355,34355,3000
34356,34356,2000
34357,34357,3000
34358,34358,3000
34359,34359,3000
34360,34360,3000
34361,34361,3000
34362,34362,2500
34363,34363,1500
34364,34364,1500
34365,34365,1500
34366,34366,1500
34367,34367,1000
34368,34368,1500
34369,34369,3000
34370,34370,3000
34371,34371,1500
34372,34372,1500
34373,34373,2000
34374,34374,500
34375,34375,3000
34376,34376,2000
34377,34377,2000
34378,34378,1000
34379,34379,3000
34380,34380,2000
34381,34381,1500
34382,34382,2500
34383,34383,2500
34384,34384,1500
34385,34385,3000
34386,34386,2500
34387,34387,3000
34388,34388,1500
34389,34389,500
34390,34390,2500
34391,34391,1500
34392,34392,1500
34393,34393,2500
34394,34394,1000
34395,34395,2500
34396,34396,2500
34397,34397,500
34398,34398,2000
34399,34399,1500
34400,34400,3000
34401,34401,3000
34402,34402,3000
34403,34403,2000
34404,34404,3000
34405,34405,500
34406,34406,1000
34407,34407,2000
34408,34408,1500
34409,34409,1500
34410,34410,2500
34411,34411,2500
34412,34412,1000
34413,34413,1500
34414,34414,3000
34415,34415,3000
34416,34416,1500
34417,34417,3000
34418,34418,500
34419,34419,3000
34420,34420,2500
34421,34421,2000
34422,34422,2000
34423,34423,3000
34424,34424,3000
34425,34425,1500
34426,34426,3000
34427,34427,2500
34428,34428,2500
34429,34429,2500
34430,34430,500
34431,34431,2500
34432,34432,1500
34433,34433,3000
34434,34434,3000
34435,34435,500
34436,34436,2000
34437,34437,3000
34438,34438,1000
34439,34439,1500
34440,34440,1500
34441,34441,3000
34442,34442,1500
34443,34443,1500
34444,34444,500
34445,34445,500
34446,34446,2500
34447,34447,1500
34448,34448,500
34449,34449,1000
34450,34450,500
34451,34451,2500
34452,34452,1000
34453,34453,3000
34454,34454,2000
34455,34455,1500
34456,34456,2000
34457,34457,1000
34458,34458,1000
34459,34459,1000
34460,34460,500
34461,34461,1000
34462,34462,1000
34463,34463,1500
34464,34464,3000
34465,34465,3000
34466,34466,1500
34467,34467,3000
34468,34468,3000
34469,34469,500
34470,34470,1000
34471,34471,2000
34472,34472,3000
34473,34473,1500
34474,34474,1000
34475,34475,3000
34476,34476,3000
34477,34477,2000
34478,34478,1000
34479,34479,1000
34480,34480,3000
34481,34481,2500
34482,34482,1500
34483,34483,1500
34484,34484,1000
34485,34485,2000
34486,34486,1500
34487,34487,1500
34488,34488,2000
34489,34489,2000
34490,34490,1500
34491,34491,3000
34492,34492,2500
34493,34493,2500
34494,34494,2000
34495,34495,2000
34496,34496,1500
34497,34497,1500
34498,34498,500
34499,34499,3000
34500,34500,2000
34501,34501,3000
34502,34502,3000
34503,34503,1000
34504,34504,1500
34505,34505,2000
34506,34506,2500
34507,34507,1000
34508,34508,1000
34509,34509,2500
34510,34510,3000
34511,34511,1500
34512,34512,3000
34513,34513,1500
34514,34514,3000
34515,34515,500
34516,34516,3000
34517,34517,1500
34518,34518,1000
34519,34519,3000
34520,34520,3000
34521,34521,3000
34522,34522,1500
34523,34523,3000
34524,34524,1000
34525,34525,1500
34526,34526,3000
34527,34527,3000
34528,34528,500
34529,34529,2000
34530,34530,2500
34531,34531,1500
34532,34532,2000
34533,34533,2000
34534,34534,3000
34535,34535,3000
34536,34536,3000
34537,34537,2000
34538,34538,3000
34539,34539,3000
34540,34540,3000
34541,34541,3000
34542,34542,500
34543,34543,1000
34544,34544,1500
34545,34545,500
34546,34546,1000
34547,34547,3000
34548,34548,3000
34549,34549,2500
34550,34550,3000
34551,34551,1000
34552,34552,500
34553,34553,2500
34554,34554,2500
34555,34555,2000
34556,34556,3000
34557,34557,3000
34558,34558,1500
34559,34559,1000
34560,34560,3000
34561,34561,1000
34562,34562,3000
34563,34563,3000
34564,34564,2500
34565,34565,500
34566,34566,500
34567,34567,3000
34568,34568,2500
34569,34569,2000
34570,34570,2500
34571,34571,1500
34572,34572,1500
34573,34573,3000
34574,34574,500
34575,34575,2500
34576,34576,3000
34577,34577,1500
34578,34578,1500
34579,34579,2000
34580,34580,3000
34581,34581,500
34582,34582,2000
34583,34583,1000
34584,34584,3000
34585,34585,1000
34586,34586,1500
34587,34587,500
34588,34588,2000
34589,34589,3000
34590,34590,1500
34591,34591,3000
34592,34592,3000
34593,34593,3000
34594,34594,2000
34595,34595,2500
34596,34596,3000
34597,34597,3000
34598,34598,3000
34599,34599,3000
34600,34600,3000
34601,34601,500
34602,34602,1500
34603,34603,2500
34604,34604,2500
34605,34605,3000
34606,34606,2500
34607,34607,2500
34608,34608,3000
34609,34609,500
34610,34610,1500
34611,34611,1500
34612,34612,3000
34613,34613,3000
34614,34614,1000
34615,34615,1000
34616,34616,1500
34617,34617,3000
34618,34618,2500
34619,34619,500
34620,34620,3000
34621,34621,2500
34622,34622,3000
34623,34623,500
34624,34624,2000
34625,34625,1500
34626,34626,1500
34627,34627,1000
34628,34628,500
34629,34629,3000
34630,34630,3000
34631,34631,3000
34632,34632,3000
34633,34633,3000
34634,34634,3000
34635,34635,3000
34636,34636,3000
34637,34637,2500
34638,34638,3000
34639,34639,2500
34640,34640,2000
34641,34641,3000
34642,34642,1500
34643,34643,500
34644,34644,1500
34645,34645,1000
34646,34646,2000
34647,34647,2500
34648,34648,1000
34649,34649,3000
34650,34650,3000
34651,34651,1500
34652,34652,2000
34653,34653,1000
34654,34654,2000
34655,34655,2500
34656,34656,1000
34657,34657,3000
34658,34658,3000
34659,34659,1000
34660,34660,1000
34661,34661,500
34662,34662,1500
34663,34663,1500
34664,34664,1500
34665,34665,2000
34666,34666,3000
34667,34667,1000
34668,34668,3000
34669,34669,3000
34670,34670,1500
34671,34671,3000
34672,34672,3000
34673,34673,2000
34674,34674,2000
34675,34675,1000
34676,34676,3000
34677,34677,500
34678,34678,2000
34679,34679,1000
34680,34680,1500
34681,34681,3000
34682,34682,1500
34683,34683,2000
34684,34684,3000
34685,34685,2500
34686,34686,2000
34687,34687,1500
34688,34688,1500
34689,34689,1500
34690,34690,2000
34691,34691,2500
34692,34692,2500
34693,34693,2000
34694,34694,3000
34695,34695,1500
34696,34696,500
34697,34697,3000
34698,34698,1500
34699,34699,3000
34700,34700,1000
34701,34701,1500
34702,34702,1500
34703,34703,3000
34704,34704,3000
34705,34705,500
34706,34706,500
34707,34707,1500
34708,34708,500
34709,34709,3000
34710,34710,500
34711,34711,1000
34712,34712,1000
34713,34713,2500
34714,34714,2000
34715,34715,1500
34716,34716,1500
34717,34717,3000
34718,34718,3000
34719,34719,3000
34720,34720,1500
34721,34721,1500
34722,34722,2000
34723,34723,2500
34724,34724,3000
34725,34725,1500
34726,34726,1000
34727,34727,1000
34728,34728,1000
34729,34729,3000
34730,34730,3000
34731,34731,1000
34732,34732,3000
34733,34733,3000
34734,34734,3000
34735,34735,3000
34736,34736,1500
34737,34737,1500
34738,34738,3000
34739,34739,3000
34740,34740,500
34741,34741,1000
34742,34742,1000
34743,34743,2500
34744,34744,2500
34745,34745,1000
34746,34746,2500
34747,34747,2500
34748,34748,500
34749,34749,1000
34750,34750,3000
34751,34751,2500
34752,34752,2500
34753,34753,3000
34754,34754,3000
34755,34755,3000
34756,34756,1000
34757,34757,500
34758,34758,500
34759,34759,1000
34760,34760,500
34761,34761,3000
34762,34762,2000
34763,34763,2500
34764,34764,2500
34765,34765,1000
34766,34766,1500
34767,34767,3000
34768,34768,3000
34769,34769,1500
34770,34770,3000
34771,34771,2500
34772,34772,2500
34773,34773,3000
34774,34774,2000
34775,34775,2500
34776,34776,1500
34777,34777,2000
34778,34778,3000
34779,34779,3000
34780,34780,2000
34781,34781,3000
34782,34782,3000
34783,34783,1000
34784,34784,2500
34785,34785,3000
34786,34786,3000
34787,34787,1500
34788,34788,2000
34789,34789,1500
34790,34790,1500
34791,34791,3000
34792,34792,1500
34793,34793,3000
34794,34794,1500
34795,34795,500
34796,34796,1000
34797,34797,3000
34798,34798,3000
34799,34799,1500
34800,34800,1000
34801,34801,3000
34802,34802,500
34803,34803,1000
34804,34804,500
34805,34805,1500
34806,34806,2500
34807,34807,1500
34808,34808,2000
34809,34809,1500
34810,34810,1500
34811,34811,1500
34812,34812,1500
34813,34813,3000
34814,34814,1500
34815,34815,3000
34816,34816,3000
34817,34817,3000
34818,34818,2000
34819,34819,500
34820,34820,1500
34821,34821,1500
34822,34822,1000
34823,34823,500
34824,34824,3000
34825,34825,2500
34826,34826,3000
34827,34827,2500
34828,34828,3000
34829,34829,3000
34830,34830,1500
34831,34831,2000
34832,34832,2000
34833,34833,2000
34834,34834,2500
34835,34835,3000
34836,34836,3000
34837,34837,500
34838,34838,3000
34839,34839,3000
34840,34840,2000
34841,34841,500
34842,34842,3000
34843,34843,1500
34844,34844,2500
34845,34845,1500
34846,34846,1500
34847,34847,3000
34848,34848,1500
34849,34849,1500
34850,34850,1500
34851,34851,1500
34852,34852,2500
34853,34853,3000
34854,34854,1500
34855,34855,3000
34856,34856,2500
34857,34857,3000
34858,34858,1500
34859,34859,1000
34860,34860,1500
34861,34861,500
34862,34862,1000
34863,34863,3000
34864,34864,2000
34865,34865,3000
34866,34866,3000
34867,34867,3000
34868,34868,3000
34869,34869,1500
34870,34870,3000
34871,34871,2000
34872,34872,3000
34873,34873,1500
34874,34874,2500
34875,34875,1500
34876,34876,2000
34877,34877,1500
34878,34878,2500
34879,34879,1500
34880,34880,3000
34881,34881,2000
34882,34882,1500
34883,34883,1000
34884,34884,2000
34885,34885,3000
34886,34886,3000
34887,34887,1000
34888,34888,2500
34889,34889,2500
34890,34890,1500
34891,34891,500
34892,34892,1000
34893,34893,3000
34894,34894,2500
34895,34895,2500
34896,34896,3000
34897,34897,1500
34898,34898,3000
34899,34899,1500
34900,34900,2500
34901,34901,1000
34902,34902,3000
34903,34903,1000
34904,34904,1500
34905,34905,3000
34906,34906,2500
34907,34907,3000
34908,34908,3000
34909,34909,1500
34910,34910,3000
34911,34911,2500
34912,34912,3000
34913,34913,1000
34914,34914,2000
34915,34915,1500
34916,34916,3000
34917,34917,3000
34918,34918,3000
34919,34919,1500
34920,34920,500
34921,34921,3000
34922,34922,3000
34923,34923,1500
34924,34924,3000
34925,34925,1000
34926,34926,3000
34927,34927,2500
34928,34928,2000
34929,34929,1500
34930,34930,1500
34931,34931,3000
34932,34932,3000
34933,34933,3000
34934,34934,3000
34935,34935,2000
34936,34936,1500
34937,34937,3000
34938,34938,1000
34939,34939,1000
34940,34940,1000
34941,34941,2500
34942,34942,3000
34943,34943,1500
34944,34944,1000
34945,34945,1000
34946,34946,3000
34947,34947,3000
34948,34948,1500
34949,34949,1500
34950,34950,3000
34951,34951,2000
34952,34952,1500
34953,34953,1000
34954,34954,1000
34955,34955,1500
34956,34956,1500
34957,34957,3000
34958,34958,1500
34959,34959,3000
34960,34960,3000
34961,34961,500
34962,34962,500
34963,34963,2500
34964,34964,1500
34965,34965,1500
34966,34966,3000
34967,34967,1500
34968,34968,1000
34969,34969,3000
34970,34970,1000
34971,34971,3000
34972,34972,3000
34973,34973,1000
34974,34974,1500
34975,34975,2500
34976,34976,1500
34977,34977,1500
34978,34978,1000
34979,34979,3000
34980,34980,3000
34981,34981,3000
34982,34982,1500
34983,34983,1500
34984,34984,2000
34985,34985,2500
34986,34986,2000
34987,34987,1000
34988,34988,3000
34989,34989,500
34990,34990,1000
34991,34991,3000
34992,34992,1500
34993,34993,2500
34994,34994,3000
34995,34995,500
34996,34996,2500
34997,34997,3000
34998,34998,1000
34999,34999,3000
35000,35000,1500
35001,35001,3000
35002,35002,1500
35003,35003,1000
35004,35004,3000
35005,35005,2500
35006,35006,2000
35007,35007,1000
35008,35008,1500
35009,35009,500
35010,35010,2000
35011,35011,1500
35012,35012,3000
35013,35013,2000
35014,35014,2500
35015,35015,3000
35016,35016,2000
35017,35017,2500
35018,35018,1500
35019,35019,1000
35020,35020,3000
35021,35021,500
35022,35022,1000
35023,35023,2000
35024,35024,500
35025,35025,1500
35026,35026,1500
35027,35027,1500
35028,35028,3000
35029,35029,3000
35030,35030,1500
35031,35031,2000
35032,35032,2500
35033,35033,1000
35034,35034,3000
35035,35035,2500
35036,35036,3000
35037,35037,1500
35038,35038,3000
35039,35039,1500
35040,35040,1000
35041,35041,1000
35042,35042,1500
35043,35043,1500
35044,35044,3000
35045,35045,3000
35046,35046,3000
35047,35047,1500
35048,35048,1500
35049,35049,2500
35050,35050,2500
35051,35051,3000
35052,35052,500
35053,35053,3000
35054,35054,3000
35055,35055,2500
35056,35056,3000
35057,35057,2000
35058,35058,3000
35059,35059,1000
35060,35060,3000
35061,35061,1000
35062,35062,1000
35063,35063,2500
35064,35064,2500
35065,35065,1500
35066,35066,2500
35067,35067,2000
35068,35068,2500
35069,35069,500
35070,35070,1000
35071,35071,1500
35072,35072,1000
35073,35073,2000
35074,35074,3000
35075,35075,1500
35076,35076,2000
35077,35077,3000
35078,35078,2000
35079,35079,1000
35080,35080,1500
35081,35081,1500
35082,35082,500
35083,35083,2000
35084,35084,3000
35085,35085,1500
35086,35086,1000
35087,35087,3000
35088,35088,1500
35089,35089,1000
35090,35090,1500
35091,35091,1000
35092,35092,3000
35093,35093,500
35094,35094,2500
35095,35095,3000
35096,35096,2500
35097,35097,3000
35098,35098,1500
35099,35099,3000
35100,35100,2000
35101,35101,1500
35102,35102,2000
35103,35103,3000
35104,35104,2000
35105,35105,3000
35106,35106,3000
35107,35107,3000
35108,35108,2000
35109,35109,1500
35110,35110,3000
35111,35111,3000
35112,35112,1500
35113,35113,2500
35114,35114,3000
35115,35115,2000
35116,35116,1500
35117,35117,1500
35118,35118,500
35119,35119,1000
35120,35120,2500
35121,35121,3000
35122,35122,3000
35123,35123,2500
35124,35124,3000
35125,35125,1500
35126,35126,1500
35127,35127,1500
35128,35128,3000
35129,35129,2500
35130,35130,1500
35131,35131,1500
35132,35132,1500
35133,35133,1000
35134,35134,1000
35135,35135,2500
35136,35136,3000
35137,35137,1500
35138,35138,1000
35139,35139,2000
35140,35140,1500
35141,35141,1500
35142,35142,1000
35143,35143,3000
35144,35144,1000
35145,35145,3000
35146,35146,1500
35147,35147,1500
35148,35148,3000
35149,35149,2500
35150,35150,2500
35151,35151,2500
35152,35152,2500
35153,35153,3000
35154,35154,2500
35155,35155,3000
35156,35156,1500
35157,35157,3000
35158,35158,2500
35159,35159,1000
35160,35160,2000
35161,35161,1500
35162,35162,2500
35163,35163,500
35164,35164,500
35165,35165,1500
35166,35166,1500
35167,35167,2500
35168,35168,2000
35169,35169,3000
35170,35170,1000
35171,35171,3000
35172,35172,2500
35173,35173,2000
35174,35174,3000
35175,35175,2500
35176,35176,1500
35177,35177,3000
35178,35178,3000
35179,35179,500
35180,35180,3000
35181,35181,2500
35182,35182,2000
35183,35183,2500
35184,35184,500
35185,35185,3000
35186,35186,1500
35187,35187,3000
35188,35188,1000
35189,35189,500
35190,35190,3000
35191,35191,3000
35192,35192,1000
35193,35193,1500
35194,35194,1500
35195,35195,2000
35196,35196,3000
35197,35197,1000
35198,35198,1500
35199,35199,1500
35200,35200,2500
35201,35201,3000
35202,35202,2500
35203,35203,500
35204,35204,3000
35205,35205,500
35206,35206,2000
35207,35207,3000
35208,35208,3000
35209,35209,500
35210,35210,3000
35211,35211,2500
35212,35212,1000
35213,35213,1500
35214,35214,2000
35215,35215,1000
35216,35216,1000
35217,35217,1500
35218,35218,1000
35219,35219,2500
35220,35220,2000
35221,35221,500
35222,35222,3000
35223,35223,3000
35224,35224,1500
35225,35225,500
35226,35226,500
35227,35227,2500
35228,35228,1000
35229,35229,2500
35230,35230,1500
35231,35231,1500
35232,35232,1500
35233,35233,2500
35234,35234,3000
35235,35235,1500
35236,35236,3000
35237,35237,1500
35238,35238,3000
35239,35239,1500
35240,35240,1000
35241,35241,3000
35242,35242,1500
35243,35243,3000
35244,35244,1500
35245,35245,500
35246,35246,2500
35247,35247,3000
35248,35248,500
35249,35249,1000
35250,35250,3000
35251,35251,2000
35252,35252,500
35253,35253,3000
35254,35254,3000
35255,35255,500
35256,35256,3000
35257,35257,3000
35258,35258,1500
35259,35259,1500
35260,35260,2000
35261,35261,1000
35262,35262,2500
35263,35263,3000
35264,35264,3000
35265,35265,3000
35266,35266,3000
35267,35267,1000
35268,35268,1500
35269,35269,1500
35270,35270,2000
35271,35271,3000
35272,35272,3000
35273,35273,1000
35274,35274,3000
35275,35275,3000
35276,35276,3000
35277,35277,3000
35278,35278,3000
35279,35279,2000
35280,35280,1500
35281,35281,500
35282,35282,3000
35283,35283,1000
35284,35284,1500
35285,35285,3000
35286,35286,2000
35287,35287,2500
35288,35288,1500
35289,35289,2000
35290,35290,3000
35291,35291,2000
35292,35292,3000
35293,35293,1000
35294,35294,1500
35295,35295,1500
35296,35296,3000
35297,35297,2500
35298,35298,1500
35299,35299,1000
35300,35300,1000
35301,35301,1500
35302,35302,2000
35303,35303,2000
35304,35304,500
35305,35305,3000
35306,35306,2000
35307,35307,3000
35308,35308,2000
35309,35309,1500
35310,35310,3000
35311,35311,3000
35312,35312,2500
35313,35313,500
35314,35314,3000
35315,35315,1500
35316,35316,2000
35317,35317,3000
35318,35318,500
35319,35319,2500
35320,35320,1500
35321,35321,1500
35322,35322,1500
35323,35323,2000
35324,35324,1000
35325,35325,2000
35326,35326,3000
35327,35327,3000
35328,35328,2000
35329,35329,1500
35330,35330,500
35331,35331,3000
35332,35332,3000
35333,35333,2500
35334,35334,1500
35335,35335,500
35336,35336,500
35337,35337,1000
35338,35338,2000
35339,35339,500
35340,35340,1000
35341,35341,2500
35342,35342,3000
35343,35343,500
35344,35344,3000
35345,35345,1000
35346,35346,2000
35347,35347,1000
35348,35348,1500
35349,35349,500
35350,35350,3000
35351,35351,3000
35352,35352,1500
35353,35353,3000
35354,35354,3000
35355,35355,500
35356,35356,500
35357,35357,3000
35358,35358,3000
35359,35359,500
35360,35360,1500
35361,35361,3000
35362,35362,3000
35363,35363,3000
35364,35364,500
35365,35365,3000
35366,35366,3000
35367,35367,1500
35368,35368,2000
35369,35369,1000
35370,35370,1000
35371,35371,1500
35372,35372,1500
35373,35373,1500
35374,35374,2000
35375,35375,2000
35376,35376,3000
35377,35377,2000
35378,35378,1500
35379,35379,3000
35380,35380,2500
35381,35381,500
35382,35382,2000
35383,35383,500
35384,35384,2000
35385,35385,2500
35386,35386,1500
35387,35387,3000
35388,35388,3000
35389,35389,500
35390,35390,1000
35391,35391,3000
35392,35392,500
35393,35393,1500
35394,35394,3000
35395,35395,1500
35396,35396,3000
35397,35397,500
35398,35398,3000
35399,35399,500
35400,35400,500
35401,35401,1500
35402,35402,1000
35403,35403,2500
35404,35404,1500
35405,35405,2000
35406,35406,2000
35407,35407,3000
35408,35408,2500
35409,35409,1500
35410,35410,3000
35411,35411,3000
35412,35412,1500
35413,35413,3000
35414,35414,1500
35415,35415,1000
35416,35416,1000
35417,35417,1000
35418,35418,3000
35419,35419,1000
35420,35420,2500
35421,35421,1000
35422,35422,1000
35423,35423,1500
35424,35424,1000
35425,35425,3000
35426,35426,3000
35427,35427,500
35428,35428,1500
35429,35429,2500
35430,35430,2500
35431,35431,2000
35432,35432,2000
35433,35433,1000
35434,35434,3000
35435,35435,3000
35436,35436,3000
35437,35437,1000
35438,35438,1500
35439,35439,1000
35440,35440,1500
35441,35441,500
35442,35442,1500
35443,35443,500
35444,35444,1000
35445,35445,1500
35446,35446,3000
35447,35447,3000
35448,35448,500
35449,35449,3000
35450,35450,3000
35451,35451,1000
35452,35452,2500
35453,35453,2500
35454,35454,1000
35455,35455,500
35456,35456,3000
35457,35457,2000
35458,35458,1000
35459,35459,3000
35460,35460,1500
35461,35461,500
35462,35462,1500
35463,35463,500
35464,35464,1000
35465,35465,3000
35466,35466,500
35467,35467,3000
35468,35468,1500
35469,35469,3000
35470,35470,500
35471,35471,2000
35472,35472,2000
35473,35473,3000
35474,35474,3000
35475,35475,500
35476,35476,1500
35477,35477,1500
35478,35478,3000
35479,35479,1500
35480,35480,3000
35481,35481,1500
35482,35482,1000
35483,35483,2000
35484,35484,2000
35485,35485,3000
35486,35486,3000
35487,35487,1500
35488,35488,1500
35489,35489,2000
35490,35490,1500
35491,35491,1500
35492,35492,1500
35493,35493,2500
35494,35494,2500
35495,35495,3000
35496,35496,500
35497,35497,3000
35498,35498,500
35499,35499,3000
35500,35500,500
35501,35501,3000
35502,35502,3000
35503,35503,3000
35504,35504,1500
35505,35505,3000
35506,35506,500
35507,35507,500
35508,35508,1500
35509,35509,2000
35510,35510,2000
35511,35511,500
35512,35512,1500
35513,35513,3000
35514,35514,3000
35515,35515,500
35516,35516,1000
35517,35517,1000
35518,35518,2000
35519,35519,2000
35520,35520,1500
35521,35521,1000
35522,35522,1000
35523,35523,500
35524,35524,3000
35525,35525,3000
35526,35526,3000
35527,35527,3000
35528,35528,500
35529,35529,500
35530,35530,3000
35531,35531,1000
35532,35532,3000
35533,35533,1500
35534,35534,3000
35535,35535,1000
35536,35536,2000
35537,35537,500
35538,35538,3000
35539,35539,1000
35540,35540,3000
35541,35541,3000
35542,35542,3000
35543,35543,3000
35544,35544,2500
35545,35545,1500
35546,35546,3000
35547,35547,1000
35548,35548,1500
35549,35549,3000
35550,35550,3000
35551,35551,1500
35552,35552,2000
35553,35553,1500
35554,35554,2500
35555,35555,3000
35556,35556,3000
35557,35557,500
35558,35558,1000
35559,35559,3000
35560,35560,1500
35561,35561,3000
35562,35562,1500
35563,35563,3000
35564,35564,500
35565,35565,3000
35566,35566,500
35567,35567,3000
35568,35568,1000
35569,35569,3000
35570,35570,500
35571,35571,3000
35572,35572,3000
35573,35573,2500
35574,35574,3000
35575,35575,1000
35576,35576,1500
35577,35577,1500
35578,35578,1500
35579,35579,2000
35580,35580,1500
35581,35581,3000
35582,35582,1500
35583,35583,2000
35584,35584,1500
35585,35585,2000
35586,35586,2500
35587,35587,1000
35588,35588,3000
35589,35589,3000
35590,35590,1000
35591,35591,3000
35592,35592,500
35593,35593,3000
35594,35594,3000
35595,35595,3000
35596,35596,1500
35597,35597,3000
35598,35598,1000
35599,35599,500
35600,35600,2500
35601,35601,3000
35602,35602,1000
35603,35603,2000
35604,35604,500
35605,35605,500
35606,35606,500
35607,35607,2000
35608,35608,3000
35609,35609,3000
35610,35610,2000
35611,35611,2000
35612,35612,500
35613,35613,2000
35614,35614,500
35615,35615,2000
35616,35616,500
35617,35617,3000
35618,35618,1500
35619,35619,3000
35620,35620,2000
35621,35621,1000
35622,35622,1000
35623,35623,2500
35624,35624,500
35625,35625,3000
35626,35626,1500
35627,35627,500
35628,35628,3000
35629,35629,2500
35630,35630,3000
35631,35631,2000
35632,35632,3000
35633,35633,1000
35634,35634,1500
35635,35635,2500
35636,35636,1000
35637,35637,1000
35638,35638,3000
35639,35639,2000
35640,35640,2000
35641,35641,3000
35642,35642,500
35643,35643,3000
35644,35644,1000
35645,35645,3000
35646,35646,2500
35647,35647,1000
35648,35648,2500
35649,35649,1500
35650,35650,500
35651,35651,1000
35652,35652,3000
35653,35653,1500
35654,35654,3000
35655,35655,2000
35656,35656,1500
35657,35657,500
35658,35658,1000
35659,35659,1000
35660,35660,3000
35661,35661,1500
35662,35662,3000
35663,35663,500
35664,35664,1500
35665,35665,2000
35666,35666,2500
35667,35667,1500
35668,35668,2500
35669,35669,3000
35670,35670,2000
35671,35671,3000
35672,35672,2500
35673,35673,2000
35674,35674,2000
35675,35675,1500
35676,35676,1500
35677,35677,1500
35678,35678,1500
35679,35679,1000
35680,35680,1500
35681,35681,3000
35682,35682,1500
35683,35683,2000
35684,35684,500
35685,35685,3000
35686,35686,3000
35687,35687,2000
35688,35688,3000
35689,35689,3000
35690,35690,1000
35691,35691,2000
35692,35692,3000
35693,35693,1000
35694,35694,1000
35695,35695,2500
35696,35696,1500
35697,35697,2000
35698,35698,1000
35699,35699,2500
35700,35700,1500
35701,35701,3000
35702,35702,2000
35703,35703,1500
35704,35704,3000
35705,35705,3000
35706,35706,1500
35707,35707,3000
35708,35708,500
35709,35709,2500
35710,35710,2000
35711,35711,3000
35712,35712,3000
35713,35713,2000
35714,35714,2000
35715,35715,3000
35716,35716,1500
35717,35717,1000
35718,35718,3000
35719,35719,1500
35720,35720,1500
35721,35721,2500
35722,35722,2000
35723,35723,500
35724,35724,3000
35725,35725,3000
35726,35726,500
35727,35727,1500
35728,35728,3000
35729,35729,500
35730,35730,1500
35731,35731,1500
35732,35732,1000
35733,35733,3000
35734,35734,500
35735,35735,3000
35736,35736,1500
35737,35737,3000
35738,35738,1500
35739,35739,3000
35740,35740,3000
35741,35741,1500
35742,35742,1500
35743,35743,3000
35744,35744,2500
35745,35745,3000
35746,35746,3000
35747,35747,500
35748,35748,3000
35749,35749,2000
35750,35750,2000
35751,35751,2000
35752,35752,2000
35753,35753,3000
35754,35754,1500
35755,35755,2000
35756,35756,1500
35757,35757,1500
35758,35758,2500
35759,35759,2500
35760,35760,1000
35761,35761,1500
35762,35762,3000
35763,35763,1000
35764,35764,2500
35765,35765,3000
35766,35766,500
35767,35767,2000
35768,35768,2000
35769,35769,1000
35770,35770,2000
35771,35771,3000
35772,35772,1500
35773,35773,3000
35774,35774,3000
35775,35775,2000
35776,35776,500
35777,35777,500
35778,35778,2500
35779,35779,1500
35780,35780,3000
35781,35781,1500
35782,35782,2000
35783,35783,3000
35784,35784,2500
35785,35785,2000
35786,35786,3000
35787,35787,3000
35788,35788,2500
35789,35789,3000
35790,35790,2500
35791,35791,1500
35792,35792,3000
35793,35793,3000
35794,35794,1000
35795,35795,2000
35796,35796,3000
35797,35797,1500
35798,35798,1500
35799,35799,3000
35800,35800,1500
35801,35801,2500
35802,35802,1500
35803,35803,2500
35804,35804,2500
35805,35805,2500
35806,35806,1500
35807,35807,1500
35808,35808,3000
35809,35809,2000
35810,35810,3000
35811,35811,3000
35812,35812,2000
35813,35813,500
35814,35814,3000
35815,35815,2000
35816,35816,3000
35817,35817,2000
35818,35818,2500
35819,35819,1500
35820,35820,2500
35821,35821,2500
35822,35822,1500
35823,35823,500
35824,35824,3000
35825,35825,3000
35826,35826,3000
35827,35827,2500
35828,35828,2500
35829,35829,3000
35830,35830,1500
35831,35831,500
35832,35832,3000
35833,35833,3000
35834,35834,500
35835,35835,3000
35836,35836,1000
35837,35837,500
35838,35838,2000
35839,35839,3000
35840,35840,2500
35841,35841,3000
35842,35842,1000
35843,35843,1500
35844,35844,500
35845,35845,1500
35846,35846,2000
35847,35847,1000
35848,35848,3000
35849,35849,2000
35850,35850,2000
35851,35851,3000
35852,35852,1500
35853,35853,2500
35854,35854,1000
35855,35855,3000
35856,35856,2000
35857,35857,2000
35858,35858,3000
35859,35859,1000
35860,35860,1000
35861,35861,2500
35862,35862,500
35863,35863,500
35864,35864,3000
35865,35865,3000
35866,35866,3000
35867,35867,500
35868,35868,3000
35869,35869,1500
35870,35870,500
35871,35871,1500
35872,35872,2500
35873,35873,1500
35874,35874,1500
35875,35875,3000
35876,35876,3000
35877,35877,3000
35878,35878,3000
35879,35879,500
35880,35880,3000
35881,35881,500
35882,35882,3000
35883,35883,3000
35884,35884,1500
35885,35885,3000
35886,35886,3000
35887,35887,3000
35888,35888,3000
35889,35889,1500
35890,35890,3000
35891,35891,1500
35892,35892,3000
35893,35893,1500
35894,35894,3000
35895,35895,500
35896,35896,2500
35897,35897,1500
35898,35898,500
35899,35899,500
35900,35900,1500
35901,35901,1500
35902,35902,2500
35903,35903,2000
35904,35904,3000
35905,35905,2500
35906,35906,3000
35907,35907,500
35908,35908,1500
35909,35909,1000
35910,35910,3000
35911,35911,3000
35912,35912,1500
35913,35913,1500
35914,35914,3000
35915,35915,2000
35916,35916,2000
35917,35917,3000
35918,35918,3000
35919,35919,1000
35920,35920,1500
35921,35921,500
35922,35922,1500
35923,35923,1000
35924,35924,1500
35925,35925,1000
35926,35926,1500
35927,35927,2000
35928,35928,500
35929,35929,2500
35930,35930,1500
35931,35931,3000
35932,35932,500
35933,35933,2500
35934,35934,2000
35935,35935,2000
35936,35936,1000
35937,35937,3000
35938,35938,3000
35939,35939,500
35940,35940,1500
35941,35941,1500
35942,35942,1500
35943,35943,3000
35944,35944,1500
35945,35945,500
35946,35946,1000
35947,35947,2000
35948,35948,3000
35949,35949,500
35950,35950,1000
35951,35951,1500
35952,35952,3000
35953,35953,2500
35954,35954,2500
35955,35955,1500
35956,35956,3000
35957,35957,3000
35958,35958,2000
35959,35959,3000
35960,35960,3000
35961,35961,1500
35962,35962,2000
35963,35963,3000
35964,35964,3000
35965,35965,3000
35966,35966,1500
35967,35967,500
35968,35968,500
35969,35969,1500
35970,35970,1000
35971,35971,1500
35972,35972,1500
35973,35973,1000
35974,35974,3000
35975,35975,2500
35976,35976,3000
35977,35977,3000
35978,35978,1500
35979,35979,3000
35980,35980,2500
35981,35981,2500
35982,35982,500
35983,35983,1000
35984,35984,1000
35985,35985,3000
35986,35986,2000
35987,35987,1500
35988,35988,1500
35989,35989,500
35990,35990,1500
35991,35991,3000
35992,35992,3000
35993,35993,3000
35994,35994,3000
35995,35995,2000
35996,35996,2500
35997,35997,2000
35998,35998,500
35999,35999,1500
36000,36000,3000
36001,36001,2500
36002,36002,1500
36003,36003,500
36004,36004,500
36005,36005,2000
36006,36006,1000
36007,36007,3000
36008,36008,3000
36009,36009,1000
36010,36010,3000
36011,36011,2500
36012,36012,2500
36013,36013,1000
36014,36014,2000
36015,36015,2500
36016,36016,3000
36017,36017,1000
36018,36018,3000
36019,36019,1500
36020,36020,3000
36021,36021,2000
36022,36022,1000
36023,36023,3000
36024,36024,500
36025,36025,3000
36026,36026,500
36027,36027,500
36028,36028,3000
36029,36029,500
36030,36030,1500
36031,36031,500
36032,36032,3000
36033,36033,500
36034,36034,3000
36035,36035,1500
36036,36036,3000
36037,36037,500
36038,36038,3000
36039,36039,2500
36040,36040,3000
36041,36041,3000
36042,36042,3000
36043,36043,3000
36044,36044,2500
36045,36045,1500
36046,36046,1000
36047,36047,3000
36048,36048,3000
36049,36049,1500
36050,36050,1500
36051,36051,1500
36052,36052,500
36053,36053,2500
36054,36054,3000
36055,36055,2000
36056,36056,1000
36057,36057,2000
36058,36058,3000
36059,36059,3000
36060,36060,2500
36061,36061,3000
36062,36062,1500
36063,36063,3000
36064,36064,3000
36065,36065,1000
36066,36066,500
36067,36067,3000
36068,36068,2500
36069,36069,3000
36070,36070,3000
36071,36071,3000
36072,36072,500
36073,36073,500
36074,36074,1000
36075,36075,3000
36076,36076,1500
36077,36077,2500
36078,36078,1500
36079,36079,3000
36080,36080,2000
36081,36081,1500
36082,36082,2000
36083,36083,2000
36084,36084,500
36085,36085,2000
36086,36086,1000
36087,36087,500
36088,36088,2000
36089,36089,1500
36090,36090,3000
36091,36091,1500
36092,36092,3000
36093,36093,1000
36094,36094,1500
36095,36095,500
36096,36096,3000
36097,36097,3000
36098,36098,1500
36099,36099,2000
36100,36100,3000
36101,36101,2500
36102,36102,1000
36103,36103,3000
36104,36104,500
36105,36105,3000
36106,36106,1000
36107,36107,1500
36108,36108,500
36109,36109,2500
36110,36110,500
36111,36111,1000
36112,36112,3000
36113,36113,3000
36114,36114,500
36115,36115,1000
36116,36116,3000
36117,36117,500
36118,36118,3000
36119,36119,1500
36120,36120,1000
36121,36121,1500
36122,36122,2000
36123,36123,3000
36124,36124,3000
36125,36125,2500
36126,36126,1000
36127,36127,1000
36128,36128,3000
36129,36129,500
36130,36130,3000
36131,36131,1500
36132,36132,2000
36133,36133,1500
36134,36134,3000
36135,36135,1000
36136,36136,1000
36137,36137,1500
36138,36138,3000
36139,36139,2500
36140,36140,3000
36141,36141,2000
36142,36142,3000
36143,36143,3000
36144,36144,500
36145,36145,2500
36146,36146,3000
36147,36147,3000
36148,36148,2500
36149,36149,500
36150,36150,1500
36151,36151,1500
36152,36152,1000
36153,36153,1000
36154,36154,1000
36155,36155,1500
36156,36156,1500
36157,36157,500
36158,36158,2000
36159,36159,3000
36160,36160,500
36161,36161,1000
36162,36162,500
36163,36163,2000
36164,36164,2500
36165,36165,1500
36166,36166,2500
36167,36167,2500
36168,36168,2000
36169,36169,3000
36170,36170,1500
36171,36171,1500
36172,36172,3000
36173,36173,2500
36174,36174,3000
36175,36175,2000
36176,36176,3000
36177,36177,1000
36178,36178,1000
36179,36179,3000
36180,36180,1500
36181,36181,1500
36182,36182,1000
36183,36183,500
36184,36184,3000
36185,36185,2000
36186,36186,2500
36187,36187,3000
36188,36188,3000
36189,36189,1000
36190,36190,1500
36191,36191,1500
36192,36192,1500
36193,36193,3000
36194,36194,1000
36195,36195,3000
36196,36196,2000
36197,36197,1500
36198,36198,500
36199,36199,500
36200,36200,3000
36201,36201,2000
36202,36202,2500
36203,36203,1500
36204,36204,3000
36205,36205,2500
36206,36206,1500
36207,36207,1500
36208,36208,1500
36209,36209,1500
36210,36210,1000
36211,36211,1500
36212,36212,1500
36213,36213,1500
36214,36214,1500
36215,36215,1000
36216,36216,500
36217,36217,3000
36218,36218,1500
36219,36219,3000
36220,36220,3000
36221,36221,3000
36222,36222,1500
36223,36223,500
36224,36224,1500
36225,36225,2000
36226,36226,2000
36227,36227,3000
36228,36228,1500
36229,36229,500
36230,36230,2000
36231,36231,2500
36232,36232,3000
36233,36233,3000
36234,36234,2000
36235,36235,500
36236,36236,3000
36237,36237,3000
36238,36238,3000
36239,36239,1500
36240,36240,1500
36241,36241,3000
36242,36242,1000
36243,36243,3000
36244,36244,3000
36245,36245,3000
36246,36246,3000
36247,36247,1000
36248,36248,2000
36249,36249,3000
36250,36250,1000
36251,36251,3000
36252,36252,3000
36253,36253,1500
36254,36254,3000
36255,36255,2500
36256,36256,3000
36257,36257,500
36258,36258,1500
36259,36259,1000
36260,36260,3000
36261,36261,3000
36262,36262,2500
36263,36263,3000
36264,36264,3000
36265,36265,2000
36266,36266,500
36267,36267,1500
36268,36268,1500
36269,36269,3000
36270,36270,500
36271,36271,3000
36272,36272,1500
36273,36273,3000
36274,36274,2000
36275,36275,500
36276,36276,1500
36277,36277,2000
36278,36278,2000
36279,36279,3000
36280,36280,1500
36281,36281,2500
36282,36282,1500
36283,36283,3000
36284,36284,3000
36285,36285,500
36286,36286,2000
36287,36287,3000
36288,36288,2500
36289,36289,1500
36290,36290,1500
36291,36291,3000
36292,36292,1500
36293,36293,1500
36294,36294,3000
36295,36295,2500
36296,36296,3000
36297,36297,3000
36298,36298,1500
36299,36299,1000
36300,36300,2500
36301,36301,500
36302,36302,2000
36303,36303,3000
36304,36304,3000
36305,36305,1000
36306,36306,2000
36307,36307,3000
36308,36308,3000
36309,36309,500
36310,36310,1000
36311,36311,2000
36312,36312,500
36313,36313,3000
36314,36314,500
36315,36315,1000
36316,36316,3000
36317,36317,3000
36318,36318,1000
36319,36319,1500
36320,36320,3000
36321,36321,3000
36322,36322,3000
36323,36323,1500
36324,36324,1500
36325,36325,2500
36326,36326,1500
36327,36327,2000
36328,36328,2000
36329,36329,3000
36330,36330,1500
36331,36331,500
36332,36332,2000
36333,36333,1500
36334,36334,2500
36335,36335,500
36336,36336,2500
36337,36337,2500
36338,36338,3000
36339,36339,3000
36340,36340,500
36341,36341,500
36342,36342,3000
36343,36343,2500
36344,36344,3000
36345,36345,2000
36346,36346,1000
36347,36347,1500
36348,36348,2000
36349,36349,3000
36350,36350,2500
36351,36351,500
36352,36352,500
36353,36353,2500
36354,36354,1500
36355,36355,1000
36356,36356,1000
36357,36357,3000
36358,36358,3000
36359,36359,1000
36360,36360,500
36361,36361,3000
36362,36362,1000
36363,36363,500
36364,36364,3000
36365,36365,500
36366,36366,3000
36367,36367,1500
36368,36368,3000
36369,36369,2500
36370,36370,500
36371,36371,500
36372,36372,3000
36373,36373,1500
36374,36374,3000
36375,36375,3000
36376,36376,3000
36377,36377,2500
36378,36378,3000
36379,36379,1500
36380,36380,3000
36381,36381,3000
36382,36382,2500
36383,36383,1500
36384,36384,3000
36385,36385,2000
36386,36386,1000
36387,36387,1000
36388,36388,2000
36389,36389,1500
36390,36390,1500
36391,36391,1000
36392,36392,3000
36393,36393,1500
36394,36394,1500
36395,36395,500
36396,36396,500
36397,36397,1500
36398,36398,500
36399,36399,3000
36400,36400,1000
36401,36401,2500
36402,36402,2500
36403,36403,500
36404,36404,1500
36405,36405,1000
36406,36406,2500
36407,36407,3000
36408,36408,3000
36409,36409,1500
36410,36410,500
36411,36411,3000
36412,36412,2000
36413,36413,3000
36414,36414,2500
36415,36415,3000
36416,36416,3000
36417,36417,3000
36418,36418,3000
36419,36419,1500
36420,36420,2500
36421,36421,1000
36422,36422,1000
36423,36423,2500
36424,36424,2000
36425,36425,500
36426,36426,2000
36427,36427,2000
36428,36428,2500
36429,36429,3000
36430,36430,500
36431,36431,3000
36432,36432,500
36433,36433,500
36434,36434,3000
36435,36435,3000
36436,36436,1500
36437,36437,1000
36438,36438,1000
36439,36439,2500
36440,36440,3000
36441,36441,3000
36442,36442,3000
36443,36443,1500
36444,36444,3000
36445,36445,500
36446,36446,500
36447,36447,3000
36448,36448,3000
36449,36449,3000
36450,36450,3000
36451,36451,2500
36452,36452,2000
36453,36453,500
36454,36454,1000
36455,36455,1000
36456,36456,2000
36457,36457,1500
36458,36458,2000
36459,36459,2500
36460,36460,500
36461,36461,3000
36462,36462,3000
36463,36463,1500
36464,36464,1000
36465,36465,3000
36466,36466,2500
36467,36467,1000
36468,36468,3000
36469,36469,1500
36470,36470,500
36471,36471,3000
36472,36472,500
36473,36473,2000
36474,36474,3000
36475,36475,1500
36476,36476,500
36477,36477,1500
36478,36478,3000
36479,36479,2000
36480,36480,1500
36481,36481,3000
36482,36482,1000
36483,36483,1500
36484,36484,2500
36485,36485,3000
36486,36486,3000
36487,36487,2000
36488,36488,1500
36489,36489,2000
36490,36490,2500
36491,36491,1000
36492,36492,1500
36493,36493,500
36494,36494,3000
36495,36495,2500
36496,36496,3000
36497,36497,2500
36498,36498,2000
36499,36499,2500
36500,36500,3000
36501,36501,1500
36502,36502,3000
36503,36503,500
36504,36504,500
36505,36505,2500
36506,36506,500
36507,36507,1000
36508,36508,3000
36509,36509,3000
36510,36510,3000
36511,36511,1500
36512,36512,2500
36513,36513,2500
36514,36514,1500
36515,36515,2500
36516,36516,1500
36517,36517,500
36518,36518,2500
36519,36519,1500
36520,36520,2000
36521,36521,3000
36522,36522,1500
36523,36523,2500
36524,36524,2000
36525,36525,3000
36526,36526,1500
36527,36527,2500
36528,36528,1500
36529,36529,500
36530,36530,3000
36531,36531,3000
36532,36532,1500
36533,36533,500
36534,36534,1500
36535,36535,2500
36536,36536,1500
36537,36537,1000
36538,36538,500
36539,36539,2000
36540,36540,1500
36541,36541,3000
36542,36542,3000
36543,36543,3000
36544,36544,1000
36545,36545,1000
36546,36546,3000
36547,36547,2500
36548,36548,2000
36549,36549,1000
36550,36550,2000
36551,36551,3000
36552,36552,1000
36553,36553,1000
36554,36554,500
36555,36555,3000
36556,36556,3000
36557,36557,2500
36558,36558,1500
36559,36559,2000
36560,36560,2000
36561,36561,3000
36562,36562,3000
36563,36563,2000
36564,36564,2500
36565,36565,3000
36566,36566,1000
36567,36567,3000
36568,36568,3000
36569,36569,2500
36570,36570,1500
36571,36571,3000
36572,36572,3000
36573,36573,1500
36574,36574,1500
36575,36575,3000
36576,36576,2000
36577,36577,3000
36578,36578,3000
36579,36579,1000
36580,36580,2500
36581,36581,1000
36582,36582,3000
36583,36583,500
36584,36584,2500
36585,36585,500
36586,36586,3000
36587,36587,3000
36588,36588,3000
36589,36589,500
36590,36590,500
36591,36591,3000
36592,36592,1500
36593,36593,3000
36594,36594,2000
36595,36595,500
36596,36596,2500
36597,36597,2500
36598,36598,3000
36599,36599,3000
36600,36600,2000
36601,36601,2000
36602,36602,3000
36603,36603,3000
36604,36604,2500
36605,36605,1500
36606,36606,1500
36607,36607,500
36608,36608,2000
36609,36609,2000
36610,36610,2000
36611,36611,2000
36612,36612,3000
36613,36613,500
36614,36614,500
36615,36615,500
36616,36616,3000
36617,36617,1500
36618,36618,3000
36619,36619,2000
36620,36620,2000
36621,36621,3000
36622,36622,1500
36623,36623,3000
36624,36624,500
36625,36625,1000
36626,36626,1500
36627,36627,2000
36628,36628,2500
36629,36629,2000
36630,36630,1000
36631,36631,1000
36632,36632,2500
36633,36633,1500
36634,36634,3000
36635,36635,3000
36636,36636,1500
36637,36637,500
36638,36638,500
36639,36639,1000
36640,36640,500
36641,36641,2000
36642,36642,1000
36643,36643,1500
36644,36644,3000
36645,36645,3000
36646,36646,1000
36647,36647,1000
36648,36648,3000
36649,36649,1500
36650,36650,3000
36651,36651,3000
36652,36652,3000
36653,36653,3000
36654,36654,2000
36655,36655,2500
36656,36656,1000
36657,36657,3000
36658,36658,3000
36659,36659,1000
36660,36660,1500
36661,36661,500
36662,36662,2500
36663,36663,3000
36664,36664,1500
36665,36665,1000
36666,36666,3000
36667,36667,3000
36668,36668,1000
36669,36669,3000
36670,36670,1500
36671,36671,1500
36672,36672,3000
36673,36673,1000
36674,36674,2000
36675,36675,1000
36676,36676,2500
36677,36677,2500
36678,36678,1500
36679,36679,3000
36680,36680,2000
36681,36681,2500
36682,36682,2500
36683,36683,2500
36684,36684,3000
36685,36685,500
36686,36686,3000
36687,36687,1000
36688,36688,500
36689,36689,3000
36690,36690,1500
36691,36691,1000
36692,36692,2000
36693,36693,2000
36694,36694,3000
36695,36695,3000
36696,36696,1000
36697,36697,1000
36698,36698,1500
36699,36699,3000
36700,36700,1000
36701,36701,1500
36702,36702,1500
36703,36703,3000
36704,36704,3000
36705,36705,1500
36706,36706,1500
36707,36707,2500
36708,36708,1500
36709,36709,1500
36710,36710,1000
36711,36711,3000
36712,36712,1500
36713,36713,1500
36714,36714,1500
36715,36715,1000
36716,36716,500
36717,36717,1500
36718,36718,3000
36719,36719,3000
36720,36720,3000
36721,36721,3000
36722,36722,1500
36723,36723,1500
36724,36724,500
36725,36725,3000
36726,36726,1500
36727,36727,2500
36728,36728,2500
36729,36729,2500
36730,36730,1500
36731,36731,1000
36732,36732,1500
36733,36733,1500
36734,36734,3000
36735,36735,3000
36736,36736,2000
36737,36737,2500
36738,36738,1500
36739,36739,1500
36740,36740,1500
36741,36741,3000
36742,36742,500
36743,36743,1000
36744,36744,500
36745,36745,3000
36746,36746,3000
36747,36747,2000
36748,36748,1500
36749,36749,3000
36750,36750,2500
36751,36751,2500
36752,36752,500
36753,36753,3000
36754,36754,3000
36755,36755,2000
36756,36756,3000
36757,36757,1500
36758,36758,3000
36759,36759,3000
36760,36760,1500
36761,36761,3000
36762,36762,2000
36763,36763,2000
36764,36764,1500
36765,36765,2000
36766,36766,1500
36767,36767,1000
36768,36768,1500
36769,36769,1500
36770,36770,1000
36771,36771,3000
36772,36772,1500
36773,36773,500
36774,36774,2500
36775,36775,2000
36776,36776,500
36777,36777,2500
36778,36778,500
36779,36779,1500
36780,36780,3000
36781,36781,3000
36782,36782,3000
36783,36783,3000
36784,36784,2500
36785,36785,1500
36786,36786,1500
36787,36787,500
36788,36788,3000
36789,36789,1500
36790,36790,500
36791,36791,1500
36792,36792,1500
36793,36793,500
36794,36794,500
36795,36795,3000
36796,36796,3000
36797,36797,2000
36798,36798,3000
36799,36799,1000
36800,36800,2500
36801,36801,500
36802,36802,1500
36803,36803,500
36804,36804,2500
36805,36805,3000
36806,36806,3000
36807,36807,1000
36808,36808,1500
36809,36809,1500
36810,36810,1500
36811,36811,2500
36812,36812,3000
36813,36813,1500
36814,36814,2000
36815,36815,1500
36816,36816,500
36817,36817,2500
36818,36818,1500
36819,36819,500
36820,36820,3000
36821,36821,2500
36822,36822,2000
36823,36823,3000
36824,36824,3000
36825,36825,3000
36826,36826,500
36827,36827,3000
36828,36828,1500
36829,36829,1500
36830,36830,2000
36831,36831,2000
36832,36832,1500
36833,36833,2000
36834,36834,500
36835,36835,3000
36836,36836,2500
36837,36837,1500
36838,36838,500
36839,36839,2500
36840,36840,1500
36841,36841,1000
36842,36842,2500
36843,36843,2500
36844,36844,3000
36845,36845,3000
36846,36846,3000
36847,36847,1500
36848,36848,1000
36849,36849,3000
36850,36850,3000
36851,36851,1000
36852,36852,3000
36853,36853,1500
36854,36854,2500
36855,36855,3000
36856,36856,2500
36857,36857,2500
36858,36858,2500
36859,36859,500
36860,36860,500
36861,36861,1500
36862,36862,3000
36863,36863,3000
36864,36864,500
36865,36865,3000
36866,36866,2000
36867,36867,1000
36868,36868,1000
36869,36869,500
36870,36870,3000
36871,36871,1500
36872,36872,1500
36873,36873,1000
36874,36874,1500
36875,36875,1500
36876,36876,1000
36877,36877,1000
36878,36878,1500
36879,36879,1500
36880,36880,1500
36881,36881,1000
36882,36882,3000
36883,36883,3000
36884,36884,2500
36885,36885,1500
36886,36886,1000
36887,36887,3000
36888,36888,3000
36889,36889,2000
36890,36890,500
36891,36891,2000
36892,36892,3000
36893,36893,3000
36894,36894,1500
36895,36895,3000
36896,36896,1500
36897,36897,3000
36898,36898,3000
36899,36899,500
36900,36900,2000
36901,36901,1500
36902,36902,3000
36903,36903,2000
36904,36904,1000
36905,36905,1500
36906,36906,3000
36907,36907,2000
36908,36908,1500
36909,36909,2000
36910,36910,3000
36911,36911,3000
36912,36912,1500
36913,36913,3000
36914,36914,2000
36915,36915,3000
36916,36916,1500
36917,36917,1500
36918,36918,2500
36919,36919,500
36920,36920,3000
36921,36921,500
36922,36922,1000
36923,36923,2000
36924,36924,3000
36925,36925,2500
36926,36926,3000
36927,36927,2000
36928,36928,500
36929,36929,2500
36930,36930,1000
36931,36931,3000
36932,36932,3000
36933,36933,1500
36934,36934,3000
36935,36935,2500
36936,36936,2000
36937,36937,500
36938,36938,3000
36939,36939,1500
36940,36940,2000
36941,36941,3000
36942,36942,1500
36943,36943,1500
36944,36944,3000
36945,36945,1500
36946,36946,500
36947,36947,2000
36948,36948,3000
36949,36949,3000
36950,36950,3000
36951,36951,1500
36952,36952,3000
36953,36953,1500
36954,36954,3000
36955,36955,2000
36956,36956,1500
36957,36957,2500
36958,36958,3000
36959,36959,3000
36960,36960,500
36961,36961,2000
36962,36962,1500
36963,36963,2500
36964,36964,500
36965,36965,500
36966,36966,1500
36967,36967,1000
36968,36968,3000
36969,36969,1500
36970,36970,2000
36971,36971,2000
36972,36972,3000
36973,36973,1500
36974,36974,3000
36975,36975,1500
36976,36976,1500
36977,36977,1000
36978,36978,3000
36979,36979,2500
36980,36980,3000
36981,36981,1000
36982,36982,3000
36983,36983,1000
36984,36984,2500
36985,36985,1500
36986,36986,1500
36987,36987,3000
36988,36988,500
36989,36989,2000
36990,36990,3000
36991,36991,1500
36992,36992,3000
36993,36993,1500
36994,36994,2000
36995,36995,3000
36996,36996,2000
36997,36997,1500
36998,36998,2000
36999,36999,3000
37000,37000,2500
37001,37001,3000
37002,37002,1500
37003,37003,2500
37004,37004,1500
37005,37005,3000
37006,37006,500
37007,37007,3000
37008,37008,1500
37009,37009,500
37010,37010,1500
37011,37011,500
37012,37012,1500
37013,37013,500
37014,37014,3000
37015,37015,1500
37016,37016,1500
37017,37017,500
37018,37018,3000
37019,37019,2500
37020,37020,2000
37021,37021,1500
37022,37022,1500
37023,37023,3000
37024,37024,3000
37025,37025,500
37026,37026,3000
37027,37027,3000
37028,37028,3000
37029,37029,1500
37030,37030,1000
37031,37031,1000
37032,37032,1500
37033,37033,1500
37034,37034,2000
37035,37035,3000
37036,37036,2000
37037,37037,3000
37038,37038,1500
37039,37039,500
37040,37040,1000
37041,37041,3000
37042,37042,1500
37043,37043,1500
37044,37044,500
37045,37045,500
37046,37046,3000
37047,37047,1000
37048,37048,1500
37049,37049,1500
37050,37050,1500
37051,37051,500
37052,37052,3000
37053,37053,3000
37054,37054,3000
37055,37055,3000
37056,37056,3000
37057,37057,500
37058,37058,2000
37059,37059,1500
37060,37060,1500
37061,37061,2000
37062,37062,1000
37063,37063,1500
37064,37064,1000
37065,37065,1000
37066,37066,2500
37067,37067,1500
37068,37068,3000
37069,37069,1500
37070,37070,2500
37071,37071,500
37072,37072,1500
37073,37073,2000
37074,37074,500
37075,37075,3000
37076,37076,2500
37077,37077,3000
37078,37078,3000
37079,37079,1500
37080,37080,3000
37081,37081,3000
37082,37082,3000
37083,37083,3000
37084,37084,3000
37085,37085,2000
37086,37086,3000
37087,37087,1500
37088,37088,500
37089,37089,1000
37090,37090,2500
37091,37091,3000
37092,37092,2500
37093,37093,1500
37094,37094,3000
37095,37095,1000
37096,37096,3000
37097,37097,1000
37098,37098,3000
37099,37099,500
37100,37100,1000
37101,37101,2500
37102,37102,1500
37103,37103,1500
37104,37104,1500
37105,37105,500
37106,37106,1500
37107,37107,3000
37108,37108,1000
37109,37109,500
37110,37110,1000
37111,37111,1500
37112,37112,1500
37113,37113,1500
37114,37114,3000
37115,37115,1500
37116,37116,1000
37117,37117,1000
37118,37118,3000
37119,37119,1500
37120,37120,3000
37121,37121,3000
37122,37122,1500
37123,37123,2500
37124,37124,1000
37125,37125,500
37126,37126,3000
37127,37127,500
37128,37128,3000
37129,37129,3000
37130,37130,1500
37131,37131,3000
37132,37132,2000
37133,37133,3000
37134,37134,500
37135,37135,500
37136,37136,1000
37137,37137,1500
37138,37138,1500
37139,37139,1000
37140,37140,2500
37141,37141,3000
37142,37142,1000
37143,37143,3000
37144,37144,500
37145,37145,2500
37146,37146,3000
37147,37147,2000
37148,37148,1500
37149,37149,1000
37150,37150,3000
37151,37151,3000
37152,37152,3000
37153,37153,3000
37154,37154,2000
37155,37155,1500
37156,37156,2000
37157,37157,3000
37158,37158,1000
37159,37159,2000
37160,37160,1500
37161,37161,3000
37162,37162,3000
37163,37163,2500
37164,37164,1000
37165,37165,2000
37166,37166,2500
37167,37167,3000
37168,37168,3000
37169,37169,2500
37170,37170,3000
37171,37171,500
37172,37172,2000
37173,37173,3000
37174,37174,1500
37175,37175,1500
37176,37176,500
37177,37177,3000
37178,37178,2000
37179,37179,1000
37180,37180,3000
37181,37181,1000
37182,37182,1500
37183,37183,1500
37184,37184,2000
37185,37185,3000
37186,37186,1000
37187,37187,3000
37188,37188,1500
37189,37189,3000
37190,37190,500
37191,37191,2000
37192,37192,2500
37193,37193,2000
37194,37194,3000
37195,37195,3000
37196,37196,1500
37197,37197,500
37198,37198,3000
37199,37199,3000
37200,37200,3000
37201,37201,2000
37202,37202,1000
37203,37203,2000
37204,37204,1500
37205,37205,3000
37206,37206,1500
37207,37207,1500
37208,37208,1500
37209,37209,1500
37210,37210,3000
37211,37211,2500
37212,37212,1500
37213,37213,2000
37214,37214,2000
37215,37215,2000
37216,37216,1000
37217,37217,2500
37218,37218,1500
37219,37219,1500
37220,37220,3000
37221,37221,2500
37222,37222,1000
37223,37223,500
37224,37224,2000
37225,37225,3000
37226,37226,2500
37227,37227,1500
37228,37228,500
37229,37229,1500
37230,37230,3000
37231,37231,3000
37232,37232,2500
37233,37233,2500
37234,37234,1500
37235,37235,3000
37236,37236,1500
37237,37237,1500
37238,37238,3000
37239,37239,3000
37240,37240,3000
37241,37241,1000
37242,37242,2000
37243,37243,3000
37244,37244,3000
37245,37245,1500
37246,37246,3000
37247,37247,2500
37248,37248,500
37249,37249,1500
37250,37250,1500
37251,37251,3000
37252,37252,3000
37253,37253,1000
37254,37254,3000
37255,37255,3000
37256,37256,3000
37257,37257,3000
37258,37258,1500
37259,37259,1000
37260,37260,1000
37261,37261,500
37262,37262,1500
37263,37263,3000
37264,37264,1500
37265,37265,2000
37266,37266,2000
37267,37267,2000
37268,37268,2500
37269,37269,1500
37270,37270,2500
37271,37271,3000
37272,37272,1500
37273,37273,2500
37274,37274,500
37275,37275,1500
37276,37276,2500
37277,37277,2500
37278,37278,3000
37279,37279,2500
37280,37280,3000
37281,37281,1000
37282,37282,1000
37283,37283,3000
37284,37284,500
37285,37285,2000
37286,37286,1000
37287,37287,3000
37288,37288,500
37289,37289,500
37290,37290,3000
37291,37291,3000
37292,37292,1500
37293,37293,1500
37294,37294,3000
37295,37295,1000
37296,37296,3000
37297,37297,3000
37298,37298,3000
37299,37299,500
37300,37300,3000
37301,37301,1000
37302,37302,2000
37303,37303,3000
37304,37304,3000
37305,37305,500
37306,37306,1500
37307,37307,500
37308,37308,1500
37309,37309,2000
37310,37310,1000
37311,37311,2500
37312,37312,2000
37313,37313,3000
37314,37314,2500
37315,37315,3000
37316,37316,500
37317,37317,1500
37318,37318,1500
37319,37319,2500
37320,37320,2000
37321,37321,3000
37322,37322,1500
37323,37323,2500
37324,37324,3000
37325,37325,3000
37326,37326,2500
37327,37327,2000
37328,37328,1000
37329,37329,3000
37330,37330,3000
37331,37331,2000
37332,37332,3000
37333,37333,1500
37334,37334,2000
37335,37335,3000
37336,37336,1500
37337,37337,3000
37338,37338,1500
37339,37339,2500
37340,37340,1000
37341,37341,1500
37342,37342,3000
37343,37343,1000
37344,37344,1500
37345,37345,3000
37346,37346,3000
37347,37347,2000
37348,37348,3000
37349,37349,1500
37350,37350,2500
37351,37351,1500
37352,37352,3000
37353,37353,1500
37354,37354,1500
37355,37355,2000
37356,37356,3000
37357,37357,2500
37358,37358,1500
37359,37359,1500
37360,37360,2500
37361,37361,1500
37362,37362,500
37363,37363,3000
37364,37364,2500
37365,37365,1500
37366,37366,1000
37367,37367,2500
37368,37368,1500
37369,37369,1500
37370,37370,1500
37371,37371,500
37372,37372,3000
37373,37373,1500
37374,37374,500
37375,37375,500
37376,37376,3000
37377,37377,1500
37378,37378,1000
37379,37379,2500
37380,37380,500
37381,37381,2500
37382,37382,3000
37383,37383,3000
37384,37384,1500
37385,37385,3000
37386,37386,2500
37387,37387,500
37388,37388,3000
37389,37389,500
37390,37390,2500
37391,37391,500
37392,37392,500
37393,37393,1500
37394,37394,1500
37395,37395,500
37396,37396,1000
37397,37397,3000
37398,37398,2500
37399,37399,1000
37400,37400,2500
37401,37401,3000
37402,37402,500
37403,37403,1500
37404,37404,1500
37405,37405,1000
37406,37406,1000
37407,37407,2000
37408,37408,1000
37409,37409,1500
37410,37410,3000
37411,37411,1500
37412,37412,2500
37413,37413,1500
37414,37414,1000
37415,37415,2000
37416,37416,1000
37417,37417,2500
37418,37418,3000
37419,37419,1500
37420,37420,3000
37421,37421,500
37422,37422,500
37423,37423,500
37424,37424,500
37425,37425,2000
37426,37426,2000
37427,37427,3000
37428,37428,1000
37429,37429,3000
37430,37430,1500
37431,37431,500
37432,37432,1000
37433,37433,2500
37434,37434,1500
37435,37435,3000
37436,37436,2000
37437,37437,1000
37438,37438,3000
37439,37439,1500
37440,37440,2500
37441,37441,2000
37442,37442,1500
37443,37443,1000
37444,37444,2000
37445,37445,1000
37446,37446,2500
37447,37447,1500
37448,37448,1000
37449,37449,1500
37450,37450,1000
37451,37451,1500
37452,37452,3000
37453,37453,3000
37454,37454,1000
37455,37455,2500
37456,37456,1500
37457,37457,2000
37458,37458,3000
37459,37459,2500
37460,37460,500
37461,37461,1500
37462,37462,2500
37463,37463,3000
37464,37464,2500
37465,37465,2500
37466,37466,2500
37467,37467,3000
37468,37468,1500
37469,37469,2500
37470,37470,500
37471,37471,1500
37472,37472,1500
37473,37473,1500
37474,37474,1000
37475,37475,1500
37476,37476,3000
37477,37477,3000
37478,37478,3000
37479,37479,3000
37480,37480,3000
37481,37481,2500
37482,37482,2500
37483,37483,3000
37484,37484,1500
37485,37485,1500
37486,37486,2000
37487,37487,3000
37488,37488,1500
37489,37489,1500
37490,37490,1500
37491,37491,500
37492,37492,3000
37493,37493,1500
37494,37494,3000
37495,37495,2000
37496,37496,2000
37497,37497,2000
37498,37498,3000
37499,37499,1000
37500,37500,3000
37501,37501,2000
37502,37502,2500
37503,37503,1500
37504,37504,2500
37505,37505,3000
37506,37506,3000
37507,37507,1500
37508,37508,3000
37509,37509,3000
37510,37510,1500
37511,37511,1500
37512,37512,2000
37513,37513,1500
37514,37514,1500
37515,37515,3000
37516,37516,2500
37517,37517,2000
37518,37518,500
37519,37519,500
37520,37520,500
37521,37521,1500
37522,37522,500
37523,37523,2000
37524,37524,3000
37525,37525,3000
37526,37526,1000
37527,37527,500
37528,37528,3000
37529,37529,1500
37530,37530,1500
37531,37531,1500
37532,37532,500
37533,37533,1500
37534,37534,3000
37535,37535,500
37536,37536,3000
37537,37537,1500
37538,37538,1500
37539,37539,2000
37540,37540,1000
37541,37541,2500
37542,37542,2500
37543,37543,3000
37544,37544,1500
37545,37545,3000
37546,37546,3000
37547,37547,2500
37548,37548,2500
37549,37549,3000
37550,37550,3000
37551,37551,1500
37552,37552,3000
37553,37553,3000
37554,37554,3000
37555,37555,2000
37556,37556,1500
37557,37557,500
37558,37558,2500
37559,37559,3000
37560,37560,1500
37561,37561,2500
37562,37562,2500
37563,37563,3000
37564,37564,2500
37565,37565,2000
37566,37566,1500
37567,37567,1500
37568,37568,1000
37569,37569,1500
37570,37570,2000
37571,37571,2000
37572,37572,500
37573,37573,1500
37574,37574,1500
37575,37575,500
37576,37576,1000
37577,37577,1500
37578,37578,500
37579,37579,3000
37580,37580,1500
37581,37581,3000
37582,37582,500
37583,37583,3000
37584,37584,1500
37585,37585,500
37586,37586,3000
37587,37587,1000
37588,37588,500
37589,37589,3000
37590,37590,2500
37591,37591,1000
37592,37592,3000
37593,37593,2500
37594,37594,3000
37595,37595,1000
37596,37596,500
37597,37597,2000
37598,37598,2000
37599,37599,3000
37600,37600,2500
37601,37601,3000
37602,37602,1500
37603,37603,1000
37604,37604,3000
37605,37605,500
37606,37606,3000
37607,37607,2000
37608,37608,3000
37609,37609,1500
37610,37610,1000
37611,37611,1000
37612,37612,2000
37613,37613,2000
37614,37614,2000
37615,37615,3000
37616,37616,1500
37617,37617,3000
37618,37618,1500
37619,37619,2000
37620,37620,2000
37621,37621,3000
37622,37622,3000
37623,37623,3000
37624,37624,1000
37625,37625,1500
37626,37626,500
37627,37627,2000
37628,37628,1500
37629,37629,2000
37630,37630,3000
37631,37631,1500
37632,37632,1500
37633,37633,500
37634,37634,1500
37635,37635,2000
37636,37636,1500
37637,37637,500
37638,37638,1500
37639,37639,2500
37640,37640,3000
37641,37641,3000
37642,37642,2000
37643,37643,1000
37644,37644,1500
37645,37645,3000
37646,37646,1000
37647,37647,3000
37648,37648,2000
37649,37649,3000
37650,37650,3000
37651,37651,3000
37652,37652,1000
37653,37653,2500
37654,37654,2500
37655,37655,2500
37656,37656,500
37657,37657,2500
37658,37658,1500
37659,37659,3000
37660,37660,1500
37661,37661,2000
37662,37662,1500
37663,37663,2500
37664,37664,2000
37665,37665,3000
37666,37666,3000
37667,37667,1500
37668,37668,3000
37669,37669,1000
37670,37670,3000
37671,37671,3000
37672,37672,2000
37673,37673,500
37674,37674,3000
37675,37675,2000
37676,37676,3000
37677,37677,500
37678,37678,1500
37679,37679,3000
37680,37680,1000
37681,37681,3000
37682,37682,3000
37683,37683,3000
37684,37684,1000
37685,37685,3000
37686,37686,3000
37687,37687,2000
37688,37688,2000
37689,37689,500
37690,37690,2000
37691,37691,2500
37692,37692,3000
37693,37693,3000
37694,37694,500
37695,37695,1500
37696,37696,3000
37697,37697,1000
37698,37698,3000
37699,37699,3000
37700,37700,1000
37701,37701,3000
37702,37702,3000
37703,37703,2000
37704,37704,2000
37705,37705,3000
37706,37706,2500
37707,37707,2000
37708,37708,2500
37709,37709,3000
37710,37710,500
37711,37711,2500
37712,37712,3000
37713,37713,3000
37714,37714,3000
37715,37715,2500
37716,37716,3000
37717,37717,500
37718,37718,1500
37719,37719,2500
37720,37720,3000
37721,37721,2500
37722,37722,1500
37723,37723,500
37724,37724,3000
37725,37725,1000
37726,37726,1500
37727,37727,3000
37728,37728,3000
37729,37729,2500
37730,37730,3000
37731,37731,1500
37732,37732,2500
37733,37733,1000
37734,37734,1500
37735,37735,3000
37736,37736,3000
37737,37737,1500
37738,37738,3000
37739,37739,1500
37740,37740,2500
37741,37741,1500
37742,37742,2000
37743,37743,3000
37744,37744,2500
37745,37745,1500
37746,37746,1000
37747,37747,500
37748,37748,500
37749,37749,3000
37750,37750,500
37751,37751,1500
37752,37752,3000
37753,37753,1000
37754,37754,2500
37755,37755,1500
37756,37756,2000
37757,37757,2000
37758,37758,1500
37759,37759,2000
37760,37760,2000
37761,37761,1500
37762,37762,500
37763,37763,1500
37764,37764,500
37765,37765,1500
37766,37766,3000
37767,37767,1500
37768,37768,2500
37769,37769,1500
37770,37770,1500
37771,37771,2000
37772,37772,3000
37773,37773,2000
37774,37774,2500
37775,37775,1500
37776,37776,3000
37777,37777,2500
37778,37778,3000
37779,37779,500
37780,37780,1000
37781,37781,3000
37782,37782,3000
37783,37783,500
37784,37784,500
37785,37785,1000
37786,37786,1500
37787,37787,1500
37788,37788,1000
37789,37789,500
37790,37790,1500
37791,37791,3000
37792,37792,3000
37793,37793,3000
37794,37794,3000
37795,37795,2500
37796,37796,1000
37797,37797,2500
37798,37798,500
37799,37799,1500
37800,37800,1000
37801,37801,500
37802,37802,3000
37803,37803,3000
37804,37804,3000
37805,37805,3000
37806,37806,500
37807,37807,500
37808,37808,2000
37809,37809,2500
37810,37810,3000
37811,37811,1000
37812,37812,1000
37813,37813,3000
37814,37814,2500
37815,37815,3000
37816,37816,2000
37817,37817,3000
37818,37818,3000
37819,37819,3000
37820,37820,2000
37821,37821,3000
37822,37822,3000
37823,37823,1500
37824,37824,2000
37825,37825,1500
37826,37826,3000
37827,37827,1000
37828,37828,2000
37829,37829,1500
37830,37830,1500
37831,37831,3000
37832,37832,2500
37833,37833,500
37834,37834,1500
37835,37835,3000
37836,37836,3000
37837,37837,1000
37838,37838,1000
37839,37839,500
37840,37840,3000
37841,37841,2000
37842,37842,2500
37843,37843,1500
37844,37844,3000
37845,37845,1500
37846,37846,3000
37847,37847,3000
37848,37848,2500
37849,37849,1500
37850,37850,1000
37851,37851,1500
37852,37852,2500
37853,37853,1500
37854,37854,3000
37855,37855,2500
37856,37856,3000
37857,37857,1500
37858,37858,500
37859,37859,1500
37860,37860,1000
37861,37861,3000
37862,37862,2500
37863,37863,3000
37864,37864,3000
37865,37865,2000
37866,37866,500
37867,37867,3000
37868,37868,1500
37869,37869,500
37870,37870,1500
37871,37871,1000
37872,37872,2500
37873,37873,1500
37874,37874,3000
37875,37875,3000
37876,37876,2000
37877,37877,3000
37878,37878,2000
37879,37879,500
37880,37880,500
37881,37881,1000
37882,37882,2000
37883,37883,3000
37884,37884,1000
37885,37885,500
37886,37886,1500
37887,37887,500
37888,37888,2000
37889,37889,2000
37890,37890,500
37891,37891,1500
37892,37892,3000
37893,37893,2000
37894,37894,1000
37895,37895,2000
37896,37896,3000
37897,37897,1500
37898,37898,2000
37899,37899,3000
37900,37900,3000
37901,37901,3000
37902,37902,1500
37903,37903,1500
37904,37904,3000
37905,37905,500
37906,37906,500
37907,37907,3000
37908,37908,3000
37909,37909,1000
37910,37910,1500
37911,37911,1500
37912,37912,500
37913,37913,1500
37914,37914,1000
37915,37915,1000
37916,37916,500
37917,37917,1500
37918,37918,1000
37919,37919,3000
37920,37920,3000
37921,37921,1500
37922,37922,3000
37923,37923,3000
37924,37924,1500
37925,37925,1000
37926,37926,3000
37927,37927,500
37928,37928,1500
37929,37929,2000
37930,37930,1000
37931,37931,1500
37932,37932,1500
37933,37933,2000
37934,37934,2000
37935,37935,3000
37936,37936,3000
37937,37937,1500
37938,37938,3000
37939,37939,2000
37940,37940,500
37941,37941,2000
37942,37942,3000
37943,37943,3000
37944,37944,3000
37945,37945,500
37946,37946,3000
37947,37947,3000
37948,37948,2000
37949,37949,2000
37950,37950,3000
37951,37951,1500
37952,37952,1500
37953,37953,2000
37954,37954,2500
37955,37955,3000
37956,37956,3000
37957,37957,3000
37958,37958,500
37959,37959,3000
37960,37960,3000
37961,37961,3000
37962,37962,3000
37963,37963,500
37964,37964,3000
37965,37965,2000
37966,37966,3000
37967,37967,1000
37968,37968,2000
37969,37969,2000
37970,37970,1500
37971,37971,1500
37972,37972,3000
37973,37973,500
37974,37974,1500
37975,37975,1000
37976,37976,1500
37977,37977,3000
37978,37978,3000
37979,37979,2500
37980,37980,1000
37981,37981,500
37982,37982,1000
37983,37983,1500
37984,37984,1000
37985,37985,1500
37986,37986,3000
37987,37987,2500
37988,37988,1500
37989,37989,3000
37990,37990,1500
37991,37991,1000
37992,37992,3000
37993,37993,1500
37994,37994,1500
37995,37995,2000
37996,37996,1500
37997,37997,3000
37998,37998,1000
37999,37999,500
38000,38000,500
38001,38001,3000
38002,38002,1500
38003,38003,1000
38004,38004,1000
38005,38005,500
38006,38006,3000
38007,38007,1500
38008,38008,3000
38009,38009,2500
38010,38010,1000
38011,38011,2500
38012,38012,1500
38013,38013,1500
38014,38014,3000
38015,38015,2500
38016,38016,2500
38017,38017,500
38018,38018,2500
38019,38019,3000
38020,38020,1000
38021,38021,2500
38022,38022,1500
38023,38023,1000
38024,38024,2500
38025,38025,3000
38026,38026,1500
38027,38027,500
38028,38028,1500
38029,38029,2000
38030,38030,3000
38031,38031,2500
38032,38032,2000
38033,38033,1000
38034,38034,500
38035,38035,3000
38036,38036,3000
38037,38037,3000
38038,38038,3000
38039,38039,3000
38040,38040,1000
38041,38041,3000
38042,38042,1000
38043,38043,2500
38044,38044,500
38045,38045,1000
38046,38046,2000
38047,38047,3000
38048,38048,1000
38049,38049,500
38050,38050,1500
38051,38051,2000
38052,38052,1500
38053,38053,1500
38054,38054,3000
38055,38055,1500
38056,38056,1500
38057,38057,3000
38058,38058,1000
38059,38059,3000
38060,38060,2000
38061,38061,1500
38062,38062,2000
38063,38063,3000
38064,38064,2000
38065,38065,2000
38066,38066,3000
38067,38067,2500
38068,38068,1500
38069,38069,2500
38070,38070,1000
38071,38071,1000
38072,38072,2500
38073,38073,1500
38074,38074,1500
38075,38075,2000
38076,38076,3000
38077,38077,500
38078,38078,500
38079,38079,2000
38080,38080,1500
38081,38081,3000
38082,38082,3000
38083,38083,1000
38084,38084,1500
38085,38085,3000
38086,38086,1000
38087,38087,3000
38088,38088,3000
38089,38089,2500
38090,38090,1000
38091,38091,1000
38092,38092,3000
38093,38093,2000
38094,38094,3000
38095,38095,3000
38096,38096,3000
38097,38097,2500
38098,38098,2000
38099,38099,2500
38100,38100,3000
38101,38101,3000
38102,38102,1500
38103,38103,2000
38104,38104,500
38105,38105,500
38106,38106,2500
38107,38107,3000
38108,38108,2000
38109,38109,3000
38110,38110,3000
38111,38111,500
38112,38112,3000
38113,38113,1500
38114,38114,1500
38115,38115,3000
38116,38116,500
38117,38117,3000
38118,38118,1500
38119,38119,1500
38120,38120,3000
38121,38121,3000
38122,38122,1000
38123,38123,3000
38124,38124,1500
38125,38125,1000
38126,38126,3000
38127,38127,3000
38128,38128,3000
38129,38129,2500
38130,38130,2500
38131,38131,500
38132,38132,2500
38133,38133,500
38134,38134,1000
38135,38135,1500
38136,38136,3000
38137,38137,2500
38138,38138,3000
38139,38139,2500
38140,38140,3000
38141,38141,3000
38142,38142,3000
38143,38143,3000
38144,38144,1500
38145,38145,500
38146,38146,2000
38147,38147,3000
38148,38148,1500
38149,38149,1500
38150,38150,3000
38151,38151,3000
38152,38152,500
38153,38153,500
38154,38154,3000
38155,38155,1000
38156,38156,3000
38157,38157,2000
38158,38158,2500
38159,38159,1500
38160,38160,2000
38161,38161,500
38162,38162,1500
38163,38163,2000
38164,38164,1500
38165,38165,1000
38166,38166,1500
38167,38167,2500
38168,38168,2000
38169,38169,3000
38170,38170,500
38171,38171,1000
38172,38172,1500
38173,38173,3000
38174,38174,2500
38175,38175,1500
38176,38176,3000
38177,38177,2500
38178,38178,2500
38179,38179,2500
38180,38180,3000
38181,38181,1000
38182,38182,500
38183,38183,1500
38184,38184,1500
38185,38185,500
38186,38186,2000
38187,38187,1500
38188,38188,1000
38189,38189,3000
38190,38190,1000
38191,38191,1000
38192,38192,1500
38193,38193,1500
38194,38194,500
38195,38195,3000
38196,38196,1000
38197,38197,1000
38198,38198,3000
38199,38199,3000
38200,38200,500
38201,38201,1500
38202,38202,1500
38203,38203,1000
38204,38204,1500
38205,38205,1500
38206,38206,3000
38207,38207,2500
38208,38208,3000
38209,38209,1500
38210,38210,1500
38211,38211,3000
38212,38212,1000
38213,38213,1500
38214,38214,2000
38215,38215,3000
38216,38216,1500
38217,38217,3000
38218,38218,3000
38219,38219,1500
38220,38220,1500
38221,38221,1500
38222,38222,2000
38223,38223,3000
38224,38224,1500
38225,38225,2000
38226,38226,1000
38227,38227,2000
38228,38228,2500
38229,38229,3000
38230,38230,500
38231,38231,500
38232,38232,3000
38233,38233,1500
38234,38234,500
38235,38235,1000
38236,38236,3000
38237,38237,1500
38238,38238,3000
38239,38239,500
38240,38240,2000
38241,38241,3000
38242,38242,1500
38243,38243,1500
38244,38244,3000
38245,38245,500
38246,38246,2000
38247,38247,1500
38248,38248,3000
38249,38249,3000
38250,38250,3000
38251,38251,3000
38252,38252,3000
38253,38253,1500
38254,38254,2000
38255,38255,3000
38256,38256,1500
38257,38257,1500
38258,38258,500
38259,38259,1500
38260,38260,3000
38261,38261,1000
38262,38262,3000
38263,38263,1000
38264,38264,3000
38265,38265,3000
38266,38266,3000
38267,38267,2500
38268,38268,500
38269,38269,3000
38270,38270,2000
38271,38271,500
38272,38272,500
38273,38273,500
38274,38274,1000
38275,38275,3000
38276,38276,500
38277,38277,3000
38278,38278,3000
38279,38279,2500
38280,38280,3000
38281,38281,3000
38282,38282,3000
38283,38283,1000
38284,38284,1500
38285,38285,1000
38286,38286,1500
38287,38287,2500
38288,38288,500
38289,38289,2000
38290,38290,3000
38291,38291,500
38292,38292,2500
38293,38293,1000
38294,38294,3000
38295,38295,500
38296,38296,500
38297,38297,1000
38298,38298,2000
38299,38299,1500
38300,38300,2000
38301,38301,1500
38302,38302,2500
38303,38303,2500
38304,38304,1500
38305,38305,500
38306,38306,1500
38307,38307,1500
38308,38308,3000
38309,38309,2500
38310,38310,1000
38311,38311,3000
38312,38312,500
38313,38313,2000
38314,38314,3000
38315,38315,3000
38316,38316,2000
38317,38317,1500
38318,38318,3000
38319,38319,3000
38320,38320,3000
38321,38321,1000
38322,38322,1500
38323,38323,1500
38324,38324,1500
38325,38325,1500
38326,38326,1500
38327,38327,2500
38328,38328,3000
38329,38329,3000
38330,38330,3000
38331,38331,2500
38332,38332,1500
38333,38333,500
38334,38334,1000
38335,38335,3000
38336,38336,3000
38337,38337,1500
38338,38338,3000
38339,38339,1500
38340,38340,1000
38341,38341,2000
38342,38342,500
38343,38343,1500
38344,38344,1500
38345,38345,1500
38346,38346,3000
38347,38347,3000
38348,38348,500
38349,38349,3000
38350,38350,3000
38351,38351,2000
38352,38352,1500
38353,38353,1500
38354,38354,1500
38355,38355,1500
38356,38356,1000
38357,38357,3000
38358,38358,500
38359,38359,3000
38360,38360,3000
38361,38361,500
38362,38362,1500
38363,38363,1000
38364,38364,3000
38365,38365,500
38366,38366,1500
38367,38367,1500
38368,38368,2000
38369,38369,3000
38370,38370,1500
38371,38371,2500
38372,38372,3000
38373,38373,2500
38374,38374,3000
38375,38375,3000
38376,38376,2500
38377,38377,3000
38378,38378,3000
38379,38379,3000
38380,38380,1500
38381,38381,1000
38382,38382,2000
38383,38383,500
38384,38384,1500
38385,38385,3000
38386,38386,1000
38387,38387,3000
38388,38388,3000
38389,38389,3000
38390,38390,1000
38391,38391,3000
38392,38392,2000
38393,38393,3000
38394,38394,500
38395,38395,3000
38396,38396,3000
38397,38397,3000
38398,38398,2500
38399,38399,3000
38400,38400,3000
38401,38401,1500
38402,38402,1000
38403,38403,1500
38404,38404,2000
38405,38405,3000
38406,38406,2000
38407,38407,2500
38408,38408,500
38409,38409,2000
38410,38410,2500
38411,38411,1000
38412,38412,2500
38413,38413,3000
38414,38414,1500
38415,38415,2000
38416,38416,1500
38417,38417,2500
38418,38418,500
38419,38419,1500
38420,38420,3000
38421,38421,3000
38422,38422,1000
38423,38423,1000
38424,38424,3000
38425,38425,3000
38426,38426,2000
38427,38427,3000
38428,38428,2500
38429,38429,2500
38430,38430,2000
38431,38431,2500
38432,38432,3000
38433,38433,3000
38434,38434,3000
38435,38435,3000
38436,38436,1500
38437,38437,3000
38438,38438,3000
38439,38439,1500
38440,38440,3000
38441,38441,3000
38442,38442,2500
38443,38443,2500
38444,38444,3000
38445,38445,1500
38446,38446,500
38447,38447,3000
38448,38448,2500
38449,38449,1500
38450,38450,1000
38451,38451,3000
38452,38452,3000
38453,38453,3000
38454,38454,2000
38455,38455,1500
38456,38456,3000
38457,38457,1500
38458,38458,1500
38459,38459,1500
38460,38460,3000
38461,38461,1000
38462,38462,1500
38463,38463,2500
38464,38464,2500
38465,38465,1500
38466,38466,3000
38467,38467,1500
38468,38468,500
38469,38469,1000
38470,38470,3000
38471,38471,1500
38472,38472,3000
38473,38473,1500
38474,38474,500
38475,38475,2500
38476,38476,1500
38477,38477,2500
38478,38478,1500
38479,38479,3000
38480,38480,3000
38481,38481,2500
38482,38482,1000
38483,38483,3000
38484,38484,3000
38485,38485,3000
38486,38486,2000
38487,38487,2500
38488,38488,1500
38489,38489,2500
38490,38490,3000
38491,38491,3000
38492,38492,1000
38493,38493,2500
38494,38494,1000
38495,38495,500
38496,38496,500
38497,38497,2500
38498,38498,1000
38499,38499,1000
38500,38500,500
38501,38501,2000
38502,38502,2500
38503,38503,3000
38504,38504,500
38505,38505,3000
38506,38506,3000
38507,38507,3000
38508,38508,1000
38509,38509,3000
38510,38510,500
38511,38511,1000
38512,38512,3000
38513,38513,3000
38514,38514,1500
38515,38515,3000
38516,38516,1500
38517,38517,500
38518,38518,3000
38519,38519,2000
38520,38520,500
38521,38521,1500
38522,38522,3000
38523,38523,1000
38524,38524,3000
38525,38525,2000
38526,38526,2500
38527,38527,1500
38528,38528,1500
38529,38529,1500
38530,38530,3000
38531,38531,3000
38532,38532,3000
38533,38533,2000
38534,38534,3000
38535,38535,1000
38536,38536,3000
38537,38537,3000
38538,38538,2500
38539,38539,3000
38540,38540,2000
38541,38541,1500
38542,38542,2000
38543,38543,1500
38544,38544,1500
38545,38545,1500
38546,38546,3000
38547,38547,3000
38548,38548,1500
38549,38549,3000
38550,38550,500
38551,38551,3000
38552,38552,500
38553,38553,3000
38554,38554,1500
38555,38555,1500
38556,38556,1500
38557,38557,1000
38558,38558,3000
38559,38559,3000
38560,38560,1000
38561,38561,2000
38562,38562,2000
38563,38563,1500
38564,38564,3000
38565,38565,2500
38566,38566,1500
38567,38567,1500
38568,38568,1500
38569,38569,3000
38570,38570,2000
38571,38571,2500
38572,38572,500
38573,38573,500
38574,38574,3000
38575,38575,3000
38576,38576,2000
38577,38577,3000
38578,38578,3000
38579,38579,2500
38580,38580,1500
38581,38581,3000
38582,38582,2000
38583,38583,1500
38584,38584,2500
38585,38585,3000
38586,38586,3000
38587,38587,3000
38588,38588,2000
38589,38589,500
38590,38590,2000
38591,38591,3000
38592,38592,3000
38593,38593,2500
38594,38594,1000
38595,38595,1000
38596,38596,1500
38597,38597,1500
38598,38598,3000
38599,38599,1500
38600,38600,3000
38601,38601,1500
38602,38602,2500
38603,38603,2000
38604,38604,1500
38605,38605,2000
38606,38606,3000
38607,38607,3000
38608,38608,1500
38609,38609,1000
38610,38610,3000
38611,38611,2000
38612,38612,1500
38613,38613,2000
38614,38614,1000
38615,38615,3000
38616,38616,1000
38617,38617,2500
38618,38618,1500
38619,38619,1500
38620,38620,3000
38621,38621,3000
38622,38622,3000
38623,38623,3000
38624,38624,2500
38625,38625,3000
38626,38626,2500
38627,38627,2000
38628,38628,1500
38629,38629,2500
38630,38630,500
38631,38631,3000
38632,38632,1500
38633,38633,500
38634,38634,3000
38635,38635,1500
38636,38636,1000
38637,38637,500
38638,38638,3000
38639,38639,3000
38640,38640,2500
38641,38641,500
38642,38642,1000
38643,38643,2500
38644,38644,3000
38645,38645,1500
38646,38646,1500
38647,38647,2500
38648,38648,2000
38649,38649,500
38650,38650,3000
38651,38651,1000
38652,38652,1500
38653,38653,3000
38654,38654,2500
38655,38655,3000
38656,38656,2000
38657,38657,2000
38658,38658,3000
38659,38659,1500
38660,38660,500
38661,38661,1500
38662,38662,2000
38663,38663,1500
38664,38664,500
38665,38665,1000
38666,38666,1000
38667,38667,3000
38668,38668,3000
38669,38669,3000
38670,38670,3000
38671,38671,500
38672,38672,3000
38673,38673,2500
38674,38674,1500
38675,38675,1000
38676,38676,2000
38677,38677,1500
38678,38678,3000
38679,38679,3000
38680,38680,500
38681,38681,3000
38682,38682,3000
38683,38683,3000
38684,38684,2000
38685,38685,2000
38686,38686,1500
38687,38687,1000
38688,38688,500
38689,38689,3000
38690,38690,1000
38691,38691,1500
38692,38692,3000
38693,38693,3000
38694,38694,3000
38695,38695,3000
38696,38696,3000
38697,38697,3000
38698,38698,2500
38699,38699,3000
38700,38700,2500
38701,38701,1500
38702,38702,1500
38703,38703,3000
38704,38704,3000
38705,38705,2500
38706,38706,3000
38707,38707,1000
38708,38708,500
38709,38709,500
38710,38710,500
38711,38711,3000
38712,38712,3000
38713,38713,2500
38714,38714,1500
38715,38715,2500
38716,38716,1500
38717,38717,3000
38718,38718,2000
38719,38719,2000
38720,38720,3000
38721,38721,2000
38722,38722,2500
38723,38723,500
38724,38724,2000
38725,38725,1500
38726,38726,2000
38727,38727,1500
38728,38728,1500
38729,38729,2000
38730,38730,2500
38731,38731,1000
38732,38732,2500
38733,38733,1500
38734,38734,1000
38735,38735,2500
38736,38736,500
38737,38737,2000
38738,38738,1500
38739,38739,3000
38740,38740,1000
38741,38741,3000
38742,38742,3000
38743,38743,3000
38744,38744,3000
38745,38745,3000
38746,38746,1500
38747,38747,500
38748,38748,2000
38749,38749,1500
38750,38750,1500
38751,38751,2000
38752,38752,3000
38753,38753,3000
38754,38754,2500
38755,38755,3000
38756,38756,3000
38757,38757,3000
38758,38758,3000
38759,38759,2500
38760,38760,3000
38761,38761,3000
38762,38762,3000
38763,38763,3000
38764,38764,3000
38765,38765,500
38766,38766,1500
38767,38767,1500
38768,38768,3000
38769,38769,3000
38770,38770,2000
38771,38771,500
38772,38772,1500
38773,38773,2000
38774,38774,3000
38775,38775,2500
38776,38776,3000
38777,38777,1500
38778,38778,3000
38779,38779,1500
38780,38780,3000
38781,38781,2500
38782,38782,2500
38783,38783,3000
38784,38784,2500
38785,38785,1500
38786,38786,3000
38787,38787,1500
38788,38788,3000
38789,38789,2000
38790,38790,2000
38791,38791,3000
38792,38792,3000
38793,38793,1000
38794,38794,2500
38795,38795,2500
38796,38796,3000
38797,38797,3000
38798,38798,3000
38799,38799,3000
38800,38800,3000
38801,38801,3000
38802,38802,3000
38803,38803,2000
38804,38804,2500
38805,38805,3000
38806,38806,3000
38807,38807,3000
38808,38808,1500
38809,38809,1500
38810,38810,3000
38811,38811,1500
38812,38812,3000
38813,38813,3000
38814,38814,500
38815,38815,1500
38816,38816,1000
38817,38817,1000
38818,38818,1000
38819,38819,3000
38820,38820,2500
38821,38821,3000
38822,38822,1000
38823,38823,500
38824,38824,500
38825,38825,2000
38826,38826,1000
38827,38827,3000
38828,38828,500
38829,38829,3000
38830,38830,1500
38831,38831,2000
38832,38832,3000
38833,38833,1500
38834,38834,1500
38835,38835,1500
38836,38836,500
38837,38837,500
38838,38838,1500
38839,38839,3000
38840,38840,3000
38841,38841,2500
38842,38842,2500
38843,38843,2500
38844,38844,3000
38845,38845,1500
38846,38846,2000
38847,38847,3000
38848,38848,2000
38849,38849,2000
38850,38850,2500
38851,38851,3000
38852,38852,1500
38853,38853,1000
38854,38854,2000
38855,38855,2000
38856,38856,1500
38857,38857,3000
38858,38858,1500
38859,38859,3000
38860,38860,500
38861,38861,1500
38862,38862,1500
38863,38863,3000
38864,38864,500
38865,38865,3000
38866,38866,2000
38867,38867,2000
38868,38868,2000
38869,38869,2000
38870,38870,3000
38871,38871,3000
38872,38872,1500
38873,38873,500
38874,38874,3000
38875,38875,500
38876,38876,500
38877,38877,2000
38878,38878,3000
38879,38879,1500
38880,38880,500
38881,38881,3000
38882,38882,3000
38883,38883,1500
38884,38884,3000
38885,38885,2000
38886,38886,2000
38887,38887,2000
38888,38888,1500
38889,38889,3000
38890,38890,1000
38891,38891,3000
38892,38892,3000
38893,38893,1500
38894,38894,3000
38895,38895,1500
38896,38896,2500
38897,38897,3000
38898,38898,3000
38899,38899,3000
38900,38900,2000
38901,38901,3000
38902,38902,3000
38903,38903,500
38904,38904,1500
38905,38905,3000
38906,38906,1500
38907,38907,2000
38908,38908,1500
38909,38909,1500
38910,38910,2000
38911,38911,1500
38912,38912,3000
38913,38913,3000
38914,38914,3000
38915,38915,3000
38916,38916,1000
38917,38917,2000
38918,38918,500
38919,38919,2500
38920,38920,3000
38921,38921,1000
38922,38922,1500
38923,38923,1000
38924,38924,3000
38925,38925,3000
38926,38926,1500
38927,38927,2000
38928,38928,500
38929,38929,2500
38930,38930,3000
38931,38931,1500
38932,38932,3000
38933,38933,3000
38934,38934,2000
38935,38935,3000
38936,38936,2000
38937,38937,3000
38938,38938,1500
38939,38939,2000
38940,38940,3000
38941,38941,3000
38942,38942,2000
38943,38943,3000
38944,38944,500
38945,38945,1000
38946,38946,500
38947,38947,2000
38948,38948,3000
38949,38949,2000
38950,38950,2500
38951,38951,500
38952,38952,1500
38953,38953,3000
38954,38954,3000
38955,38955,500
38956,38956,500
38957,38957,1000
38958,38958,1000
38959,38959,500
38960,38960,1000
38961,38961,1000
38962,38962,1000
38963,38963,3000
38964,38964,3000
38965,38965,2500
38966,38966,1500
38967,38967,3000
38968,38968,1500
38969,38969,3000
38970,38970,3000
38971,38971,1500
38972,38972,3000
38973,38973,1500
38974,38974,1000
38975,38975,3000
38976,38976,500
38977,38977,1500
38978,38978,1500
38979,38979,3000
38980,38980,1500
38981,38981,2000
38982,38982,2000
38983,38983,3000
38984,38984,3000
38985,38985,3000
38986,38986,1000
38987,38987,2000
38988,38988,1500
38989,38989,1500
38990,38990,2000
38991,38991,1500
38992,38992,3000
38993,38993,1500
38994,38994,1000
38995,38995,3000
38996,38996,3000
38997,38997,2500
38998,38998,3000
38999,38999,2000
39000,39000,3000
39001,39001,3000
39002,39002,1000
39003,39003,2500
39004,39004,1000
39005,39005,1500
39006,39006,3000
39007,39007,1000
39008,39008,1500
39009,39009,1500
39010,39010,3000
39011,39011,1000
39012,39012,2500
39013,39013,2500
39014,39014,2000
39015,39015,500
39016,39016,2500
39017,39017,3000
39018,39018,3000
39019,39019,1500
39020,39020,500
39021,39021,1500
39022,39022,3000
39023,39023,3000
39024,39024,2000
39025,39025,3000
39026,39026,2000
39027,39027,2000
39028,39028,3000
39029,39029,1000
39030,39030,2500
39031,39031,1500
39032,39032,500
39033,39033,2000
39034,39034,3000
39035,39035,1000
39036,39036,1000
39037,39037,1000
39038,39038,3000
39039,39039,2500
39040,39040,2000
39041,39041,2000
39042,39042,3000
39043,39043,3000
39044,39044,3000
39045,39045,3000
39046,39046,2500
39047,39047,500
39048,39048,3000
39049,39049,1500
39050,39050,1500
39051,39051,3000
39052,39052,3000
39053,39053,1500
39054,39054,3000
39055,39055,2500
39056,39056,2000
39057,39057,1000
39058,39058,3000
39059,39059,1500
39060,39060,1500
39061,39061,3000
39062,39062,1000
39063,39063,3000
39064,39064,3000
39065,39065,2000
39066,39066,3000
39067,39067,1500
39068,39068,1000
39069,39069,2500
39070,39070,3000
39071,39071,2000
39072,39072,500
39073,39073,1500
39074,39074,2000
39075,39075,3000
39076,39076,3000
39077,39077,3000
39078,39078,2000
39079,39079,3000
39080,39080,1500
39081,39081,2500
39082,39082,1000
39083,39083,1000
39084,39084,2500
39085,39085,3000
39086,39086,2500
39087,39087,1000
39088,39088,3000
39089,39089,3000
39090,39090,3000
39091,39091,3000
39092,39092,2500
39093,39093,1500
39094,39094,2000
39095,39095,1500
39096,39096,500
39097,39097,1000
39098,39098,3000
39099,39099,2500
39100,39100,3000
39101,39101,3000
39102,39102,2500
39103,39103,1500
39104,39104,2500
39105,39105,1500
39106,39106,3000
39107,39107,3000
39108,39108,1000
39109,39109,3000
39110,39110,1500
39111,39111,3000
39112,39112,2500
39113,39113,2500
39114,39114,1500
39115,39115,2500
39116,39116,3000
39117,39117,1000
39118,39118,1500
39119,39119,3000
39120,39120,500
39121,39121,3000
39122,39122,3000
39123,39123,3000
39124,39124,2500
39125,39125,3000
39126,39126,1000
39127,39127,2000
39128,39128,500
39129,39129,1500
39130,39130,1500
39131,39131,2000
39132,39132,3000
39133,39133,3000
39134,39134,1500
39135,39135,1000
39136,39136,500
39137,39137,2000
39138,39138,2500
39139,39139,1500
39140,39140,3000
39141,39141,3000
39142,39142,1500
39143,39143,2000
39144,39144,500
39145,39145,1000
39146,39146,3000
39147,39147,2000
39148,39148,3000
39149,39149,2000
39150,39150,1500
39151,39151,3000
39152,39152,3000
39153,39153,3000
39154,39154,2000
39155,39155,1000
39156,39156,3000
39157,39157,2000
39158,39158,500
39159,39159,3000
39160,39160,2000
39161,39161,2000
39162,39162,2500
39163,39163,500
39164,39164,3000
39165,39165,1500
39166,39166,2500
39167,39167,2500
39168,39168,3000
39169,39169,3000
39170,39170,1500
39171,39171,3000
39172,39172,3000
39173,39173,3000
39174,39174,1500
39175,39175,3000
39176,39176,500
39177,39177,3000
39178,39178,3000
39179,39179,3000
39180,39180,1500
39181,39181,3000
39182,39182,2500
39183,39183,3000
39184,39184,1500
39185,39185,3000
39186,39186,1500
39187,39187,3000
39188,39188,500
39189,39189,3000
39190,39190,1500
39191,39191,2500
39192,39192,1000
39193,39193,1000
39194,39194,3000
39195,39195,3000
39196,39196,3000
39197,39197,1000
39198,39198,3000
39199,39199,3000
39200,39200,1500
39201,39201,1500
39202,39202,1500
39203,39203,2000
39204,39204,500
39205,39205,2000
39206,39206,3000
39207,39207,3000
39208,39208,1500
39209,39209,500
39210,39210,2500
39211,39211,1500
39212,39212,2500
39213,39213,1500
39214,39214,3000
39215,39215,3000
39216,39216,1000
39217,39217,1500
39218,39218,1000
39219,39219,1000
39220,39220,1500
39221,39221,2500
39222,39222,1000
39223,39223,3000
39224,39224,2000
39225,39225,2000
39226,39226,3000
39227,39227,2000
39228,39228,2500
39229,39229,1000
39230,39230,1500
39231,39231,500
39232,39232,1000
39233,39233,3000
39234,39234,1000
39235,39235,1500
39236,39236,1500
39237,39237,1500
39238,39238,2000
39239,39239,1000
39240,39240,1500
39241,39241,1500
39242,39242,2000
39243,39243,1500
39244,39244,3000
39245,39245,2000
39246,39246,2000
39247,39247,1000
39248,39248,2000
39249,39249,1500
39250,39250,1000
39251,39251,3000
39252,39252,3000
39253,39253,1500
39254,39254,2000
39255,39255,1000
39256,39256,1000
39257,39257,2000
39258,39258,3000
39259,39259,1500
39260,39260,1500
39261,39261,3000
39262,39262,1500
39263,39263,2500
39264,39264,2000
39265,39265,2000
39266,39266,2000
39267,39267,1500
39268,39268,3000
39269,39269,1500
39270,39270,1500
39271,39271,500
39272,39272,500
39273,39273,2000
39274,39274,2500
39275,39275,3000
39276,39276,2500
39277,39277,1000
39278,39278,2000
39279,39279,2000
39280,39280,500
39281,39281,2500
39282,39282,2000
39283,39283,1000
39284,39284,3000
39285,39285,1500
39286,39286,3000
39287,39287,3000
39288,39288,2500
39289,39289,1500
39290,39290,500
39291,39291,500
39292,39292,3000
39293,39293,500
39294,39294,1500
39295,39295,2500
39296,39296,1500
39297,39297,1500
39298,39298,1500
39299,39299,1000
39300,39300,3000
39301,39301,3000
39302,39302,1000
39303,39303,1500
39304,39304,3000
39305,39305,1500
39306,39306,3000
39307,39307,1000
39308,39308,2500
39309,39309,1500
39310,39310,1000
39311,39311,500
39312,39312,2000
39313,39313,1500
39314,39314,1500
39315,39315,1000
39316,39316,1000
39317,39317,1500
39318,39318,1000
39319,39319,1000
39320,39320,1000
39321,39321,1000
39322,39322,1000
39323,39323,3000
39324,39324,1000
39325,39325,3000
39326,39326,3000
39327,39327,1500
39328,39328,500
39329,39329,1500
39330,39330,1500
39331,39331,2500
39332,39332,500
39333,39333,1000
39334,39334,1000
39335,39335,1500
39336,39336,1500
39337,39337,500
39338,39338,2500
39339,39339,3000
39340,39340,3000
39341,39341,1500
39342,39342,1500
39343,39343,1500
39344,39344,2000
39345,39345,2000
39346,39346,3000
39347,39347,1000
39348,39348,2000
39349,39349,3000
39350,39350,3000
39351,39351,2500
39352,39352,2500
39353,39353,1500
39354,39354,3000
39355,39355,2500
39356,39356,3000
39357,39357,1500
39358,39358,1000
39359,39359,3000
39360,39360,3000
39361,39361,3000
39362,39362,1500
39363,39363,3000
39364,39364,3000
39365,39365,3000
39366,39366,1500
39367,39367,1000
39368,39368,3000
39369,39369,3000
39370,39370,2500
39371,39371,3000
39372,39372,2000
39373,39373,2500
39374,39374,1500
39375,39375,3000
39376,39376,3000
39377,39377,3000
39378,39378,3000
39379,39379,3000
39380,39380,500
39381,39381,2000
39382,39382,1500
39383,39383,1500
39384,39384,2500
39385,39385,1500
39386,39386,3000
39387,39387,2000
39388,39388,2500
39389,39389,2500
39390,39390,3000
39391,39391,3000
39392,39392,3000
39393,39393,3000
39394,39394,2500
39395,39395,2500
39396,39396,1000
39397,39397,1500
39398,39398,2500
39399,39399,2500
39400,39400,1500
39401,39401,3000
39402,39402,500
39403,39403,3000
39404,39404,2000
39405,39405,2500
39406,39406,1500
39407,39407,1500
39408,39408,500
39409,39409,3000
39410,39410,3000
39411,39411,3000
39412,39412,3000
39413,39413,3000
39414,39414,2000
39415,39415,1500
39416,39416,500
39417,39417,2000
39418,39418,1000
39419,39419,2500
39420,39420,2500
39421,39421,1000
39422,39422,2000
39423,39423,1000
39424,39424,3000
39425,39425,2500
39426,39426,2500
39427,39427,3000
39428,39428,500
39429,39429,1500
39430,39430,1500
39431,39431,3000
39432,39432,2000
39433,39433,500
39434,39434,2500
39435,39435,500
39436,39436,2500
39437,39437,3000
39438,39438,2000
39439,39439,2000
39440,39440,2500
39441,39441,3000
39442,39442,3000
39443,39443,3000
39444,39444,1500
39445,39445,500
39446,39446,3000
39447,39447,2500
39448,39448,2500
39449,39449,3000
39450,39450,1500
39451,39451,1500
39452,39452,1500
39453,39453,2500
39454,39454,3000
39455,39455,2500
39456,39456,500
39457,39457,2500
39458,39458,1000
39459,39459,3000
39460,39460,500
39461,39461,2500
39462,39462,3000
39463,39463,1000
39464,39464,1500
39465,39465,3000
39466,39466,1500
39467,39467,1000
39468,39468,2500
39469,39469,2000
39470,39470,3000
39471,39471,3000
39472,39472,1000
39473,39473,2500
39474,39474,3000
39475,39475,3000
39476,39476,1000
39477,39477,2500
39478,39478,1500
39479,39479,1500
39480,39480,1500
39481,39481,1000
39482,39482,2500
39483,39483,2000
39484,39484,3000
39485,39485,2000
39486,39486,3000
39487,39487,2000
39488,39488,1500
39489,39489,1500
39490,39490,2000
39491,39491,2500
39492,39492,2000
39493,39493,1500
39494,39494,1000
39495,39495,3000
39496,39496,2000
39497,39497,1500
39498,39498,500
39499,39499,3000
39500,39500,1500
39501,39501,1500
39502,39502,1000
39503,39503,2500
39504,39504,500
39505,39505,3000
39506,39506,1500
39507,39507,500
39508,39508,3000
39509,39509,1500
39510,39510,1500
39511,39511,3000
39512,39512,3000
39513,39513,3000
39514,39514,1000
39515,39515,3000
39516,39516,500
39517,39517,3000
39518,39518,2000
39519,39519,1000
39520,39520,500
39521,39521,3000
39522,39522,1500
39523,39523,3000
39524,39524,500
39525,39525,1000
39526,39526,1000
39527,39527,2000
39528,39528,1000
39529,39529,2000
39530,39530,1500
39531,39531,1500
39532,39532,3000
39533,39533,2000
39534,39534,2500
39535,39535,3000
39536,39536,2000
39537,39537,1000
39538,39538,3000
39539,39539,3000
39540,39540,2000
39541,39541,3000
39542,39542,3000
39543,39543,2000
39544,39544,1000
39545,39545,1500
39546,39546,3000
39547,39547,3000
39548,39548,3000
39549,39549,500
39550,39550,500
39551,39551,2500
39552,39552,3000
39553,39553,2000
39554,39554,1500
39555,39555,2000
39556,39556,1500
39557,39557,1000
39558,39558,1500
39559,39559,1000
39560,39560,2500
39561,39561,1500
39562,39562,500
39563,39563,1500
39564,39564,3000
39565,39565,3000
39566,39566,1000
39567,39567,1500
39568,39568,1500
39569,39569,1500
39570,39570,2000
39571,39571,1000
39572,39572,1500
39573,39573,2500
39574,39574,1500
39575,39575,3000
39576,39576,500
39577,39577,3000
39578,39578,1500
39579,39579,3000
39580,39580,1000
39581,39581,3000
39582,39582,500
39583,39583,1500
39584,39584,2000
39585,39585,2500
39586,39586,3000
39587,39587,2000
39588,39588,500
39589,39589,3000
39590,39590,1500
39591,39591,3000
39592,39592,2500
39593,39593,2500
39594,39594,2500
39595,39595,1500
39596,39596,2500
39597,39597,1500
39598,39598,1500
39599,39599,3000
39600,39600,3000
39601,39601,1500
39602,39602,500
39603,39603,1500
39604,39604,3000
39605,39605,1500
39606,39606,1000
39607,39607,3000
39608,39608,1500
39609,39609,3000
39610,39610,1500
39611,39611,500
39612,39612,1500
39613,39613,2500
39614,39614,3000
39615,39615,1500
39616,39616,1000
39617,39617,1500
39618,39618,2500
39619,39619,3000
39620,39620,1500
39621,39621,3000
39622,39622,500
39623,39623,500
39624,39624,3000
39625,39625,2000
39626,39626,2500
39627,39627,1500
39628,39628,500
39629,39629,3000
39630,39630,3000
39631,39631,3000
39632,39632,1500
39633,39633,3000
39634,39634,500
39635,39635,3000
39636,39636,3000
39637,39637,500
39638,39638,2500
39639,39639,2000
39640,39640,2000
39641,39641,1500
39642,39642,1500
39643,39643,1000
39644,39644,1500
39645,39645,3000
39646,39646,1000
39647,39647,3000
39648,39648,500
39649,39649,2500
39650,39650,2500
39651,39651,500
39652,39652,3000
39653,39653,1000
39654,39654,3000
39655,39655,500
39656,39656,1000
39657,39657,2500
39658,39658,1000
39659,39659,3000
39660,39660,2000
39661,39661,2000
39662,39662,1000
39663,39663,1500
39664,39664,1500
39665,39665,3000
39666,39666,1000
39667,39667,500
39668,39668,1000
39669,39669,500
39670,39670,500
39671,39671,3000
39672,39672,500
39673,39673,1500
39674,39674,500
39675,39675,1000
39676,39676,2500
39677,39677,1500
39678,39678,3000
39679,39679,2000
39680,39680,1500
39681,39681,3000
39682,39682,2000
39683,39683,500
39684,39684,3000
39685,39685,3000
39686,39686,1000
39687,39687,3000
39688,39688,3000
39689,39689,1500
39690,39690,3000
39691,39691,500
39692,39692,2500
39693,39693,2500
39694,39694,500
39695,39695,500
39696,39696,500
39697,39697,1500
39698,39698,1000
39699,39699,2500
39700,39700,1500
39701,39701,1000
39702,39702,3000
39703,39703,3000
39704,39704,1500
39705,39705,1500
39706,39706,1500
39707,39707,3000
39708,39708,3000
39709,39709,3000
39710,39710,2000
39711,39711,3000
39712,39712,3000
39713,39713,2500
39714,39714,3000
39715,39715,1500
39716,39716,2500
39717,39717,3000
39718,39718,2500
39719,39719,1500
39720,39720,3000
39721,39721,1500
39722,39722,3000
39723,39723,2000
39724,39724,1500
39725,39725,1000
39726,39726,2500
39727,39727,2500
39728,39728,3000
39729,39729,3000
39730,39730,1500
39731,39731,3000
39732,39732,3000
39733,39733,1500
39734,39734,3000
39735,39735,2000
39736,39736,1000
39737,39737,2500
39738,39738,3000
39739,39739,3000
39740,39740,1500
39741,39741,3000
39742,39742,3000
39743,39743,3000
39744,39744,1500
39745,39745,3000
39746,39746,500
39747,39747,1500
39748,39748,1500
39749,39749,3000
39750,39750,1000
39751,39751,2000
39752,39752,3000
39753,39753,1000
39754,39754,1500
39755,39755,1000
39756,39756,1500
39757,39757,1500
39758,39758,500
39759,39759,1500
39760,39760,1000
39761,39761,3000
39762,39762,3000
39763,39763,1000
39764,39764,500
39765,39765,3000
39766,39766,2000
39767,39767,2000
39768,39768,3000
39769,39769,500
39770,39770,2000
39771,39771,500
39772,39772,1000
39773,39773,1500
39774,39774,500
39775,39775,1500
39776,39776,500
39777,39777,3000
39778,39778,1000
39779,39779,1500
39780,39780,3000
39781,39781,2000
39782,39782,3000
39783,39783,1500
39784,39784,1500
39785,39785,1500
39786,39786,2000
39787,39787,2500
39788,39788,1000
39789,39789,500
39790,39790,3000
39791,39791,3000
39792,39792,2500
39793,39793,3000
39794,39794,500
39795,39795,1500
39796,39796,3000
39797,39797,2000
39798,39798,1000
39799,39799,3000
39800,39800,2000
39801,39801,3000
39802,39802,2500
39803,39803,2500
39804,39804,500
39805,39805,3000
39806,39806,2500
39807,39807,2500
39808,39808,1000
39809,39809,1500
39810,39810,3000
39811,39811,1500
39812,39812,2500
39813,39813,3000
39814,39814,1500
39815,39815,1500
39816,39816,2500
39817,39817,1500
39818,39818,2500
39819,39819,2500
39820,39820,1500
39821,39821,1500
39822,39822,1500
39823,39823,1000
39824,39824,1500
39825,39825,1500
39826,39826,1500
39827,39827,1000
39828,39828,1500
39829,39829,3000
39830,39830,3000
39831,39831,2500
39832,39832,1000
39833,39833,3000
39834,39834,1500
39835,39835,1500
39836,39836,1000
39837,39837,500
39838,39838,1500
39839,39839,1500
39840,39840,1500
39841,39841,3000
39842,39842,2500
39843,39843,1500
39844,39844,500
39845,39845,1500
39846,39846,1500
39847,39847,2500
39848,39848,1000
39849,39849,3000
39850,39850,3000
39851,39851,3000
39852,39852,2000
39853,39853,500
39854,39854,1500
39855,39855,1500
39856,39856,3000
39857,39857,1500
39858,39858,3000
39859,39859,3000
39860,39860,1000
39861,39861,3000
39862,39862,1500
39863,39863,2500
39864,39864,3000
39865,39865,3000
39866,39866,500
39867,39867,3000
39868,39868,3000
39869,39869,500
39870,39870,2000
39871,39871,1500
39872,39872,3000
39873,39873,1500
39874,39874,3000
39875,39875,2000
39876,39876,3000
39877,39877,3000
39878,39878,2500
39879,39879,1500
39880,39880,2500
39881,39881,1000
39882,39882,2000
39883,39883,2500
39884,39884,3000
39885,39885,3000
39886,39886,2000
39887,39887,500
39888,39888,1500
39889,39889,500
39890,39890,3000
39891,39891,1000
39892,39892,2500
39893,39893,3000
39894,39894,500
39895,39895,2500
39896,39896,3000
39897,39897,500
39898,39898,1500
39899,39899,1500
39900,39900,1500
39901,39901,1500
39902,39902,3000
39903,39903,1500
39904,39904,3000
39905,39905,1500
39906,39906,3000
39907,39907,1500
39908,39908,1000
39909,39909,1500
39910,39910,1500
39911,39911,2500
39912,39912,2000
39913,39913,1000
39914,39914,1000
39915,39915,3000
39916,39916,2000
39917,39917,2500
39918,39918,500
39919,39919,3000
39920,39920,2000
39921,39921,3000
39922,39922,3000
39923,39923,2000
39924,39924,3000
39925,39925,2000
39926,39926,1500
39927,39927,2500
39928,39928,3000
39929,39929,1500
39930,39930,1500
39931,39931,2500
39932,39932,500
39933,39933,3000
39934,39934,1500
39935,39935,500
39936,39936,1000
39937,39937,3000
39938,39938,2000
39939,39939,2000
39940,39940,3000
39941,39941,1500
39942,39942,3000
39943,39943,1500
39944,39944,3000
39945,39945,3000
39946,39946,2500
39947,39947,2000
39948,39948,3000
39949,39949,3000
39950,39950,1500
39951,39951,2000
39952,39952,3000
39953,39953,3000
39954,39954,1000
39955,39955,2500
39956,39956,1500
39957,39957,3000
39958,39958,1500
39959,39959,3000
39960,39960,2500
39961,39961,2000
39962,39962,1500
39963,39963,3000
39964,39964,1000
39965,39965,500
39966,39966,1500
39967,39967,3000
39968,39968,3000
39969,39969,1000
